DosingSystemType,1003,ObjectType
OperationType,1004,ObjectType
MaterialConsumptionType,1005,ObjectType
ContinuousComponentType,1006,ObjectType
MixingType,1007,ObjectType
ComponentsType,1008,ObjectType
ComponentType,1009,ObjectType
DosingMaintenanceType,1010,ObjectType
WeighingProcessType,1011,ObjectType
LevelsType,1012,ObjectType
DosingMaterialType,1013,ObjectType
BatchComponentType,1015,ObjectType
ActivateRemoteControl,3003,DataType
RemoteControlActivated,3006,DataType
ComponentStateEnumeration,3008,DataType
DosingModeEnumeration,3011,DataType
Server_Namespaces_http___opcfoundation_org_UA_PlasticsRubber_Dosing_,5001,Object
DosingSystemType_Identification,5002,Object
DosingSystemType_MachineryBuildingBlocks,5003,Object
DosingSystemType_MachineConfiguration,5004,Object
DosingSystemType_Operation,5005,Object
DosingSystemType_Feeder,5006,Object
DosingSystemType_MachineryBuildingBlocks_MachineryItemState,5007,Object
DosingSystemType_MachineryBuildingBlocks_MachineryOperationMode,5008,Object
OperationType_Components,5009,Object
OperationType_Throughput,5010,Object
OperationType_ShotWeight,5011,Object
OperationType_Mixing,5012,Object
OperationType_BatchWeight,5013,Object
OperationType_Components_Component_Nr_Throughput,5014,Object
OperationType_Maintenance,5015,Object
OperationType_ProductionDataSetManagement,5016,Object
OperationType_ProductionDataSetManagement_ActiveProductionDatasetStatus,5017,Object
OperationType_ProductionDataSetManagement_ProductionDatasetTransfer,5018,Object
OperationType_ElectricalEnergy,5019,Object
ComponentType_Throughput,5020,Object
ComponentType_ElectricalEnergy,5021,Object
ComponentType_Material,5022,Object
ComponentType_MaterialConsumption,5023,Object
ComponentType_Levels,5024,Object
ContinuousComponentType_Percentage,5025,Object
ContinuousComponentType_WeighingProcess,5026,Object
ContinuousComponentType_DrivePercentage,5027,Object
BatchComponentType_Percentage,5028,Object
OperationType_Components_Component_Nr,5029,Object
ComponentsType_Component_Nr,5030,Object
DosingSystemType_Operation_Components,5031,Object
LevelsType_Level,5032,Object
ComponentType_Levels_Level,5033,Object
ComponentsType_Component_Nr_ElectricalEnergy,5034,Object
ComponentsType_Component_Nr_Levels,5035,Object
ComponentsType_Component_Nr_Levels_Level,5036,Object
DosingSystemType_Feeder_DrivePercentage,5037,Object
ComponentsType_Component_Nr_MaterialConsumption,5038,Object
ComponentType_Throughput_ClosedLoopControl,5039,Object
OperationType_Components_Component_Nr_ElectricalEnergy,5040,Object
OperationType_Components_Component_Nr_Levels,5041,Object
OperationType_Components_Component_Nr_Levels_Level,5042,Object
DosingSystemType_Feeder_Percentage,5043,Object
OperationType_Components_Component_Nr_MaterialConsumption,5044,Object
OperationType_Throughput_ClosedLoopControl,5045,Object
OperationType_ProductionDataSetManagement_ProductionDatasetInPreparationStatus,5046,Object
OperationType_ProductionDataSetManagement_ProductionDatasetLists,5047,Object
DosingSystemType_Feeder_WeighingProcess,5048,Object
DosingSystemType_Feeder_ElectricalEnergy,5049,Object
DosingSystemType_Feeder_Levels,5050,Object
DosingSystemType_Feeder_Levels_Level,5051,Object
DosingSystemType_Feeder_Material,5052,Object
OperationType_ShotWeight_ClosedLoopControl,5053,Object
OperationType_BatchWeight_ClosedLoopControl,5054,Object
DosingSystemType_Operation_ElectricalEnergy,5055,Object
DosingSystemType_Operation_Maintenance,5056,Object
DosingSystemType_Feeder_MaterialConsumption,5057,Object
DosingSystemType_Operation_Mixing,5058,Object
DosingSystemType_Operation_ProductionDataSetManagement,5059,Object
DosingSystemType_Operation_ProductionDataSetManagement_ActiveProductionDatasetStatus,5060,Object
DosingSystemType_Operation_ProductionDataSetManagement_ProductionDatasetTransfer,5061,Object
BatchComponentType_Percentage_ClosedLoopControl,5062,Object
ContinuousComponentType_DrivePercentage_ClosedLoopControl,5063,Object
DosingSystemType_Operation_ProductionDataSetManagement_ProductionDatasetInPreparationStatus,5064,Object
DosingSystemType_Operation_ProductionDataSetManagement_ProductionDatasetLists,5065,Object
ContinuousComponentType_Percentage_ClosedLoopControl,5066,Object
DosingSystemType_Feeder_Throughput,5067,Object
DosingSystemType_Operation_Components_Component_Nr,5068,Object
DosingSystemType_Operation_BatchWeight,5069,Object
DosingSystemType_Operation_ShotWeight,5070,Object
DosingSystemType_Operation_Throughput,5071,Object
DosingSystemType_Operation_BatchWeight_ClosedLoopControl,5072,Object
DosingSystemType_Operation_ShotWeight_ClosedLoopControl,5073,Object
DosingSystemType_Operation_Throughput_ClosedLoopControl,5074,Object
ComponentsType_Component_Nr_Throughput,5075,Object
ComponentsType_Component_Nr_Throughput_ClosedLoopControl,5076,Object
DosingSystemType_Operation_Components_Component_Nr_ElectricalEnergy,5077,Object
DosingSystemType_Operation_Components_Component_Nr_Levels,5078,Object
DosingSystemType_Operation_Components_Component_Nr_Levels_Level,5079,Object
DosingSystemType_Operation_Components_Component_Nr_Material,5080,Object
DosingSystemType_Operation_Components_Component_Nr_MaterialConsumption,5081,Object
DosingSystemType_Operation_Components_Component_Nr_Throughput,5082,Object
DosingSystemType_Operation_Components_Component_Nr_Throughput_ClosedLoopControl,5083,Object
Server_Namespaces_http___opcfoundation_org_UA_PlasticsRubber_Dosing__IsNamespaceSubset,6001,Variable
Server_Namespaces_http___opcfoundation_org_UA_PlasticsRubber_Dosing__NamespacePublicationDate,6002,Variable
Server_Namespaces_http___opcfoundation_org_UA_PlasticsRubber_Dosing__NamespaceUri,6003,Variable
Server_Namespaces_http___opcfoundation_org_UA_PlasticsRubber_Dosing__NamespaceVersion,6004,Variable
Server_Namespaces_http___opcfoundation_org_UA_PlasticsRubber_Dosing__StaticNodeIdTypes,6005,Variable
Server_Namespaces_http___opcfoundation_org_UA_PlasticsRubber_Dosing__StaticNumericNodeIdRange,6006,Variable
Server_Namespaces_http___opcfoundation_org_UA_PlasticsRubber_Dosing__StaticStringNodeIdPattern,6007,Variable
DosingSystemType_Identification_ProductInstanceUri,6008,Variable
DosingSystemType_Identification_Manufacturer,6009,Variable
DosingSystemType_Identification_SerialNumber,6010,Variable
DosingSystemType_MachineConfiguration_LocationName,6011,Variable
DosingSystemType_MachineConfiguration_SetMachineTime_InputArguments,6012,Variable
DosingSystemType_MachineConfiguration_TimeZoneOffset,6013,Variable
DosingSystemType_MachineConfiguration_UserMachineName,6014,Variable
DosingSystemType_DisplayLanguage,6015,Variable
DosingSystemType_IsContinuous,6016,Variable
DosingSystemType_DeviceMappingNumber,6017,Variable
DosingMaterialType_MaterialClass,6018,Variable
DosingMaterialType_MaterialClass_EnumValues,6019,Variable
DosingSystemType_MachineryBuildingBlocks_MachineryItemState_CurrentState,6020,Variable
DosingSystemType_MachineryBuildingBlocks_MachineryItemState_CurrentState_Id,6021,Variable
DosingSystemType_MachineryBuildingBlocks_MachineryOperationMode_CurrentState,6022,Variable
DosingSystemType_MachineryBuildingBlocks_MachineryOperationMode_CurrentState_Id,6023,Variable
OperationType_IsActive,6024,Variable
OperationType_SetActive,6025,Variable
OperationType_Throughput_ActualValue,6026,Variable
OperationType_RemoteControlOpcUa,6027,Variable
OperationType_PurgeDuration,6028,Variable
DosingSystemType_Operation_RemoteControlOpcUa,6029,Variable
DosingSystemType_Operation_PurgeDuration,6030,Variable
MixingType_MixingInterval,6031,Variable
MixingType_MixingMode,6032,Variable
OperationType_Throughput_ActualValue_EURange,6033,Variable
OperationType_ShotWeight_ActualValue,6034,Variable
OperationType_ShotWeight_ActualValue_EURange,6035,Variable
OperationType_BatchWeight_ActualValue,6036,Variable
OperationType_DosingDuration,6037,Variable
OperationType_BatchWeight_ActualValue_EURange,6038,Variable
OperationType_BatchWeight_ActualValue_Definition,6039,Variable
OperationType_Maintenance_Interval,6040,Variable
OperationType_ProductionDataSetManagement_ActiveProductionDatasetStatus_Information,6041,Variable
OperationType_ProductionDataSetManagement_ProductionDatasetTransfer_ClientProcessingTimeout,6042,Variable
OperationType_ProductionDataSetManagement_ProductionDatasetTransfer_CloseAndCommit_InputArguments,6043,Variable
OperationType_ProductionDataSetManagement_ProductionDatasetTransfer_CloseAndCommit_OutputArguments,6044,Variable
OperationType_ProductionDataSetManagement_ProductionDatasetTransfer_GenerateFileForRead_InputArguments,6045,Variable
OperationType_ProductionDataSetManagement_ProductionDatasetTransfer_GenerateFileForRead_OutputArguments,6046,Variable
OperationType_ProductionDataSetManagement_ProductionDatasetTransfer_GenerateFileForWrite_InputArguments,6047,Variable
OperationType_ProductionDataSetManagement_ProductionDatasetTransfer_GenerateFileForWrite_OutputArguments,6048,Variable
OperationType_HighestActiveAlarmSeverity,6049,Variable
OperationType_ActiveErrors,6050,Variable
MixingType_MixingMode_EnumValues,6051,Variable
ComponentType_Weight,6052,Variable
ComponentType_BulkDensity,6053,Variable
LevelsType_Level_ActualValue,6054,Variable
WeighingProcessType_TestWeight,6055,Variable
WeighingProcessType_TestWeight_EngineeringUnits,6056,Variable
MixingType_MixingDuration,6057,Variable
MixingType_IdleMixing,6058,Variable
MaterialConsumptionType_TotalConsumption,6059,Variable
MaterialConsumptionType_TotalConsumption_EngineeringUnits,6060,Variable
MaterialConsumptionType_Scrap,6061,Variable
MaterialConsumptionType_Scrap_EngineeringUnits,6062,Variable
OperationType_Components_Component_Nr_Levels_Filling,6063,Variable
ComponentType_IsPresent,6064,Variable
ComponentType_IsActive,6065,Variable
ComponentType_SetActive,6066,Variable
ComponentType_State,6067,Variable
ComponentType_FeedRateScalingFactor,6068,Variable
ComponentType_Throughput_ActualValue,6069,Variable
ComponentType_Throughput_ActualValue_EURange,6070,Variable
ComponentType_DosingMode,6071,Variable
ComponentType_DosingMode_EnumValues,6072,Variable
ComponentType_DosingMode_ValueAsText,6073,Variable
ComponentType_Material_MaterialClass,6074,Variable
ComponentType_Material_MaterialClass_EnumValues,6075,Variable
ComponentType_Material_MaterialClass_ValueAsText,6076,Variable
ComponentType_Material_Density,6077,Variable
ComponentType_MaterialConsumption_TotalConsumption,6078,Variable
ComponentType_MaterialConsumption_TotalConsumption_EngineeringUnits,6079,Variable
WeighingProcessType_TestWeight_EURange,6080,Variable
ContinuousComponentType_WeighingProcess_TestWeight,6081,Variable
ContinuousComponentType_WeighingProcess_TestWeight_EngineeringUnits,6082,Variable
ContinuousComponentType_WeighingProcess_TestWeight_EURange,6083,Variable
LevelsType_Level_ActualValue_EURange,6084,Variable
LevelsType_Filling,6085,Variable
ContinuousComponentType_Percentage_ActualValue,6086,Variable
ContinuousComponentType_Percentage_ActualValue_EURange,6087,Variable
ContinuousComponentType_DrivePercentage_ActualValue,6088,Variable
ContinuousComponentType_DrivePercentage_ActualValue_EURange,6089,Variable
ComponentStateEnumeration_EnumValues,6090,Variable
OperationType_BatchWeight_ActualValue_EngineeringUnits,6091,Variable
WeighingProcessType_WeighingTime,6092,Variable
BatchComponentType_Percentage_ActualValue,6093,Variable
BatchComponentType_Percentage_ActualValue_EURange,6094,Variable
DosingSystemType_Feeder_DosingMode,6095,Variable
OperationType_Components_Component_Nr_State,6096,Variable
ComponentsType_Component_Nr_State,6097,Variable
DosingSystemType_Operation_ActiveErrors,6098,Variable
DosingSystemType_Operation_HighestActiveAlarmSeverity,6099,Variable
ComponentType_Levels_Level_ActualValue,6100,Variable
ComponentType_Levels_Level_ActualValue_EURange,6101,Variable
OperationType_EnableDosingOpcUa,6102,Variable
DosingSystemType_Feeder_DosingMode_EnumValues,6103,Variable
DosingSystemType_Feeder_DosingMode_ValueAsText,6104,Variable
DosingSystemType_Feeder_IsPresent,6105,Variable
DosingSystemType_Feeder_State,6106,Variable
OperationType_Components_Component_Nr_ElectricalEnergy_ActualPower_Definition,6107,Variable
ComponentsType_NodeVersion,6108,Variable
ComponentsType_Component_Nr_DosingMode,6109,Variable
ComponentsType_Component_Nr_DosingMode_EnumValues,6110,Variable
ComponentsType_Component_Nr_DosingMode_ValueAsText,6111,Variable
ComponentsType_Component_Nr_IsPresent,6112,Variable
OperationType_Components_Component_Nr_ElectricalEnergy_ActualPower_EURange,6113,Variable
OperationType_Components_Component_Nr_DosingMode,6114,Variable
OperationType_Components_Component_Nr_DosingMode_EnumValues,6115,Variable
OperationType_Components_Component_Nr_DosingMode_ValueAsText,6116,Variable
OperationType_Components_Component_Nr_IsPresent,6117,Variable
OperationType_Components_Component_Nr_ElectricalEnergy_ActualPower_InstrumentRange,6118,Variable
OperationType_Components_NodeVersion,6119,Variable
DosingSystemType_Operation_Components_NodeVersion,6120,Variable
DosingSystemType_Operation_EnableDosingOpcUa,6121,Variable
DosingSystemType_Feeder_DosingMode_Definition,6122,Variable
DosingSystemType_Feeder_DosingMode_ValuePrecision,6123,Variable
OperationType_Components_Component_Nr_ElectricalEnergy_ActualPower_ValuePrecision,6124,Variable
OperationType_Components_Component_Nr_ElectricalEnergy_ActualSpecificEnergy_Definition,6125,Variable
OperationType_Maintenance_Interval_EURange,6126,Variable
OperationType_Maintenance_Status,6127,Variable
DosingSystemType_Feeder_DrivePercentage_ActualValue,6128,Variable
DosingSystemType_Feeder_DrivePercentage_ActualValue_EURange,6129,Variable
DosingSystemType_Feeder_Percentage_ActualValue,6130,Variable
DosingSystemType_Feeder_Percentage_ActualValue_EURange,6131,Variable
ContinuousComponentType_WeighingProcess_WeighingTime,6132,Variable
OperationType_BatchWeight_ActualValue_InstrumentRange,6133,Variable
OperationType_BatchWeight_ActualValue_ValuePrecision,6134,Variable
RemoteControlActivated_EnumValues,6135,Variable
TypeDictionary_BinarySchema,6136,Variable
TypeDictionary_BinarySchema_NamespaceUri,6137,Variable
TypeDictionary_XmlSchema,6138,Variable
TypeDictionary_XmlSchema_NamespaceUri,6139,Variable
DosingMaterialType_MaterialClass_ValueAsText,6140,Variable
ActivateRemoteControl_EnumValues,6141,Variable
OperationType_ResetErrorById_InputArguments,6142,Variable
MixingType_MixingMode_ValueAsText,6143,Variable
DosingModeEnumeration_EnumValues,6144,Variable
OperationType_Mixing_MixingMode,6145,Variable
OperationType_Mixing_MixingMode_EnumValues,6146,Variable
OperationType_Mixing_MixingMode_ValueAsText,6147,Variable
ComponentType_BulkDensity_EngineeringUnits,6148,Variable
ComponentType_Weight_EngineeringUnits,6149,Variable
DosingMaintenanceType_Interval,6150,Variable
DosingMaintenanceType_Interval_EURange,6151,Variable
LevelsType_Level_ActualValue_EngineeringUnits,6152,Variable
LevelsType_Level_AlarmSuppression,6153,Variable
LevelsType_Level_AlarmSuppression_EnumValues,6154,Variable
LevelsType_Level_AlarmSuppression_ValueAsText,6155,Variable
LevelsType_Level_AutomaticMonitoring,6156,Variable
LevelsType_Level_LowerTolerance,6157,Variable
LevelsType_Level_LowerTolerance_EURange,6158,Variable
LevelsType_Level_LowerTolerance2,6159,Variable
LevelsType_Level_LowerTolerance2_EURange,6160,Variable
LevelsType_Level_MaxValue,6161,Variable
LevelsType_Level_MaxValue_EURange,6162,Variable
LevelsType_Level_MinValue,6163,Variable
LevelsType_Level_MinValue_EURange,6164,Variable
LevelsType_Level_MonitoringSensitivity,6165,Variable
LevelsType_Level_MonitoringSensitivity_EnumValues,6166,Variable
LevelsType_Level_MonitoringSensitivity_ValueAsText,6167,Variable
LevelsType_Level_SetRampDown,6168,Variable
LevelsType_Level_SetRampDown_EURange,6169,Variable
LevelsType_Level_SetRampUp,6170,Variable
LevelsType_Level_SetRampUp_EURange,6171,Variable
LevelsType_Level_SetValue,6172,Variable
LevelsType_Level_SetValue_EURange,6173,Variable
LevelsType_Level_Status,6174,Variable
LevelsType_Level_Status_EnumValues,6175,Variable
LevelsType_Level_Status_ValueAsText,6176,Variable
LevelsType_Level_UpperTolerance,6177,Variable
LevelsType_Level_UpperTolerance_EURange,6178,Variable
LevelsType_Level_UpperTolerance2,6179,Variable
LevelsType_Level_UpperTolerance2_EURange,6180,Variable
LevelsType_Level_LowerTolerance_EngineeringUnits,6181,Variable
LevelsType_Level_LowerTolerance2_EngineeringUnits,6182,Variable
LevelsType_Level_MaxValue_EngineeringUnits,6183,Variable
LevelsType_Level_MinValue_EngineeringUnits,6184,Variable
LevelsType_Level_SetRampDown_EngineeringUnits,6185,Variable
LevelsType_Level_SetRampUp_EngineeringUnits,6186,Variable
LevelsType_Level_SetValue_EngineeringUnits,6187,Variable
LevelsType_Level_UpperTolerance_EngineeringUnits,6188,Variable
LevelsType_Level_UpperTolerance2_EngineeringUnits,6189,Variable
DosingMaintenanceType_Interval_Definition,6190,Variable
DosingMaintenanceType_Interval_EngineeringUnits,6191,Variable
WeighingProcessType_TestWeight_Definition,6192,Variable
WeighingProcessType_TestWeight_InstrumentRange,6193,Variable
WeighingProcessType_TestWeight_ValuePrecision,6194,Variable
ComponentType_BulkDensity_Definition,6195,Variable
ComponentType_BulkDensity_EURange,6196,Variable
ComponentType_BulkDensity_InstrumentRange,6197,Variable
ComponentType_BulkDensity_ValuePrecision,6198,Variable
ComponentType_DosingMode_Definition,6199,Variable
ComponentType_DosingMode_ValuePrecision,6200,Variable
ComponentType_ElectricalEnergy_ActualPower,6201,Variable
ComponentType_ElectricalEnergy_ActualPower_EngineeringUnits,6202,Variable
ComponentType_ElectricalEnergy_ActualSpecificEnergy,6203,Variable
ComponentType_ElectricalEnergy_ActualSpecificEnergy_EngineeringUnits,6204,Variable
ComponentType_ElectricalEnergy_PowerConsumption,6205,Variable
ComponentType_ElectricalEnergy_PowerConsumption_EngineeringUnits,6206,Variable
ComponentType_ElectricalEnergy_PowerFactor,6207,Variable
ComponentType_Levels_Level_AlarmSuppression,6208,Variable
ComponentType_Levels_Level_AlarmSuppression_EnumValues,6209,Variable
ComponentType_Levels_Level_AlarmSuppression_ValueAsText,6210,Variable
ComponentType_Levels_Level_AutomaticMonitoring,6211,Variable
ComponentType_Levels_Level_LowerTolerance,6212,Variable
ComponentType_Levels_Level_LowerTolerance_EURange,6213,Variable
ComponentType_Levels_Level_LowerTolerance2,6214,Variable
ComponentType_Levels_Level_LowerTolerance2_EURange,6215,Variable
ComponentType_Levels_Level_MaxValue,6216,Variable
ComponentType_Levels_Level_MaxValue_EURange,6217,Variable
ComponentType_Levels_Level_MinValue,6218,Variable
ComponentType_Levels_Level_MinValue_EURange,6219,Variable
ComponentType_Levels_Level_MonitoringSensitivity,6220,Variable
ComponentType_Levels_Level_MonitoringSensitivity_EnumValues,6221,Variable
ComponentType_Levels_Level_MonitoringSensitivity_ValueAsText,6222,Variable
ComponentType_Levels_Level_SetRampDown,6223,Variable
ComponentType_Levels_Level_SetRampDown_EURange,6224,Variable
ComponentType_Levels_Level_SetRampUp,6225,Variable
ComponentType_Levels_Level_SetRampUp_EURange,6226,Variable
ComponentType_Levels_Level_SetValue,6227,Variable
ComponentType_Levels_Level_SetValue_EURange,6228,Variable
ComponentType_Levels_Level_Status,6229,Variable
ComponentType_Levels_Level_Status_EnumValues,6230,Variable
ComponentType_Levels_Level_Status_ValueAsText,6231,Variable
ComponentType_Levels_Level_UpperTolerance,6232,Variable
ComponentType_Levels_Level_UpperTolerance_EURange,6233,Variable
ComponentType_Levels_Level_UpperTolerance2,6234,Variable
ComponentType_Levels_Level_UpperTolerance2_EURange,6235,Variable
ComponentType_Levels_Level_ActualValue_EngineeringUnits,6236,Variable
ComponentType_Levels_Level_LowerTolerance_EngineeringUnits,6237,Variable
ComponentType_Levels_Level_LowerTolerance2_EngineeringUnits,6238,Variable
ComponentType_Levels_Level_MaxValue_EngineeringUnits,6239,Variable
ComponentType_Levels_Level_MinValue_EngineeringUnits,6240,Variable
ComponentType_Levels_Level_SetRampDown_EngineeringUnits,6241,Variable
ComponentType_Levels_Level_SetRampUp_EngineeringUnits,6242,Variable
ComponentType_Levels_Level_SetValue_EngineeringUnits,6243,Variable
ComponentType_Levels_Level_UpperTolerance_EngineeringUnits,6244,Variable
ComponentType_Levels_Level_UpperTolerance2_EngineeringUnits,6245,Variable
DosingMaintenanceType_Interval_InstrumentRange,6246,Variable
DosingMaintenanceType_Interval_ValuePrecision,6247,Variable
OperationType_Maintenance_Interval_Definition,6248,Variable
MaterialConsumptionType_Scrap_Definition,6249,Variable
MaterialConsumptionType_Scrap_EURange,6250,Variable
MaterialConsumptionType_Scrap_InstrumentRange,6251,Variable
MaterialConsumptionType_Scrap_ValuePrecision,6252,Variable
MaterialConsumptionType_TotalConsumption_Definition,6253,Variable
MaterialConsumptionType_TotalConsumption_EURange,6254,Variable
MaterialConsumptionType_TotalConsumption_InstrumentRange,6255,Variable
MaterialConsumptionType_TotalConsumption_ValuePrecision,6256,Variable
ComponentType_MaterialConsumption_TotalConsumption_Definition,6257,Variable
ComponentType_MaterialConsumption_TotalConsumption_EURange,6258,Variable
ComponentType_MaterialConsumption_TotalConsumption_InstrumentRange,6259,Variable
ComponentType_MaterialConsumption_TotalConsumption_ValuePrecision,6260,Variable
ComponentType_MaterialConsumption_Scrap,6261,Variable
ComponentType_MaterialConsumption_Scrap_EngineeringUnits,6262,Variable
ComponentType_MaterialConsumption_Scrap_Definition,6263,Variable
ComponentType_MaterialConsumption_Scrap_EURange,6264,Variable
ComponentType_MaterialConsumption_Scrap_InstrumentRange,6265,Variable
ComponentType_MaterialConsumption_Scrap_ValuePrecision,6266,Variable
ComponentType_Throughput_ActualValue_Definition,6267,Variable
ComponentType_Throughput_ActualValue_EngineeringUnits,6268,Variable
ComponentType_Throughput_ActualValue_InstrumentRange,6269,Variable
ComponentType_Throughput_ActualValue_ValuePrecision,6270,Variable
ComponentType_Throughput_AlarmSuppression,6271,Variable
ComponentType_Throughput_AlarmSuppression_EnumValues,6272,Variable
ComponentType_Throughput_AlarmSuppression_ValueAsText,6273,Variable
ComponentType_Throughput_AutomaticMonitoring,6274,Variable
ComponentType_Throughput_LowerTolerance,6275,Variable
ComponentType_Throughput_LowerTolerance_EURange,6276,Variable
ComponentType_Throughput_LowerTolerance2,6277,Variable
ComponentType_Throughput_LowerTolerance2_EURange,6278,Variable
ComponentType_Throughput_MaxValue,6279,Variable
ComponentType_Throughput_MaxValue_EURange,6280,Variable
ComponentType_Throughput_MinValue,6281,Variable
ComponentType_Throughput_MinValue_EURange,6282,Variable
ComponentType_Throughput_MonitoringSensitivity,6283,Variable
ComponentType_Throughput_MonitoringSensitivity_EnumValues,6284,Variable
ComponentType_Throughput_MonitoringSensitivity_ValueAsText,6285,Variable
ComponentType_Throughput_SetRampDown,6286,Variable
ComponentType_Throughput_SetRampDown_EURange,6287,Variable
ComponentType_Throughput_SetRampUp,6288,Variable
ComponentType_Throughput_SetRampUp_EURange,6289,Variable
ComponentType_Throughput_SetValue,6290,Variable
ComponentType_Throughput_SetValue_EURange,6291,Variable
ComponentType_Throughput_Status,6292,Variable
ComponentType_Throughput_Status_EnumValues,6293,Variable
ComponentType_Throughput_Status_ValueAsText,6294,Variable
ComponentType_Throughput_UpperTolerance,6295,Variable
ComponentType_Throughput_UpperTolerance_EURange,6296,Variable
ComponentType_Throughput_UpperTolerance2,6297,Variable
ComponentType_Throughput_UpperTolerance2_EURange,6298,Variable
ComponentType_Throughput_AlarmSuppression_Definition,6299,Variable
ComponentType_Throughput_AlarmSuppression_ValuePrecision,6300,Variable
ComponentType_Throughput_ClosedLoopControl_AutoTuningActive,6301,Variable
ComponentType_Throughput_ClosedLoopControl_AutomaticControllerMode,6302,Variable
ComponentType_Throughput_ClosedLoopControl_PIDParameters,6303,Variable
ComponentType_Throughput_LowerTolerance_Definition,6304,Variable
ComponentType_Weight_Definition,6305,Variable
ComponentType_Weight_EURange,6306,Variable
ComponentType_Weight_InstrumentRange,6307,Variable
ComponentType_Weight_ValuePrecision,6308,Variable
BatchComponentType_Percentage_ActualValue_Definition,6309,Variable
BatchComponentType_Percentage_ActualValue_EngineeringUnits,6310,Variable
BatchComponentType_Percentage_ActualValue_InstrumentRange,6311,Variable
BatchComponentType_Percentage_ActualValue_ValuePrecision,6312,Variable
BatchComponentType_Percentage_AlarmSuppression,6313,Variable
BatchComponentType_Percentage_AlarmSuppression_EnumValues,6314,Variable
BatchComponentType_Percentage_AlarmSuppression_ValueAsText,6315,Variable
BatchComponentType_Percentage_AutomaticMonitoring,6316,Variable
BatchComponentType_Percentage_LowerTolerance,6317,Variable
BatchComponentType_Percentage_LowerTolerance_EURange,6318,Variable
BatchComponentType_Percentage_LowerTolerance2,6319,Variable
BatchComponentType_Percentage_LowerTolerance2_EURange,6320,Variable
BatchComponentType_Percentage_MaxValue,6321,Variable
BatchComponentType_Percentage_MaxValue_EURange,6322,Variable
BatchComponentType_Percentage_MinValue,6323,Variable
BatchComponentType_Percentage_MinValue_EURange,6324,Variable
BatchComponentType_Percentage_MonitoringSensitivity,6325,Variable
BatchComponentType_Percentage_MonitoringSensitivity_EnumValues,6326,Variable
BatchComponentType_Percentage_MonitoringSensitivity_ValueAsText,6327,Variable
BatchComponentType_Percentage_SetRampDown,6328,Variable
BatchComponentType_Percentage_SetRampDown_EURange,6329,Variable
BatchComponentType_Percentage_SetRampUp,6330,Variable
BatchComponentType_Percentage_SetRampUp_EURange,6331,Variable
BatchComponentType_Percentage_SetValue,6332,Variable
BatchComponentType_Percentage_SetValue_EURange,6333,Variable
BatchComponentType_Percentage_Status,6334,Variable
BatchComponentType_Percentage_Status_EnumValues,6335,Variable
BatchComponentType_Percentage_Status_ValueAsText,6336,Variable
BatchComponentType_Percentage_UpperTolerance,6337,Variable
BatchComponentType_Percentage_UpperTolerance_EURange,6338,Variable
BatchComponentType_Percentage_UpperTolerance2,6339,Variable
BatchComponentType_Percentage_UpperTolerance2_EURange,6340,Variable
BatchComponentType_Percentage_AlarmSuppression_Definition,6341,Variable
BatchComponentType_Percentage_AlarmSuppression_ValuePrecision,6342,Variable
BatchComponentType_Percentage_ClosedLoopControl_AutoTuningActive,6343,Variable
BatchComponentType_Percentage_ClosedLoopControl_AutomaticControllerMode,6344,Variable
BatchComponentType_Percentage_ClosedLoopControl_PIDParameters,6345,Variable
BatchComponentType_Percentage_LowerTolerance_Definition,6346,Variable
ContinuousComponentType_DrivePercentage_ActualValue_Definition,6347,Variable
ContinuousComponentType_DrivePercentage_ActualValue_EngineeringUnits,6348,Variable
ContinuousComponentType_DrivePercentage_ActualValue_InstrumentRange,6349,Variable
ContinuousComponentType_DrivePercentage_ActualValue_ValuePrecision,6350,Variable
ContinuousComponentType_DrivePercentage_AlarmSuppression,6351,Variable
ContinuousComponentType_DrivePercentage_AlarmSuppression_EnumValues,6352,Variable
ContinuousComponentType_DrivePercentage_AlarmSuppression_ValueAsText,6353,Variable
ContinuousComponentType_DrivePercentage_AutomaticMonitoring,6354,Variable
ContinuousComponentType_DrivePercentage_LowerTolerance,6355,Variable
ContinuousComponentType_DrivePercentage_LowerTolerance_EURange,6356,Variable
ContinuousComponentType_DrivePercentage_LowerTolerance2,6357,Variable
ContinuousComponentType_DrivePercentage_LowerTolerance2_EURange,6358,Variable
ContinuousComponentType_DrivePercentage_MaxValue,6359,Variable
ContinuousComponentType_DrivePercentage_MaxValue_EURange,6360,Variable
ContinuousComponentType_DrivePercentage_MinValue,6361,Variable
ContinuousComponentType_DrivePercentage_MinValue_EURange,6362,Variable
ContinuousComponentType_DrivePercentage_MonitoringSensitivity,6363,Variable
ContinuousComponentType_DrivePercentage_MonitoringSensitivity_EnumValues,6364,Variable
ContinuousComponentType_DrivePercentage_MonitoringSensitivity_ValueAsText,6365,Variable
ContinuousComponentType_DrivePercentage_SetRampDown,6366,Variable
ContinuousComponentType_DrivePercentage_SetRampDown_EURange,6367,Variable
ContinuousComponentType_DrivePercentage_SetRampUp,6368,Variable
ContinuousComponentType_DrivePercentage_SetRampUp_EURange,6369,Variable
ContinuousComponentType_DrivePercentage_SetValue,6370,Variable
ContinuousComponentType_DrivePercentage_SetValue_EURange,6371,Variable
ContinuousComponentType_DrivePercentage_Status,6372,Variable
ContinuousComponentType_DrivePercentage_Status_EnumValues,6373,Variable
ContinuousComponentType_DrivePercentage_Status_ValueAsText,6374,Variable
ContinuousComponentType_DrivePercentage_UpperTolerance,6375,Variable
ContinuousComponentType_DrivePercentage_UpperTolerance_EURange,6376,Variable
ContinuousComponentType_DrivePercentage_UpperTolerance2,6377,Variable
ContinuousComponentType_DrivePercentage_UpperTolerance2_EURange,6378,Variable
ContinuousComponentType_DrivePercentage_AlarmSuppression_Definition,6379,Variable
ContinuousComponentType_DrivePercentage_AlarmSuppression_ValuePrecision,6380,Variable
ContinuousComponentType_DrivePercentage_ClosedLoopControl_AutoTuningActive,6381,Variable
ContinuousComponentType_DrivePercentage_ClosedLoopControl_AutomaticControllerMode,6382,Variable
ContinuousComponentType_DrivePercentage_ClosedLoopControl_PIDParameters,6383,Variable
ContinuousComponentType_DrivePercentage_LowerTolerance_Definition,6384,Variable
ContinuousComponentType_DrivePercentage_LowerTolerance_EngineeringUnits,6385,Variable
ContinuousComponentType_DrivePercentage_LowerTolerance_InstrumentRange,6386,Variable
ContinuousComponentType_DrivePercentage_LowerTolerance_ValuePrecision,6387,Variable
ContinuousComponentType_DrivePercentage_LowerTolerance2_Definition,6388,Variable
ContinuousComponentType_DrivePercentage_LowerTolerance2_EngineeringUnits,6389,Variable
ContinuousComponentType_DrivePercentage_LowerTolerance2_InstrumentRange,6390,Variable
ContinuousComponentType_DrivePercentage_LowerTolerance2_ValuePrecision,6391,Variable
ContinuousComponentType_DrivePercentage_MaxValue_Definition,6392,Variable
ContinuousComponentType_DrivePercentage_MaxValue_EngineeringUnits,6393,Variable
ContinuousComponentType_DrivePercentage_MaxValue_InstrumentRange,6394,Variable
ContinuousComponentType_DrivePercentage_MaxValue_ValuePrecision,6395,Variable
ContinuousComponentType_DrivePercentage_MinValue_Definition,6396,Variable
ContinuousComponentType_DrivePercentage_MinValue_EngineeringUnits,6397,Variable
ContinuousComponentType_DrivePercentage_MinValue_InstrumentRange,6398,Variable
ContinuousComponentType_DrivePercentage_MinValue_ValuePrecision,6399,Variable
ContinuousComponentType_DrivePercentage_MonitoringSensitivity_Definition,6400,Variable
ContinuousComponentType_DrivePercentage_MonitoringSensitivity_ValuePrecision,6401,Variable
ContinuousComponentType_DrivePercentage_SetRampDown_Definition,6402,Variable
ContinuousComponentType_DrivePercentage_SetRampDown_EngineeringUnits,6403,Variable
ContinuousComponentType_DrivePercentage_SetRampDown_InstrumentRange,6404,Variable
ContinuousComponentType_DrivePercentage_SetRampDown_ValuePrecision,6405,Variable
ContinuousComponentType_DrivePercentage_SetRampUp_Definition,6406,Variable
ContinuousComponentType_DrivePercentage_SetRampUp_EngineeringUnits,6407,Variable
ContinuousComponentType_DrivePercentage_SetRampUp_InstrumentRange,6408,Variable
ContinuousComponentType_DrivePercentage_SetRampUp_ValuePrecision,6409,Variable
ContinuousComponentType_DrivePercentage_SetValue_Definition,6410,Variable
ContinuousComponentType_DrivePercentage_SetValue_EngineeringUnits,6411,Variable
ContinuousComponentType_DrivePercentage_SetValue_InstrumentRange,6412,Variable
ContinuousComponentType_DrivePercentage_SetValue_ValuePrecision,6413,Variable
ContinuousComponentType_DrivePercentage_Status_Definition,6414,Variable
ContinuousComponentType_DrivePercentage_Status_ValuePrecision,6415,Variable
ContinuousComponentType_DrivePercentage_UpperTolerance_Definition,6416,Variable
ContinuousComponentType_DrivePercentage_UpperTolerance_EngineeringUnits,6417,Variable
ContinuousComponentType_DrivePercentage_UpperTolerance_InstrumentRange,6418,Variable
ContinuousComponentType_DrivePercentage_UpperTolerance_ValuePrecision,6419,Variable
ContinuousComponentType_DrivePercentage_UpperTolerance2_Definition,6420,Variable
ContinuousComponentType_DrivePercentage_UpperTolerance2_EngineeringUnits,6421,Variable
ContinuousComponentType_DrivePercentage_UpperTolerance2_InstrumentRange,6422,Variable
ContinuousComponentType_WeighingProcess_TestWeight_Definition,6423,Variable
ContinuousComponentType_WeighingProcess_TestWeight_InstrumentRange,6424,Variable
ContinuousComponentType_WeighingProcess_TestWeight_ValuePrecision,6425,Variable
ComponentsType_Component_Nr_DosingMode_Definition,6426,Variable
ComponentsType_Component_Nr_DosingMode_ValuePrecision,6427,Variable
ComponentsType_Component_Nr_BulkDensity,6428,Variable
ComponentsType_Component_Nr_BulkDensity_EngineeringUnits,6429,Variable
OperationType_Maintenance_Interval_InstrumentRange,6430,Variable
ComponentsType_Component_Nr_IsActive,6431,Variable
ComponentsType_Component_Nr_Levels_Level_ActualValue,6432,Variable
ComponentsType_Component_Nr_Levels_Level_ActualValue_EURange,6433,Variable
ComponentType_Material_Density_EngineeringUnits,6434,Variable
ComponentType_Material_Id,6435,Variable
ComponentType_Material_Name,6436,Variable
DosingSystemType_Feeder_WeighingProcess_TestWeight,6437,Variable
ComponentsType_Component_Nr_MaterialConsumption_TotalConsumption,6438,Variable
ComponentsType_Component_Nr_MaterialConsumption_TotalConsumption_EngineeringUnits,6439,Variable
ComponentsType_Component_Nr_SetActive,6440,Variable
ComponentType_Throughput_LowerTolerance_EngineeringUnits,6441,Variable
ComponentType_Throughput_LowerTolerance_InstrumentRange,6442,Variable
ComponentsType_Component_Nr_Weight,6443,Variable
ComponentsType_Component_Nr_Weight_EngineeringUnits,6444,Variable
ComponentsType_Component_Nr_BulkDensity_Definition,6445,Variable
ComponentsType_Component_Nr_BulkDensity_EURange,6446,Variable
ComponentsType_Component_Nr_BulkDensity_InstrumentRange,6447,Variable
ComponentsType_Component_Nr_BulkDensity_ValuePrecision,6448,Variable
ComponentsType_Component_Nr_ElectricalEnergy_ActualPower,6449,Variable
ComponentsType_Component_Nr_ElectricalEnergy_ActualPower_EngineeringUnits,6450,Variable
ComponentsType_Component_Nr_ElectricalEnergy_ActualSpecificEnergy,6451,Variable
ComponentsType_Component_Nr_ElectricalEnergy_ActualSpecificEnergy_EngineeringUnits,6452,Variable
ComponentsType_Component_Nr_ElectricalEnergy_PowerConsumption,6453,Variable
ComponentsType_Component_Nr_ElectricalEnergy_PowerConsumption_EngineeringUnits,6454,Variable
ComponentsType_Component_Nr_ElectricalEnergy_PowerFactor,6455,Variable
OperationType_Maintenance_Interval_ValuePrecision,6456,Variable
TypeDictionary_BinarySchema_Deprecated,6457,Variable
TypeDictionary_XmlSchema_Deprecated,6458,Variable
ComponentsType_Component_Nr_MaterialConsumption_Scrap,6459,Variable
ComponentsType_Component_Nr_MaterialConsumption_Scrap_EngineeringUnits,6460,Variable
ComponentType_Throughput_LowerTolerance_ValuePrecision,6461,Variable
ComponentType_Throughput_LowerTolerance2_Definition,6462,Variable
ComponentType_Throughput_LowerTolerance2_EngineeringUnits,6463,Variable
ComponentType_Throughput_LowerTolerance2_InstrumentRange,6464,Variable
ComponentType_Throughput_LowerTolerance2_ValuePrecision,6465,Variable
ComponentType_Throughput_MaxValue_Definition,6466,Variable
ComponentType_Throughput_MaxValue_EngineeringUnits,6467,Variable
ComponentType_Throughput_MaxValue_InstrumentRange,6468,Variable
ComponentType_Throughput_MaxValue_ValuePrecision,6469,Variable
ComponentType_Throughput_MinValue_Definition,6470,Variable
ComponentType_Throughput_MinValue_EngineeringUnits,6471,Variable
ComponentType_Throughput_MinValue_InstrumentRange,6472,Variable
ComponentType_Throughput_MinValue_ValuePrecision,6473,Variable
ComponentType_Throughput_MonitoringSensitivity_Definition,6474,Variable
ComponentType_Throughput_MonitoringSensitivity_ValuePrecision,6475,Variable
ComponentType_Throughput_SetRampDown_Definition,6476,Variable
ComponentType_Throughput_SetRampDown_EngineeringUnits,6477,Variable
ComponentType_Throughput_SetRampDown_InstrumentRange,6478,Variable
ComponentType_Throughput_SetRampDown_ValuePrecision,6479,Variable
ComponentType_Throughput_SetRampUp_Definition,6480,Variable
ComponentType_Throughput_SetRampUp_EngineeringUnits,6481,Variable
ComponentType_Throughput_SetRampUp_InstrumentRange,6482,Variable
ComponentType_Throughput_SetRampUp_ValuePrecision,6483,Variable
ComponentType_Throughput_SetValue_Definition,6484,Variable
ComponentType_Throughput_SetValue_EngineeringUnits,6485,Variable
ComponentType_Throughput_SetValue_InstrumentRange,6486,Variable
ComponentType_Throughput_SetValue_ValuePrecision,6487,Variable
ComponentType_Throughput_Status_Definition,6488,Variable
ComponentsType_Component_Nr_Weight_Definition,6489,Variable
ComponentsType_Component_Nr_Weight_EURange,6490,Variable
ComponentsType_Component_Nr_Weight_InstrumentRange,6491,Variable
ComponentsType_Component_Nr_Weight_ValuePrecision,6492,Variable
ComponentsType_Component_Nr_Levels_Level_AlarmSuppression,6493,Variable
ComponentsType_Component_Nr_Levels_Level_AlarmSuppression_EnumValues,6494,Variable
ComponentsType_Component_Nr_Levels_Level_AlarmSuppression_ValueAsText,6495,Variable
ComponentsType_Component_Nr_Levels_Level_AutomaticMonitoring,6496,Variable
ComponentsType_Component_Nr_Levels_Level_LowerTolerance,6497,Variable
ComponentsType_Component_Nr_Levels_Level_LowerTolerance_EURange,6498,Variable
ComponentsType_Component_Nr_Levels_Level_LowerTolerance2,6499,Variable
ComponentsType_Component_Nr_Levels_Level_LowerTolerance2_EURange,6500,Variable
ComponentsType_Component_Nr_Levels_Level_MaxValue,6501,Variable
ComponentsType_Component_Nr_Levels_Level_MaxValue_EURange,6502,Variable
ComponentsType_Component_Nr_Levels_Level_MinValue,6503,Variable
ComponentsType_Component_Nr_Levels_Level_MinValue_EURange,6504,Variable
ComponentsType_Component_Nr_Levels_Level_MonitoringSensitivity,6505,Variable
ComponentsType_Component_Nr_Levels_Level_MonitoringSensitivity_EnumValues,6506,Variable
ComponentsType_Component_Nr_Levels_Level_MonitoringSensitivity_ValueAsText,6507,Variable
ComponentsType_Component_Nr_Levels_Level_SetRampDown,6508,Variable
ComponentsType_Component_Nr_Levels_Level_SetRampDown_EURange,6509,Variable
ComponentsType_Component_Nr_Levels_Level_SetRampUp,6510,Variable
ComponentsType_Component_Nr_Levels_Level_SetRampUp_EURange,6511,Variable
ComponentsType_Component_Nr_Levels_Level_SetValue,6512,Variable
ComponentsType_Component_Nr_Levels_Level_SetValue_EURange,6513,Variable
ComponentsType_Component_Nr_Levels_Level_Status,6514,Variable
ComponentsType_Component_Nr_Levels_Level_Status_EnumValues,6515,Variable
ComponentsType_Component_Nr_Levels_Level_Status_ValueAsText,6516,Variable
ComponentsType_Component_Nr_Levels_Level_UpperTolerance,6517,Variable
ComponentsType_Component_Nr_Levels_Level_UpperTolerance_EURange,6518,Variable
ComponentsType_Component_Nr_Levels_Level_UpperTolerance2,6519,Variable
ComponentsType_Component_Nr_Levels_Level_UpperTolerance2_EURange,6520,Variable
ComponentsType_Component_Nr_MaterialConsumption_Scrap_Definition,6521,Variable
ComponentsType_Component_Nr_MaterialConsumption_Scrap_EURange,6522,Variable
ComponentsType_Component_Nr_MaterialConsumption_Scrap_InstrumentRange,6523,Variable
ComponentsType_Component_Nr_MaterialConsumption_Scrap_ValuePrecision,6524,Variable
ComponentsType_Component_Nr_MaterialConsumption_TotalConsumption_Definition,6525,Variable
ComponentsType_Component_Nr_MaterialConsumption_TotalConsumption_EURange,6526,Variable
ComponentsType_Component_Nr_MaterialConsumption_TotalConsumption_InstrumentRange,6527,Variable
ComponentsType_Component_Nr_MaterialConsumption_TotalConsumption_ValuePrecision,6528,Variable
ComponentType_Throughput_Status_ValuePrecision,6529,Variable
ComponentType_Throughput_UpperTolerance_Definition,6530,Variable
ComponentType_Throughput_UpperTolerance_EngineeringUnits,6531,Variable
ComponentType_Throughput_UpperTolerance_InstrumentRange,6532,Variable
ComponentType_Throughput_UpperTolerance_ValuePrecision,6533,Variable
ComponentType_Throughput_UpperTolerance2_Definition,6534,Variable
ComponentType_Throughput_UpperTolerance2_EngineeringUnits,6535,Variable
ComponentType_Throughput_UpperTolerance2_InstrumentRange,6536,Variable
ComponentType_Throughput_UpperTolerance2_ValuePrecision,6537,Variable
OperationType_Throughput_ActualValue_Definition,6538,Variable
ComponentsType_Component_Nr_Levels_Level_ActualValue_EngineeringUnits,6539,Variable
ComponentsType_Component_Nr_Levels_Level_LowerTolerance_EngineeringUnits,6540,Variable
ComponentsType_Component_Nr_Levels_Level_LowerTolerance2_EngineeringUnits,6541,Variable
ComponentsType_Component_Nr_Levels_Level_MaxValue_EngineeringUnits,6542,Variable
ComponentsType_Component_Nr_Levels_Level_MinValue_EngineeringUnits,6543,Variable
ComponentsType_Component_Nr_Levels_Level_SetRampDown_EngineeringUnits,6544,Variable
ComponentsType_Component_Nr_Levels_Level_SetRampUp_EngineeringUnits,6545,Variable
ComponentsType_Component_Nr_Levels_Level_SetValue_EngineeringUnits,6546,Variable
ComponentsType_Component_Nr_Levels_Level_UpperTolerance_EngineeringUnits,6547,Variable
ComponentsType_Component_Nr_Levels_Level_UpperTolerance2_EngineeringUnits,6548,Variable
DosingSystemType_Feeder_WeighingProcess_TestWeight_EngineeringUnits,6549,Variable
DosingSystemType_Feeder_WeighingProcess_TestWeight_EURange,6550,Variable
OperationType_BatchWeight_AlarmSuppression,6551,Variable
OperationType_BatchWeight_AlarmSuppression_EnumValues,6552,Variable
OperationType_BatchWeight_AlarmSuppression_ValueAsText,6553,Variable
OperationType_BatchWeight_AutomaticMonitoring,6554,Variable
OperationType_BatchWeight_LowerTolerance,6555,Variable
OperationType_BatchWeight_LowerTolerance_EURange,6556,Variable
OperationType_BatchWeight_LowerTolerance2,6557,Variable
OperationType_BatchWeight_LowerTolerance2_EURange,6558,Variable
OperationType_BatchWeight_MaxValue,6559,Variable
OperationType_BatchWeight_MaxValue_EURange,6560,Variable
OperationType_BatchWeight_MinValue,6561,Variable
OperationType_BatchWeight_MinValue_EURange,6562,Variable
OperationType_BatchWeight_MonitoringSensitivity,6563,Variable
OperationType_BatchWeight_MonitoringSensitivity_EnumValues,6564,Variable
OperationType_BatchWeight_MonitoringSensitivity_ValueAsText,6565,Variable
OperationType_BatchWeight_SetRampDown,6566,Variable
OperationType_BatchWeight_SetRampDown_EURange,6567,Variable
OperationType_BatchWeight_SetRampUp,6568,Variable
OperationType_BatchWeight_SetRampUp_EURange,6569,Variable
OperationType_BatchWeight_SetValue,6570,Variable
OperationType_BatchWeight_SetValue_EURange,6571,Variable
OperationType_BatchWeight_Status,6572,Variable
OperationType_BatchWeight_Status_EnumValues,6573,Variable
OperationType_BatchWeight_Status_ValueAsText,6574,Variable
OperationType_BatchWeight_UpperTolerance,6575,Variable
OperationType_BatchWeight_UpperTolerance_EURange,6576,Variable
OperationType_BatchWeight_UpperTolerance2,6577,Variable
OperationType_BatchWeight_UpperTolerance2_EURange,6578,Variable
BatchComponentType_Percentage_LowerTolerance_EngineeringUnits,6579,Variable
BatchComponentType_Percentage_LowerTolerance_InstrumentRange,6580,Variable
BatchComponentType_Percentage_LowerTolerance_ValuePrecision,6581,Variable
BatchComponentType_Percentage_LowerTolerance2_Definition,6582,Variable
BatchComponentType_Percentage_LowerTolerance2_EngineeringUnits,6583,Variable
BatchComponentType_Percentage_LowerTolerance2_InstrumentRange,6584,Variable
BatchComponentType_Percentage_LowerTolerance2_ValuePrecision,6585,Variable
BatchComponentType_Percentage_MaxValue_Definition,6586,Variable
BatchComponentType_Percentage_MaxValue_EngineeringUnits,6587,Variable
BatchComponentType_Percentage_MaxValue_InstrumentRange,6588,Variable
OperationType_Components_Component_Nr_DosingMode_Definition,6589,Variable
OperationType_Components_Component_Nr_DosingMode_ValuePrecision,6590,Variable
OperationType_Components_Component_Nr_BulkDensity,6591,Variable
OperationType_Components_Component_Nr_BulkDensity_EngineeringUnits,6592,Variable
BatchComponentType_Percentage_MaxValue_ValuePrecision,6593,Variable
OperationType_Components_Component_Nr_IsActive,6594,Variable
OperationType_Components_Component_Nr_Levels_Level_ActualValue,6595,Variable
OperationType_Components_Component_Nr_Levels_Level_ActualValue_EURange,6596,Variable
DosingSystemType_Feeder_WeighingProcess_WeighingTime,6597,Variable
DosingSystemType_Feeder_BulkDensity,6598,Variable
DosingSystemType_Feeder_BulkDensity_EngineeringUnits,6599,Variable
DosingSystemType_Feeder_FeedRateScalingFactor,6600,Variable
OperationType_Components_Component_Nr_MaterialConsumption_TotalConsumption,6601,Variable
OperationType_Components_Component_Nr_MaterialConsumption_TotalConsumption_EngineeringUnits,6602,Variable
OperationType_Components_Component_Nr_SetActive,6603,Variable
OperationType_Throughput_ActualValue_EngineeringUnits,6604,Variable
OperationType_Throughput_ActualValue_InstrumentRange,6605,Variable
OperationType_Components_Component_Nr_Weight,6606,Variable
OperationType_Components_Component_Nr_Weight_EngineeringUnits,6607,Variable
OperationType_Components_Component_Nr_BulkDensity_Definition,6608,Variable
OperationType_Components_Component_Nr_BulkDensity_EURange,6609,Variable
OperationType_Components_Component_Nr_BulkDensity_InstrumentRange,6610,Variable
OperationType_Components_Component_Nr_BulkDensity_ValuePrecision,6611,Variable
OperationType_Components_Component_Nr_ElectricalEnergy_ActualPower,6612,Variable
OperationType_Components_Component_Nr_ElectricalEnergy_ActualPower_EngineeringUnits,6613,Variable
OperationType_Components_Component_Nr_ElectricalEnergy_ActualSpecificEnergy,6614,Variable
OperationType_Components_Component_Nr_ElectricalEnergy_ActualSpecificEnergy_EngineeringUnits,6615,Variable
OperationType_Components_Component_Nr_ElectricalEnergy_PowerConsumption,6616,Variable
OperationType_Components_Component_Nr_ElectricalEnergy_PowerConsumption_EngineeringUnits,6617,Variable
OperationType_Components_Component_Nr_ElectricalEnergy_PowerFactor,6618,Variable
BatchComponentType_Percentage_MinValue_Definition,6619,Variable
BatchComponentType_Percentage_MinValue_EngineeringUnits,6620,Variable
BatchComponentType_Percentage_MinValue_InstrumentRange,6621,Variable
OperationType_Components_Component_Nr_MaterialConsumption_Scrap,6622,Variable
OperationType_Components_Component_Nr_MaterialConsumption_Scrap_EngineeringUnits,6623,Variable
OperationType_Throughput_ActualValue_ValuePrecision,6624,Variable
OperationType_Throughput_AlarmSuppression,6625,Variable
OperationType_Throughput_AlarmSuppression_EnumValues,6626,Variable
OperationType_Throughput_AlarmSuppression_ValueAsText,6627,Variable
OperationType_Throughput_AutomaticMonitoring,6628,Variable
OperationType_Throughput_LowerTolerance,6629,Variable
OperationType_Throughput_LowerTolerance_EURange,6630,Variable
OperationType_Throughput_LowerTolerance2,6631,Variable
OperationType_Throughput_LowerTolerance2_EURange,6632,Variable
OperationType_Throughput_MaxValue,6633,Variable
OperationType_Throughput_MaxValue_EURange,6634,Variable
OperationType_Throughput_MinValue,6635,Variable
OperationType_Throughput_MinValue_EURange,6636,Variable
OperationType_Throughput_MonitoringSensitivity,6637,Variable
OperationType_Throughput_MonitoringSensitivity_EnumValues,6638,Variable
OperationType_Throughput_MonitoringSensitivity_ValueAsText,6639,Variable
OperationType_Throughput_SetRampDown,6640,Variable
OperationType_Throughput_SetRampDown_EURange,6641,Variable
OperationType_Throughput_SetRampUp,6642,Variable
OperationType_Throughput_SetRampUp_EURange,6643,Variable
OperationType_Throughput_SetValue,6644,Variable
OperationType_Throughput_SetValue_EURange,6645,Variable
OperationType_Throughput_Status,6646,Variable
OperationType_Throughput_Status_EnumValues,6647,Variable
OperationType_Throughput_Status_ValueAsText,6648,Variable
OperationType_Throughput_UpperTolerance,6649,Variable
OperationType_Throughput_UpperTolerance_EURange,6650,Variable
OperationType_Throughput_UpperTolerance2,6651,Variable
OperationType_Components_Component_Nr_Weight_Definition,6652,Variable
OperationType_Components_Component_Nr_Weight_EURange,6653,Variable
OperationType_Components_Component_Nr_Weight_InstrumentRange,6654,Variable
OperationType_Components_Component_Nr_Weight_ValuePrecision,6655,Variable
OperationType_Components_Component_Nr_Levels_Level_AlarmSuppression,6656,Variable
OperationType_Components_Component_Nr_Levels_Level_AlarmSuppression_EnumValues,6657,Variable
OperationType_Components_Component_Nr_Levels_Level_AlarmSuppression_ValueAsText,6658,Variable
OperationType_Components_Component_Nr_Levels_Level_AutomaticMonitoring,6659,Variable
OperationType_Components_Component_Nr_Levels_Level_LowerTolerance,6660,Variable
OperationType_Components_Component_Nr_Levels_Level_LowerTolerance_EURange,6661,Variable
OperationType_Components_Component_Nr_Levels_Level_LowerTolerance2,6662,Variable
OperationType_Components_Component_Nr_Levels_Level_LowerTolerance2_EURange,6663,Variable
OperationType_Components_Component_Nr_Levels_Level_MaxValue,6664,Variable
OperationType_Components_Component_Nr_Levels_Level_MaxValue_EURange,6665,Variable
OperationType_Components_Component_Nr_Levels_Level_MinValue,6666,Variable
OperationType_Components_Component_Nr_Levels_Level_MinValue_EURange,6667,Variable
OperationType_Components_Component_Nr_Levels_Level_MonitoringSensitivity,6668,Variable
OperationType_Components_Component_Nr_Levels_Level_MonitoringSensitivity_EnumValues,6669,Variable
OperationType_Components_Component_Nr_Levels_Level_MonitoringSensitivity_ValueAsText,6670,Variable
OperationType_Components_Component_Nr_Levels_Level_SetRampDown,6671,Variable
OperationType_Components_Component_Nr_Levels_Level_SetRampDown_EURange,6672,Variable
OperationType_Components_Component_Nr_Levels_Level_SetRampUp,6673,Variable
OperationType_Components_Component_Nr_Levels_Level_SetRampUp_EURange,6674,Variable
OperationType_Components_Component_Nr_Levels_Level_SetValue,6675,Variable
OperationType_Components_Component_Nr_Levels_Level_SetValue_EURange,6676,Variable
OperationType_Components_Component_Nr_Levels_Level_Status,6677,Variable
OperationType_Components_Component_Nr_Levels_Level_Status_EnumValues,6678,Variable
OperationType_Components_Component_Nr_Levels_Level_Status_ValueAsText,6679,Variable
OperationType_Components_Component_Nr_Levels_Level_UpperTolerance,6680,Variable
OperationType_Components_Component_Nr_Levels_Level_UpperTolerance_EURange,6681,Variable
OperationType_Components_Component_Nr_Levels_Level_UpperTolerance2,6682,Variable
OperationType_Components_Component_Nr_Levels_Level_UpperTolerance2_EURange,6683,Variable
OperationType_Components_Component_Nr_MaterialConsumption_Scrap_Definition,6684,Variable
OperationType_Components_Component_Nr_MaterialConsumption_Scrap_EURange,6685,Variable
OperationType_Components_Component_Nr_MaterialConsumption_Scrap_InstrumentRange,6686,Variable
OperationType_Components_Component_Nr_MaterialConsumption_Scrap_ValuePrecision,6687,Variable
OperationType_Components_Component_Nr_MaterialConsumption_TotalConsumption_Definition,6688,Variable
OperationType_Components_Component_Nr_MaterialConsumption_TotalConsumption_EURange,6689,Variable
OperationType_Components_Component_Nr_MaterialConsumption_TotalConsumption_InstrumentRange,6690,Variable
OperationType_Components_Component_Nr_MaterialConsumption_TotalConsumption_ValuePrecision,6691,Variable
OperationType_Throughput_UpperTolerance2_EURange,6692,Variable
OperationType_Throughput_AlarmSuppression_Definition,6693,Variable
OperationType_Throughput_AlarmSuppression_ValuePrecision,6694,Variable
OperationType_Throughput_ClosedLoopControl_AutoTuningActive,6695,Variable
OperationType_Throughput_ClosedLoopControl_AutomaticControllerMode,6696,Variable
OperationType_Throughput_ClosedLoopControl_PIDParameters,6697,Variable
OperationType_Throughput_LowerTolerance_Definition,6698,Variable
OperationType_Throughput_LowerTolerance_EngineeringUnits,6699,Variable
OperationType_Throughput_LowerTolerance_InstrumentRange,6700,Variable
OperationType_Throughput_LowerTolerance_ValuePrecision,6701,Variable
OperationType_Components_Component_Nr_Levels_Level_ActualValue_EngineeringUnits,6702,Variable
OperationType_Components_Component_Nr_Levels_Level_LowerTolerance_EngineeringUnits,6703,Variable
OperationType_Components_Component_Nr_Levels_Level_LowerTolerance2_EngineeringUnits,6704,Variable
OperationType_Components_Component_Nr_Levels_Level_MaxValue_EngineeringUnits,6705,Variable
OperationType_Components_Component_Nr_Levels_Level_MinValue_EngineeringUnits,6706,Variable
OperationType_Components_Component_Nr_Levels_Level_SetRampDown_EngineeringUnits,6707,Variable
OperationType_Components_Component_Nr_Levels_Level_SetRampUp_EngineeringUnits,6708,Variable
OperationType_Components_Component_Nr_Levels_Level_SetValue_EngineeringUnits,6709,Variable
OperationType_Components_Component_Nr_Levels_Level_UpperTolerance_EngineeringUnits,6710,Variable
OperationType_Components_Component_Nr_Levels_Level_UpperTolerance2_EngineeringUnits,6711,Variable
OperationType_ElectricalEnergy_ActualPower,6712,Variable
OperationType_ElectricalEnergy_ActualPower_EngineeringUnits,6713,Variable
OperationType_ElectricalEnergy_ActualSpecificEnergy,6714,Variable
OperationType_ElectricalEnergy_ActualSpecificEnergy_EngineeringUnits,6715,Variable
OperationType_ElectricalEnergy_PowerConsumption,6716,Variable
OperationType_ElectricalEnergy_PowerConsumption_EngineeringUnits,6717,Variable
OperationType_ElectricalEnergy_PowerFactor,6718,Variable
OperationType_Maintenance_Interval_EngineeringUnits,6719,Variable
OperationType_Maintenance_AdditionalInformation,6720,Variable
OperationType_Maintenance_RemainingInterval,6721,Variable
OperationType_Maintenance_RemainingInterval_EURange,6722,Variable
OperationType_Maintenance_TotalOperation,6723,Variable
OperationType_Maintenance_TotalOperation_EURange,6724,Variable
OperationType_Maintenance_RemainingInterval_EngineeringUnits,6725,Variable
OperationType_Maintenance_TotalOperation_EngineeringUnits,6726,Variable
BatchComponentType_Percentage_MinValue_ValuePrecision,6727,Variable
BatchComponentType_Percentage_MonitoringSensitivity_Definition,6728,Variable
BatchComponentType_Percentage_MonitoringSensitivity_ValuePrecision,6729,Variable
BatchComponentType_Percentage_SetRampDown_Definition,6730,Variable
OperationType_Components_Component_Nr_ElectricalEnergy_ActualSpecificEnergy_EURange,6731,Variable
OperationType_Components_Component_Nr_ElectricalEnergy_ActualSpecificEnergy_InstrumentRange,6732,Variable
OperationType_Components_Component_Nr_ElectricalEnergy_ActualSpecificEnergy_ValuePrecision,6733,Variable
OperationType_Components_Component_Nr_ElectricalEnergy_PowerConsumption_Definition,6734,Variable
OperationType_Components_Component_Nr_ElectricalEnergy_PowerConsumption_EURange,6735,Variable
OperationType_Components_Component_Nr_ElectricalEnergy_PowerConsumption_InstrumentRange,6736,Variable
BatchComponentType_Percentage_SetRampDown_EngineeringUnits,6737,Variable
OperationType_Mixing_MixingDuration,6738,Variable
OperationType_Mixing_MixingInterval,6739,Variable
OperationType_ProductionDataSetManagement_ActiveProductionDatasetStatus_Frozen,6740,Variable
OperationType_ProductionDataSetManagement_ActiveProductionDatasetStatus_Load_InputArguments,6741,Variable
OperationType_ProductionDataSetManagement_ActiveProductionDatasetStatus_Modified,6742,Variable
OperationType_ProductionDataSetManagement_ActiveProductionDatasetStatus_Save_InputArguments,6743,Variable
OperationType_ProductionDataSetManagement_GetProductionDatasetInformation_InputArguments,6744,Variable
OperationType_ProductionDataSetManagement_GetProductionDatasetInformation_OutputArguments,6745,Variable
OperationType_ProductionDataSetManagement_ProductionDatasetInPreparationStatus_Information,6746,Variable
OperationType_ProductionDataSetManagement_ProductionDatasetLists_GetProductionDatasetList_InputArguments,6747,Variable
OperationType_ProductionDataSetManagement_ProductionDatasetLists_GetProductionDatasetList_OutputArguments,6748,Variable
OperationType_ProductionDataSetManagement_ProductionDatasetLists_SendProductionDatasetList_InputArguments,6749,Variable
OperationType_ProductionDataSetManagement_SendProductionDatasetInformation_InputArguments,6750,Variable
OperationType_ProductionDataSetManagement_ProductionDatasetInPreparationStatus_Frozen,6751,Variable
OperationType_ProductionDataSetManagement_ProductionDatasetInPreparationStatus_Load_InputArguments,6752,Variable
OperationType_ProductionDataSetManagement_ProductionDatasetInPreparationStatus_Modified,6753,Variable
OperationType_ProductionDataSetManagement_ProductionDatasetInPreparationStatus_Save_InputArguments,6754,Variable
OperationType_Components_Component_Nr_ElectricalEnergy_PowerConsumption_ValuePrecision,6755,Variable
DosingSystemType_Feeder_IsActive,6756,Variable
DosingSystemType_Feeder_Levels_Level_ActualValue,6757,Variable
DosingSystemType_Feeder_Levels_Level_ActualValue_EURange,6758,Variable
DosingSystemType_Feeder_Material_Density,6759,Variable
DosingSystemType_Feeder_Material_Density_EngineeringUnits,6760,Variable
BatchComponentType_Percentage_SetRampDown_InstrumentRange,6761,Variable
BatchComponentType_Percentage_SetRampDown_ValuePrecision,6762,Variable
BatchComponentType_Percentage_SetRampUp_Definition,6763,Variable
BatchComponentType_Percentage_SetRampUp_EngineeringUnits,6764,Variable
BatchComponentType_Percentage_SetRampUp_InstrumentRange,6765,Variable
BatchComponentType_Percentage_SetRampUp_ValuePrecision,6766,Variable
BatchComponentType_Percentage_SetValue_Definition,6767,Variable
BatchComponentType_Percentage_SetValue_EngineeringUnits,6768,Variable
BatchComponentType_Percentage_SetValue_InstrumentRange,6769,Variable
BatchComponentType_Percentage_SetValue_ValuePrecision,6770,Variable
BatchComponentType_Percentage_Status_Definition,6771,Variable
BatchComponentType_Percentage_Status_ValuePrecision,6772,Variable
BatchComponentType_Percentage_UpperTolerance_Definition,6773,Variable
BatchComponentType_Percentage_UpperTolerance_EngineeringUnits,6774,Variable
BatchComponentType_Percentage_UpperTolerance_InstrumentRange,6775,Variable
BatchComponentType_Percentage_UpperTolerance_ValuePrecision,6776,Variable
BatchComponentType_Percentage_UpperTolerance2_Definition,6777,Variable
BatchComponentType_Percentage_UpperTolerance2_EngineeringUnits,6778,Variable
BatchComponentType_Percentage_UpperTolerance2_InstrumentRange,6779,Variable
BatchComponentType_Percentage_UpperTolerance2_ValuePrecision,6780,Variable
ContinuousComponentType_DrivePercentage_UpperTolerance2_ValuePrecision,6781,Variable
ContinuousComponentType_Percentage_ActualValue_Definition,6782,Variable
ContinuousComponentType_Percentage_ActualValue_EngineeringUnits,6783,Variable
ContinuousComponentType_Percentage_ActualValue_InstrumentRange,6784,Variable
ContinuousComponentType_Percentage_ActualValue_ValuePrecision,6785,Variable
ContinuousComponentType_Percentage_AlarmSuppression,6786,Variable
ContinuousComponentType_Percentage_AlarmSuppression_EnumValues,6787,Variable
ContinuousComponentType_Percentage_AlarmSuppression_ValueAsText,6788,Variable
ContinuousComponentType_Percentage_AutomaticMonitoring,6789,Variable
ContinuousComponentType_Percentage_LowerTolerance,6790,Variable
ContinuousComponentType_Percentage_LowerTolerance_EURange,6791,Variable
ContinuousComponentType_Percentage_LowerTolerance2,6792,Variable
ContinuousComponentType_Percentage_LowerTolerance2_EURange,6793,Variable
ContinuousComponentType_Percentage_MaxValue,6794,Variable
ContinuousComponentType_Percentage_MaxValue_EURange,6795,Variable
ContinuousComponentType_Percentage_MinValue,6796,Variable
ContinuousComponentType_Percentage_MinValue_EURange,6797,Variable
ContinuousComponentType_Percentage_MonitoringSensitivity,6798,Variable
ContinuousComponentType_Percentage_MonitoringSensitivity_EnumValues,6799,Variable
ContinuousComponentType_Percentage_MonitoringSensitivity_ValueAsText,6800,Variable
ContinuousComponentType_Percentage_SetRampDown,6801,Variable
ContinuousComponentType_Percentage_SetRampDown_EURange,6802,Variable
ContinuousComponentType_Percentage_SetRampUp,6803,Variable
ContinuousComponentType_Percentage_SetRampUp_EURange,6804,Variable
ContinuousComponentType_Percentage_SetValue,6805,Variable
ContinuousComponentType_Percentage_SetValue_EURange,6806,Variable
ContinuousComponentType_Percentage_Status,6807,Variable
ContinuousComponentType_Percentage_Status_EnumValues,6808,Variable
ContinuousComponentType_Percentage_Status_ValueAsText,6809,Variable
ContinuousComponentType_Percentage_UpperTolerance,6810,Variable
ContinuousComponentType_Percentage_UpperTolerance_EURange,6811,Variable
ContinuousComponentType_Percentage_UpperTolerance2,6812,Variable
ContinuousComponentType_Percentage_UpperTolerance2_EURange,6813,Variable
ContinuousComponentType_Percentage_AlarmSuppression_Definition,6814,Variable
ContinuousComponentType_Percentage_AlarmSuppression_ValuePrecision,6815,Variable
ContinuousComponentType_Percentage_ClosedLoopControl_AutoTuningActive,6816,Variable
ContinuousComponentType_Percentage_ClosedLoopControl_AutomaticControllerMode,6817,Variable
ContinuousComponentType_Percentage_ClosedLoopControl_PIDParameters,6818,Variable
ContinuousComponentType_Percentage_LowerTolerance_Definition,6819,Variable
ContinuousComponentType_Percentage_LowerTolerance_EngineeringUnits,6820,Variable
ContinuousComponentType_Percentage_LowerTolerance_InstrumentRange,6821,Variable
ContinuousComponentType_Percentage_LowerTolerance_ValuePrecision,6822,Variable
ContinuousComponentType_Percentage_LowerTolerance2_Definition,6823,Variable
ContinuousComponentType_Percentage_LowerTolerance2_EngineeringUnits,6824,Variable
ContinuousComponentType_Percentage_LowerTolerance2_InstrumentRange,6825,Variable
ContinuousComponentType_Percentage_LowerTolerance2_ValuePrecision,6826,Variable
ContinuousComponentType_Percentage_MaxValue_Definition,6827,Variable
ContinuousComponentType_Percentage_MaxValue_EngineeringUnits,6828,Variable
ContinuousComponentType_Percentage_MaxValue_InstrumentRange,6829,Variable
ContinuousComponentType_Percentage_MaxValue_ValuePrecision,6830,Variable
ContinuousComponentType_Percentage_MinValue_Definition,6831,Variable
ContinuousComponentType_Percentage_MinValue_EngineeringUnits,6832,Variable
ContinuousComponentType_Percentage_MinValue_InstrumentRange,6833,Variable
ContinuousComponentType_Percentage_MinValue_ValuePrecision,6834,Variable
ContinuousComponentType_Percentage_MonitoringSensitivity_Definition,6835,Variable
ContinuousComponentType_Percentage_MonitoringSensitivity_ValuePrecision,6836,Variable
DosingSystemType_Feeder_Material_Id,6837,Variable
DosingSystemType_Feeder_Material_MaterialClass,6838,Variable
DosingSystemType_Feeder_Material_MaterialClass_EnumValues,6839,Variable
DosingSystemType_Feeder_Material_MaterialClass_ValueAsText,6840,Variable
DosingSystemType_Feeder_Material_Name,6841,Variable
DosingSystemType_Feeder_MaterialConsumption_TotalConsumption,6842,Variable
DosingSystemType_Feeder_MaterialConsumption_TotalConsumption_EngineeringUnits,6843,Variable
DosingSystemType_Feeder_SetActive,6844,Variable
DosingSystemType_Feeder_Throughput_ActualValue,6845,Variable
DosingSystemType_Feeder_Throughput_ActualValue_EURange,6846,Variable
DosingSystemType_Feeder_Weight,6847,Variable
DosingSystemType_Feeder_Weight_EngineeringUnits,6848,Variable
DosingSystemType_Operation_Components_Component_Nr_DosingMode,6849,Variable
DosingSystemType_Operation_Components_Component_Nr_DosingMode_EnumValues,6850,Variable
DosingSystemType_Operation_Components_Component_Nr_DosingMode_ValueAsText,6851,Variable
OperationType_Throughput_LowerTolerance2_Definition,6852,Variable
OperationType_Throughput_LowerTolerance2_EngineeringUnits,6853,Variable
DosingSystemType_Operation_Components_Component_Nr_IsPresent,6854,Variable
DosingSystemType_Operation_Components_Component_Nr_State,6855,Variable
DosingSystemType_Operation_Components_Component_Nr_DosingMode_Definition,6856,Variable
DosingSystemType_Operation_Components_Component_Nr_DosingMode_ValuePrecision,6857,Variable
DosingSystemType_Operation_Components_Component_Nr_BulkDensity,6858,Variable
DosingSystemType_Operation_Components_Component_Nr_BulkDensity_EngineeringUnits,6859,Variable
DosingSystemType_Operation_Components_Component_Nr_FeedRateScalingFactor,6860,Variable
DosingSystemType_Operation_Components_Component_Nr_IsActive,6861,Variable
DosingSystemType_Operation_Components_Component_Nr_Levels_Level_ActualValue,6862,Variable
DosingSystemType_Operation_Components_Component_Nr_Levels_Level_ActualValue_EURange,6863,Variable
DosingSystemType_Operation_Components_Component_Nr_Material_Density,6864,Variable
DosingSystemType_Operation_Components_Component_Nr_Material_Density_EngineeringUnits,6865,Variable
DosingSystemType_Operation_Components_Component_Nr_Material_Id,6866,Variable
ContinuousComponentType_Percentage_SetRampDown_Definition,6867,Variable
ContinuousComponentType_Percentage_SetRampDown_EngineeringUnits,6868,Variable
ContinuousComponentType_Percentage_SetRampDown_InstrumentRange,6869,Variable
DosingSystemType_Operation_Components_Component_Nr_Material_MaterialClass,6870,Variable
DosingSystemType_Operation_Components_Component_Nr_Material_MaterialClass_EnumValues,6871,Variable
OperationType_Throughput_LowerTolerance2_InstrumentRange,6872,Variable
OperationType_Throughput_LowerTolerance2_ValuePrecision,6873,Variable
OperationType_Throughput_MaxValue_Definition,6874,Variable
OperationType_Throughput_MaxValue_EngineeringUnits,6875,Variable
OperationType_Throughput_MaxValue_InstrumentRange,6876,Variable
OperationType_Throughput_MaxValue_ValuePrecision,6877,Variable
OperationType_Throughput_MinValue_Definition,6878,Variable
OperationType_Throughput_MinValue_EngineeringUnits,6879,Variable
OperationType_Throughput_MinValue_InstrumentRange,6880,Variable
OperationType_Throughput_MinValue_ValuePrecision,6881,Variable
OperationType_Throughput_MonitoringSensitivity_Definition,6882,Variable
OperationType_Throughput_MonitoringSensitivity_ValuePrecision,6883,Variable
OperationType_Throughput_SetRampDown_Definition,6884,Variable
OperationType_Throughput_SetRampDown_EngineeringUnits,6885,Variable
OperationType_Throughput_SetRampDown_InstrumentRange,6886,Variable
OperationType_Throughput_SetRampDown_ValuePrecision,6887,Variable
OperationType_Throughput_SetRampUp_Definition,6888,Variable
OperationType_Throughput_SetRampUp_EngineeringUnits,6889,Variable
OperationType_Throughput_SetRampUp_InstrumentRange,6890,Variable
OperationType_Throughput_SetRampUp_ValuePrecision,6891,Variable
OperationType_Throughput_SetValue_Definition,6892,Variable
OperationType_Throughput_SetValue_EngineeringUnits,6893,Variable
OperationType_Throughput_SetValue_InstrumentRange,6894,Variable
OperationType_Throughput_SetValue_ValuePrecision,6895,Variable
OperationType_Throughput_Status_Definition,6896,Variable
OperationType_Throughput_Status_ValuePrecision,6897,Variable
OperationType_Throughput_UpperTolerance_Definition,6898,Variable
OperationType_Throughput_UpperTolerance_EngineeringUnits,6899,Variable
DosingSystemType_Operation_Components_Component_Nr_Material_MaterialClass_ValueAsText,6900,Variable
DosingSystemType_Operation_Components_Component_Nr_Material_Name,6901,Variable
DosingSystemType_Operation_Components_Component_Nr_MaterialConsumption_TotalConsumption,6902,Variable
DosingSystemType_Operation_Components_Component_Nr_MaterialConsumption_TotalConsumption_EngineeringUnits,6903,Variable
ContinuousComponentType_Percentage_SetRampDown_ValuePrecision,6904,Variable
ContinuousComponentType_Percentage_SetRampUp_Definition,6905,Variable
ContinuousComponentType_Percentage_SetRampUp_EngineeringUnits,6906,Variable
DosingSystemType_Operation_Components_Component_Nr_SetActive,6907,Variable
DosingSystemType_Operation_Components_Component_Nr_Throughput_ActualValue,6908,Variable
DosingSystemType_Operation_Components_Component_Nr_Throughput_ActualValue_EURange,6909,Variable
DosingSystemType_Operation_Components_Component_Nr_Weight,6910,Variable
DosingSystemType_Operation_Components_Component_Nr_Weight_EngineeringUnits,6911,Variable
DosingSystemType_Operation_Components_Component_Nr_BulkDensity_Definition,6912,Variable
DosingSystemType_Operation_Components_Component_Nr_BulkDensity_EURange,6913,Variable
DosingSystemType_Operation_Components_Component_Nr_BulkDensity_InstrumentRange,6914,Variable
DosingSystemType_Operation_Components_Component_Nr_BulkDensity_ValuePrecision,6915,Variable
DosingSystemType_Operation_Components_Component_Nr_ElectricalEnergy_ActualPower,6916,Variable
DosingSystemType_Operation_Components_Component_Nr_ElectricalEnergy_ActualPower_EngineeringUnits,6917,Variable
DosingSystemType_Operation_Components_Component_Nr_ElectricalEnergy_ActualSpecificEnergy,6918,Variable
DosingSystemType_Operation_Components_Component_Nr_ElectricalEnergy_ActualSpecificEnergy_EngineeringUnits,6919,Variable
DosingSystemType_Operation_Components_Component_Nr_ElectricalEnergy_PowerConsumption,6920,Variable
DosingSystemType_Operation_Components_Component_Nr_ElectricalEnergy_PowerConsumption_EngineeringUnits,6921,Variable
DosingSystemType_Operation_Components_Component_Nr_ElectricalEnergy_PowerFactor,6922,Variable
DosingSystemType_Operation_Components_Component_Nr_Levels_Filling,6923,Variable
DosingSystemType_Operation_Components_Component_Nr_MaterialConsumption_Scrap,6924,Variable
DosingSystemType_Operation_Components_Component_Nr_MaterialConsumption_Scrap_EngineeringUnits,6925,Variable
DosingSystemType_Operation_Components_Component_Nr_Throughput_AlarmSuppression,6926,Variable
DosingSystemType_Operation_Components_Component_Nr_Throughput_AlarmSuppression_EnumValues,6927,Variable
DosingSystemType_Operation_Components_Component_Nr_Throughput_AlarmSuppression_ValueAsText,6928,Variable
DosingSystemType_Operation_Components_Component_Nr_Throughput_AutomaticMonitoring,6929,Variable
DosingSystemType_Operation_Components_Component_Nr_Throughput_LowerTolerance,6930,Variable
DosingSystemType_Operation_Components_Component_Nr_Throughput_LowerTolerance_EURange,6931,Variable
DosingSystemType_Operation_Components_Component_Nr_Throughput_LowerTolerance2,6932,Variable
DosingSystemType_Operation_Components_Component_Nr_Throughput_LowerTolerance2_EURange,6933,Variable
DosingSystemType_Operation_Components_Component_Nr_Throughput_MaxValue,6934,Variable
DosingSystemType_Operation_Components_Component_Nr_Throughput_MaxValue_EURange,6935,Variable
DosingSystemType_Operation_Components_Component_Nr_Throughput_MinValue,6936,Variable
DosingSystemType_Operation_Components_Component_Nr_Throughput_MinValue_EURange,6937,Variable
DosingSystemType_Operation_Components_Component_Nr_Throughput_MonitoringSensitivity,6938,Variable
DosingSystemType_Operation_Components_Component_Nr_Throughput_MonitoringSensitivity_EnumValues,6939,Variable
DosingSystemType_Operation_Components_Component_Nr_Throughput_MonitoringSensitivity_ValueAsText,6940,Variable
DosingSystemType_Operation_Components_Component_Nr_Throughput_SetRampDown,6941,Variable
DosingSystemType_Operation_Components_Component_Nr_Throughput_SetRampDown_EURange,6942,Variable
OperationType_Throughput_UpperTolerance_InstrumentRange,6943,Variable
OperationType_Throughput_UpperTolerance_ValuePrecision,6944,Variable
OperationType_Throughput_UpperTolerance2_Definition,6945,Variable
OperationType_Throughput_UpperTolerance2_EngineeringUnits,6946,Variable
OperationType_Throughput_UpperTolerance2_InstrumentRange,6947,Variable
OperationType_Throughput_UpperTolerance2_ValuePrecision,6948,Variable
OperationType_ShotWeight_ActualValue_Definition,6949,Variable
OperationType_ShotWeight_ActualValue_EngineeringUnits,6950,Variable
OperationType_ShotWeight_ActualValue_InstrumentRange,6951,Variable
OperationType_ShotWeight_ActualValue_ValuePrecision,6952,Variable
DosingSystemType_Operation_Components_Component_Nr_Throughput_SetRampUp,6953,Variable
DosingSystemType_Operation_Components_Component_Nr_Throughput_SetRampUp_EURange,6954,Variable
DosingSystemType_Operation_Components_Component_Nr_Throughput_SetValue,6955,Variable
DosingSystemType_Operation_Components_Component_Nr_Throughput_SetValue_EURange,6956,Variable
DosingSystemType_Operation_Components_Component_Nr_Throughput_Status,6957,Variable
DosingSystemType_Operation_Components_Component_Nr_Throughput_Status_EnumValues,6958,Variable
DosingSystemType_Operation_Components_Component_Nr_Throughput_Status_ValueAsText,6959,Variable
DosingSystemType_Operation_Components_Component_Nr_Throughput_UpperTolerance,6960,Variable
DosingSystemType_Operation_Components_Component_Nr_Throughput_UpperTolerance_EURange,6961,Variable
DosingSystemType_Operation_Components_Component_Nr_Throughput_UpperTolerance2,6962,Variable
DosingSystemType_MachineConfiguration_GetCurrentPage_InputArguments,6963,Variable
DosingSystemType_MachineConfiguration_GetCurrentPage_OutputArguments,6964,Variable
DosingSystemType_MachineConfiguration_GetPage_InputArguments,6965,Variable
DosingSystemType_MachineConfiguration_GetPage_OutputArguments,6966,Variable
DosingSystemType_MachineConfiguration_PageDirectory,6967,Variable
DosingSystemType_Identification_AssetId,6968,Variable
DosingSystemType_Identification_ComponentName,6969,Variable
DosingSystemType_Identification_DeviceClass,6970,Variable
DosingSystemType_Identification_HardwareRevision,6971,Variable
DosingSystemType_Identification_InitialOperationDate,6972,Variable
DosingSystemType_Identification_Location,6973,Variable
DosingSystemType_Identification_ManufacturerUri,6974,Variable
DosingSystemType_Identification_Model,6975,Variable
DosingSystemType_Identification_MonthOfConstruction,6976,Variable
DosingSystemType_Identification_ProductCode,6977,Variable
DosingSystemType_Identification_SoftwareRevision,6978,Variable
DosingSystemType_Identification_UIElement,6979,Variable
DosingSystemType_Identification_YearOfConstruction,6980,Variable
DosingSystemType_MachineryBuildingBlocks_MachineryItemState_AvailableStates,6981,Variable
DosingSystemType_MachineryBuildingBlocks_MachineryItemState_AvailableTransitions,6982,Variable
DosingSystemType_MachineryBuildingBlocks_MachineryItemState_LastTransition,6983,Variable
DosingSystemType_MachineryBuildingBlocks_MachineryItemState_LastTransition_Id,6984,Variable
DosingSystemType_MachineryBuildingBlocks_MachineryOperationMode_AvailableStates,6985,Variable
DosingSystemType_MachineryBuildingBlocks_MachineryOperationMode_AvailableTransitions,6986,Variable
DosingSystemType_MachineryBuildingBlocks_MachineryOperationMode_LastTransition,6987,Variable
DosingSystemType_MachineryBuildingBlocks_MachineryOperationMode_LastTransition_Id,6988,Variable
DosingSystemType_Operation_Components_Component_Nr_Throughput_UpperTolerance2_EURange,6989,Variable
DosingSystemType_Operation_Components_Component_Nr_Weight_Definition,6990,Variable
DosingSystemType_Operation_Components_Component_Nr_Weight_EURange,6991,Variable
DosingSystemType_Operation_Components_Component_Nr_Weight_InstrumentRange,6992,Variable
ContinuousComponentType_Percentage_SetRampUp_InstrumentRange,6993,Variable
ContinuousComponentType_Percentage_SetRampUp_ValuePrecision,6994,Variable
DosingSystemType_Operation_Components_Component_Nr_Weight_ValuePrecision,6995,Variable
DosingSystemType_Operation_IsActive,6996,Variable
DosingSystemType_Operation_Maintenance_Interval,6997,Variable
DosingSystemType_Operation_Maintenance_Interval_EURange,6998,Variable
DosingSystemType_Operation_Maintenance_Status,6999,Variable
DosingSystemType_Operation_Components_Component_Nr_ElectricalEnergy_ActualPower_Definition,7000,Variable
DosingSystemType_MachineConfiguration_SetMachineTime,7001,Method
OperationType_IdentifyDevice,7002,Method
OperationType_EnableDevice,7003,Method
OperationType_DisableDevice,7004,Method
OperationType_StartDosingShot,7005,Method
OperationType_StopDosing,7006,Method
OperationType_StopDosingAfterCycle,7007,Method
OperationType_Maintenance_Reset,7008,Method
OperationType_ProductionDataSetManagement_ProductionDatasetTransfer_CloseAndCommit,7009,Method
OperationType_ProductionDataSetManagement_ProductionDatasetTransfer_GenerateFileForRead,7010,Method
OperationType_ProductionDataSetManagement_ProductionDatasetTransfer_GenerateFileForWrite,7011,Method
OperationType_ResetAllErrors,7012,Method
OperationType_ResetErrorById,7013,Method
OperationType_FirstFilling,7014,Method
MaterialConsumptionType_Reset,7015,Method
ComponentType_MaterialConsumption_Reset,7016,Method
ComponentType_IdentifyComponent,7017,Method
ComponentType_StartCleaning,7018,Method
ComponentType_AbortCleaning,7019,Method
LevelsType_StartFilling,7020,Method
LevelsType_AbortFilling,7021,Method
DosingSystemType_Operation_EnableDevice,7022,Method
DosingSystemType_Operation_DisableDevice,7023,Method
ComponentType_StartCalibration,7024,Method
LevelsType_Level_ResetMonitoring,7025,Method
ComponentType_Levels_Level_ResetMonitoring,7026,Method
ComponentType_Levels_AbortFilling,7027,Method
ComponentType_Levels_StartFilling,7028,Method
ComponentType_Throughput_ResetMonitoring,7029,Method
BatchComponentType_Percentage_ResetMonitoring,7030,Method
ContinuousComponentType_DrivePercentage_ResetMonitoring,7031,Method
ContinuousComponentType_DrivePercentage_ClosedLoopControl_AutoTuningOff,7032,Method
ComponentsType_Component_Nr_AbortCleaning,7033,Method
ComponentsType_Component_Nr_IdentifyComponent,7034,Method
ComponentsType_Component_Nr_MaterialConsumption_Reset,7035,Method
ComponentsType_Component_Nr_StartCleaning,7036,Method
ComponentsType_Component_Nr_Levels_AbortFilling,7037,Method
ComponentsType_Component_Nr_Levels_StartFilling,7038,Method
ComponentType_Throughput_ClosedLoopControl_AutoTuningOff,7039,Method
ComponentsType_Component_Nr_Levels_Level_ResetMonitoring,7040,Method
OperationType_BatchWeight_ResetMonitoring,7041,Method
OperationType_Components_Component_Nr_AbortCleaning,7042,Method
OperationType_Components_Component_Nr_IdentifyComponent,7043,Method
OperationType_Components_Component_Nr_MaterialConsumption_Reset,7044,Method
OperationType_Components_Component_Nr_StartCleaning,7045,Method
OperationType_Components_Component_Nr_Levels_AbortFilling,7046,Method
OperationType_Components_Component_Nr_Levels_StartFilling,7047,Method
ComponentType_Throughput_ClosedLoopControl_AutoTuningOn,7048,Method
OperationType_Components_Component_Nr_Levels_Level_ResetMonitoring,7049,Method
OperationType_ProductionDataSetManagement_ActiveProductionDatasetStatus_Load,7050,Method
OperationType_ProductionDataSetManagement_ActiveProductionDatasetStatus_Save,7051,Method
OperationType_ProductionDataSetManagement_GetProductionDatasetInformation,7052,Method
OperationType_ProductionDataSetManagement_ProductionDatasetLists_GetProductionDatasetList,7053,Method
OperationType_ProductionDataSetManagement_ProductionDatasetLists_SendProductionDatasetList,7054,Method
OperationType_ProductionDataSetManagement_SendProductionDatasetInformation,7055,Method
OperationType_ProductionDataSetManagement_ProductionDatasetInPreparationStatus_Load,7056,Method
OperationType_ProductionDataSetManagement_ProductionDatasetInPreparationStatus_Save,7057,Method
BatchComponentType_Percentage_ClosedLoopControl_AutoTuningOff,7058,Method
BatchComponentType_Percentage_ClosedLoopControl_AutoTuningOn,7059,Method
OperationType_StartDosingContinuous,7060,Method
OperationType_StartPurge,7061,Method
ContinuousComponentType_StartPriming,7062,Method
ContinuousComponentType_StopPriming,7063,Method
DosingSystemType_Feeder_StartPriming,7064,Method
DosingSystemType_Feeder_StopPriming,7065,Method
OperationType_Throughput_ResetMonitoring,7066,Method
DosingSystemType_Feeder_AbortCalibration,7067,Method
DosingSystemType_MachineConfiguration_GetCurrentPage,7068,Method
DosingSystemType_MachineConfiguration_GetPage,7069,Method
DosingSystemType_Operation_FirstFilling,7070,Method
DosingSystemType_Operation_IdentifyDevice,7071,Method
DosingSystemType_Operation_Maintenance_Reset,7072,Method
ComponentType_AbortCalibration,7073,Method
ComponentsType_Component_Nr_AbortCalibration,7074,Method
DosingSystemType_Operation_Mixing_MixingMode,7075,Variable
DosingSystemType_Operation_Mixing_MixingMode_EnumValues,7076,Variable
DosingSystemType_Operation_Mixing_MixingMode_ValueAsText,7077,Variable
DosingSystemType_Operation_ProductionDataSetManagement_ActiveProductionDatasetStatus_Information,7078,Variable
DosingSystemType_Operation_ProductionDataSetManagement_ProductionDatasetTransfer_ClientProcessingTimeout,7079,Variable
DosingSystemType_Operation_ProductionDataSetManagement_ProductionDatasetTransfer_CloseAndCommit,7080,Method
DosingSystemType_Operation_ProductionDataSetManagement_ProductionDatasetTransfer_CloseAndCommit_InputArguments,7081,Variable
DosingSystemType_Operation_ProductionDataSetManagement_ProductionDatasetTransfer_CloseAndCommit_OutputArguments,7082,Variable
DosingSystemType_Operation_ProductionDataSetManagement_ProductionDatasetTransfer_GenerateFileForRead,7083,Method
DosingSystemType_Operation_ProductionDataSetManagement_ProductionDatasetTransfer_GenerateFileForRead_InputArguments,7084,Variable
DosingSystemType_Operation_ProductionDataSetManagement_ProductionDatasetTransfer_GenerateFileForRead_OutputArguments,7085,Variable
DosingSystemType_Operation_ProductionDataSetManagement_ProductionDatasetTransfer_GenerateFileForWrite,7086,Method
DosingSystemType_Operation_ProductionDataSetManagement_ProductionDatasetTransfer_GenerateFileForWrite_InputArguments,7087,Variable
DosingSystemType_Operation_ProductionDataSetManagement_ProductionDatasetTransfer_GenerateFileForWrite_OutputArguments,7088,Variable
DosingSystemType_Operation_ResetAllErrors,7089,Method
DosingSystemType_Operation_ResetErrorById,7090,Method
DosingSystemType_Operation_ResetErrorById_InputArguments,7091,Variable
ContinuousComponentType_DrivePercentage_ClosedLoopControl_AutoTuningOn,7092,Method
ContinuousComponentType_Percentage_ResetMonitoring,7093,Method
ContinuousComponentType_Percentage_ClosedLoopControl_AutoTuningOff,7094,Method
DosingSystemType_Feeder_AbortCleaning,7095,Method
DosingSystemType_Operation_StopDosing,7096,Method
DosingSystemType_Operation_StopDosingAfterCycle,7097,Method
ContinuousComponentType_Percentage_ClosedLoopControl_AutoTuningOn,7098,Method
ContinuousComponentType_Percentage_SetValue_Definition,7099,Variable
ContinuousComponentType_Percentage_SetValue_EngineeringUnits,7100,Variable
ContinuousComponentType_Percentage_SetValue_InstrumentRange,7101,Variable
ContinuousComponentType_Percentage_SetValue_ValuePrecision,7102,Variable
ContinuousComponentType_Percentage_Status_Definition,7103,Variable
ContinuousComponentType_Percentage_Status_ValuePrecision,7104,Variable
ContinuousComponentType_Percentage_UpperTolerance_Definition,7105,Variable
ContinuousComponentType_Percentage_UpperTolerance_EngineeringUnits,7106,Variable
ContinuousComponentType_Percentage_UpperTolerance_InstrumentRange,7107,Variable
ContinuousComponentType_Percentage_UpperTolerance_ValuePrecision,7108,Variable
ContinuousComponentType_Percentage_UpperTolerance2_Definition,7109,Variable
ContinuousComponentType_Percentage_UpperTolerance2_EngineeringUnits,7110,Variable
ContinuousComponentType_Percentage_UpperTolerance2_InstrumentRange,7111,Variable
ContinuousComponentType_Percentage_UpperTolerance2_ValuePrecision,7112,Variable
OperationType_Throughput_ClosedLoopControl_AutoTuningOff,7113,Method
OperationType_Throughput_ClosedLoopControl_AutoTuningOn,7114,Method
OperationType_ShotWeight_AlarmSuppression,7115,Variable
OperationType_ShotWeight_AlarmSuppression_EnumValues,7116,Variable
OperationType_ShotWeight_AlarmSuppression_ValueAsText,7117,Variable
OperationType_ShotWeight_AutomaticMonitoring,7118,Variable
OperationType_ShotWeight_LowerTolerance,7119,Variable
OperationType_ShotWeight_LowerTolerance_EURange,7120,Variable
OperationType_ShotWeight_LowerTolerance2,7121,Variable
OperationType_ShotWeight_LowerTolerance2_EURange,7122,Variable
OperationType_ShotWeight_MaxValue,7123,Variable
OperationType_ShotWeight_MaxValue_EURange,7124,Variable
OperationType_ShotWeight_MinValue,7125,Variable
OperationType_ShotWeight_MinValue_EURange,7126,Variable
OperationType_ShotWeight_MonitoringSensitivity,7127,Variable
OperationType_ShotWeight_MonitoringSensitivity_EnumValues,7128,Variable
DosingSystemType_Operation_ElectricalEnergy_ActualPower,7129,Variable
DosingSystemType_Operation_ElectricalEnergy_ActualPower_EngineeringUnits,7130,Variable
DosingSystemType_Operation_ElectricalEnergy_ActualSpecificEnergy,7131,Variable
DosingSystemType_Operation_ElectricalEnergy_ActualSpecificEnergy_EngineeringUnits,7132,Variable
DosingSystemType_Operation_ElectricalEnergy_PowerConsumption,7133,Variable
DosingSystemType_Operation_ElectricalEnergy_PowerConsumption_EngineeringUnits,7134,Variable
DosingSystemType_Operation_ElectricalEnergy_PowerFactor,7135,Variable
DosingSystemType_Operation_Maintenance_AdditionalInformation,7136,Variable
DosingSystemType_Operation_Maintenance_RemainingInterval,7137,Variable
DosingSystemType_Operation_Maintenance_RemainingInterval_EURange,7138,Variable
DosingSystemType_Operation_Maintenance_TotalOperation,7139,Variable
DosingSystemType_Operation_Maintenance_TotalOperation_EURange,7140,Variable
ComponentsType_Component_Nr_StartCalibration,7141,Method
OperationType_Components_Component_Nr_Levels_Level_ActualValue_Definition,7142,Variable
OperationType_ShotWeight_MonitoringSensitivity_ValueAsText,7143,Variable
DosingSystemType_Operation_Mixing_MixingDuration,7144,Variable
DosingSystemType_Operation_Mixing_MixingInterval,7145,Variable
DosingSystemType_Operation_ProductionDataSetManagement_GetProductionDatasetInformation,7146,Method
DosingSystemType_Operation_ProductionDataSetManagement_GetProductionDatasetInformation_InputArguments,7147,Variable
DosingSystemType_Operation_ProductionDataSetManagement_GetProductionDatasetInformation_OutputArguments,7148,Variable
DosingSystemType_Operation_ProductionDataSetManagement_ProductionDatasetInPreparationStatus_Information,7149,Variable
DosingSystemType_Operation_ProductionDataSetManagement_ProductionDatasetLists_GetProductionDatasetList,7150,Method
DosingSystemType_Operation_ProductionDataSetManagement_ProductionDatasetLists_GetProductionDatasetList_InputArguments,7151,Variable
DosingSystemType_Operation_ProductionDataSetManagement_ProductionDatasetLists_GetProductionDatasetList_OutputArguments,7152,Variable
DosingSystemType_Operation_ProductionDataSetManagement_ProductionDatasetLists_SendProductionDatasetList,7153,Method
DosingSystemType_Operation_ProductionDataSetManagement_ProductionDatasetLists_SendProductionDatasetList_InputArguments,7154,Variable
DosingSystemType_Operation_ProductionDataSetManagement_SendProductionDatasetInformation,7155,Method
DosingSystemType_Operation_ProductionDataSetManagement_SendProductionDatasetInformation_InputArguments,7156,Variable
OperationType_ShotWeight_ResetMonitoring,7157,Method
OperationType_ShotWeight_SetRampDown,7158,Variable
OperationType_ShotWeight_SetRampDown_EURange,7159,Variable
OperationType_ShotWeight_SetRampUp,7160,Variable
OperationType_ShotWeight_SetRampUp_EURange,7161,Variable
OperationType_ShotWeight_SetValue,7162,Variable
OperationType_ShotWeight_SetValue_EURange,7163,Variable
OperationType_ShotWeight_Status,7164,Variable
OperationType_ShotWeight_Status_EnumValues,7165,Variable
OperationType_ShotWeight_Status_ValueAsText,7166,Variable
OperationType_ShotWeight_UpperTolerance,7167,Variable
OperationType_ShotWeight_UpperTolerance_EURange,7168,Variable
OperationType_ShotWeight_UpperTolerance2,7169,Variable
OperationType_ShotWeight_UpperTolerance2_EURange,7170,Variable
OperationType_ShotWeight_AlarmSuppression_Definition,7171,Variable
OperationType_ShotWeight_AlarmSuppression_ValuePrecision,7172,Variable
OperationType_ShotWeight_ClosedLoopControl_AutoTuningActive,7173,Variable
OperationType_ShotWeight_ClosedLoopControl_AutoTuningOff,7174,Method
OperationType_ShotWeight_ClosedLoopControl_AutoTuningOn,7175,Method
OperationType_ShotWeight_ClosedLoopControl_AutomaticControllerMode,7176,Variable
OperationType_ShotWeight_ClosedLoopControl_PIDParameters,7177,Variable
OperationType_ShotWeight_LowerTolerance_Definition,7178,Variable
OperationType_ShotWeight_LowerTolerance_EngineeringUnits,7179,Variable
OperationType_ShotWeight_LowerTolerance_InstrumentRange,7180,Variable
OperationType_ShotWeight_LowerTolerance_ValuePrecision,7181,Variable
OperationType_ShotWeight_LowerTolerance2_Definition,7182,Variable
OperationType_ShotWeight_LowerTolerance2_EngineeringUnits,7183,Variable
OperationType_ShotWeight_LowerTolerance2_InstrumentRange,7184,Variable
OperationType_ShotWeight_LowerTolerance2_ValuePrecision,7185,Variable
OperationType_ShotWeight_MaxValue_Definition,7186,Variable
OperationType_ShotWeight_MaxValue_EngineeringUnits,7187,Variable
OperationType_ShotWeight_MaxValue_InstrumentRange,7188,Variable
OperationType_ShotWeight_MaxValue_ValuePrecision,7189,Variable
OperationType_ShotWeight_MinValue_Definition,7190,Variable
OperationType_ShotWeight_MinValue_EngineeringUnits,7191,Variable
OperationType_ShotWeight_MinValue_InstrumentRange,7192,Variable
OperationType_ShotWeight_MinValue_ValuePrecision,7193,Variable
OperationType_ShotWeight_MonitoringSensitivity_Definition,7194,Variable
OperationType_ShotWeight_MonitoringSensitivity_ValuePrecision,7195,Variable
OperationType_ShotWeight_SetRampDown_Definition,7196,Variable
OperationType_ShotWeight_SetRampDown_EngineeringUnits,7197,Variable
OperationType_ShotWeight_SetRampDown_InstrumentRange,7198,Variable
OperationType_ShotWeight_SetRampDown_ValuePrecision,7199,Variable
OperationType_ShotWeight_SetRampUp_Definition,7200,Variable
OperationType_ShotWeight_SetRampUp_EngineeringUnits,7201,Variable
OperationType_ShotWeight_SetRampUp_InstrumentRange,7202,Variable
OperationType_ShotWeight_SetRampUp_ValuePrecision,7203,Variable
OperationType_ShotWeight_SetValue_Definition,7204,Variable
OperationType_ShotWeight_SetValue_EngineeringUnits,7205,Variable
OperationType_ShotWeight_SetValue_InstrumentRange,7206,Variable
OperationType_ShotWeight_SetValue_ValuePrecision,7207,Variable
OperationType_ShotWeight_Status_Definition,7208,Variable
OperationType_ShotWeight_Status_ValuePrecision,7209,Variable
OperationType_ShotWeight_UpperTolerance_Definition,7210,Variable
OperationType_ShotWeight_UpperTolerance_EngineeringUnits,7211,Variable
OperationType_ShotWeight_UpperTolerance_InstrumentRange,7212,Variable
OperationType_ShotWeight_UpperTolerance_ValuePrecision,7213,Variable
OperationType_ShotWeight_UpperTolerance2_Definition,7214,Variable
OperationType_ShotWeight_UpperTolerance2_EngineeringUnits,7215,Variable
OperationType_ShotWeight_UpperTolerance2_InstrumentRange,7216,Variable
OperationType_ShotWeight_UpperTolerance2_ValuePrecision,7217,Variable
OperationType_BatchWeight_AlarmSuppression_Definition,7218,Variable
OperationType_BatchWeight_AlarmSuppression_ValuePrecision,7219,Variable
OperationType_BatchWeight_ClosedLoopControl_AutoTuningActive,7220,Variable
OperationType_BatchWeight_ClosedLoopControl_AutoTuningOff,7221,Method
OperationType_BatchWeight_ClosedLoopControl_AutoTuningOn,7222,Method
OperationType_BatchWeight_ClosedLoopControl_AutomaticControllerMode,7223,Variable
OperationType_BatchWeight_ClosedLoopControl_PIDParameters,7224,Variable
DosingSystemType_Operation_Maintenance_Interval_EngineeringUnits,7225,Variable
DosingSystemType_Operation_Maintenance_RemainingInterval_EngineeringUnits,7226,Variable
DosingSystemType_Operation_Maintenance_TotalOperation_EngineeringUnits,7227,Variable
OperationType_Components_Component_Nr_Levels_Level_ActualValue_InstrumentRange,7228,Variable
OperationType_Components_Component_Nr_Levels_Level_ActualValue_ValuePrecision,7229,Variable
OperationType_Components_Component_Nr_Levels_Level_AlarmSuppression_Definition,7230,Variable
OperationType_Components_Component_Nr_Levels_Level_AlarmSuppression_ValuePrecision,7231,Variable
OperationType_Components_Component_Nr_Levels_Level_LowerTolerance_Definition,7232,Variable
OperationType_Components_Component_Nr_Levels_Level_LowerTolerance_InstrumentRange,7233,Variable
OperationType_Components_Component_Nr_Levels_Level_LowerTolerance_ValuePrecision,7234,Variable
OperationType_Components_Component_Nr_Levels_Level_LowerTolerance2_Definition,7235,Variable
DosingSystemType_Operation_ProductionDataSetManagement_ActiveProductionDatasetStatus_Frozen,7236,Variable
DosingSystemType_Operation_ProductionDataSetManagement_ActiveProductionDatasetStatus_Load,7237,Method
DosingSystemType_Operation_ProductionDataSetManagement_ActiveProductionDatasetStatus_Load_InputArguments,7238,Variable
DosingSystemType_Operation_ProductionDataSetManagement_ActiveProductionDatasetStatus_Modified,7239,Variable
DosingSystemType_Operation_ProductionDataSetManagement_ActiveProductionDatasetStatus_Save,7240,Method
DosingSystemType_Operation_ProductionDataSetManagement_ActiveProductionDatasetStatus_Save_InputArguments,7241,Variable
DosingSystemType_Operation_ProductionDataSetManagement_ProductionDatasetInPreparationStatus_Frozen,7242,Variable
DosingSystemType_Operation_ProductionDataSetManagement_ProductionDatasetInPreparationStatus_Load,7243,Method
DosingSystemType_Operation_ProductionDataSetManagement_ProductionDatasetInPreparationStatus_Load_InputArguments,7244,Variable
DosingSystemType_Operation_ProductionDataSetManagement_ProductionDatasetInPreparationStatus_Modified,7245,Variable
DosingSystemType_Operation_ProductionDataSetManagement_ProductionDatasetInPreparationStatus_Save,7246,Method
DosingSystemType_Operation_ProductionDataSetManagement_ProductionDatasetInPreparationStatus_Save_InputArguments,7247,Variable
OperationType_BatchWeight_LowerTolerance_Definition,7248,Variable
OperationType_BatchWeight_LowerTolerance_EngineeringUnits,7249,Variable
OperationType_BatchWeight_LowerTolerance_InstrumentRange,7250,Variable
OperationType_BatchWeight_LowerTolerance_ValuePrecision,7251,Variable
OperationType_BatchWeight_LowerTolerance2_Definition,7252,Variable
OperationType_BatchWeight_LowerTolerance2_EngineeringUnits,7253,Variable
OperationType_BatchWeight_LowerTolerance2_InstrumentRange,7254,Variable
OperationType_BatchWeight_LowerTolerance2_ValuePrecision,7255,Variable
OperationType_BatchWeight_MaxValue_Definition,7256,Variable
OperationType_BatchWeight_MaxValue_EngineeringUnits,7257,Variable
OperationType_BatchWeight_MaxValue_InstrumentRange,7258,Variable
OperationType_BatchWeight_MaxValue_ValuePrecision,7259,Variable
OperationType_BatchWeight_MinValue_Definition,7260,Variable
OperationType_BatchWeight_MinValue_EngineeringUnits,7261,Variable
OperationType_BatchWeight_MinValue_InstrumentRange,7262,Variable
OperationType_BatchWeight_MinValue_ValuePrecision,7263,Variable
OperationType_BatchWeight_MonitoringSensitivity_Definition,7264,Variable
OperationType_BatchWeight_MonitoringSensitivity_ValuePrecision,7265,Variable
OperationType_BatchWeight_SetRampDown_Definition,7266,Variable
OperationType_BatchWeight_SetRampDown_EngineeringUnits,7267,Variable
OperationType_BatchWeight_SetRampDown_InstrumentRange,7268,Variable
OperationType_BatchWeight_SetRampDown_ValuePrecision,7269,Variable
OperationType_BatchWeight_SetRampUp_Definition,7270,Variable
OperationType_BatchWeight_SetRampUp_EngineeringUnits,7271,Variable
OperationType_BatchWeight_SetRampUp_InstrumentRange,7272,Variable
OperationType_BatchWeight_SetRampUp_ValuePrecision,7273,Variable
OperationType_BatchWeight_SetValue_Definition,7274,Variable
OperationType_BatchWeight_SetValue_EngineeringUnits,7275,Variable
OperationType_BatchWeight_SetValue_InstrumentRange,7276,Variable
OperationType_BatchWeight_SetValue_ValuePrecision,7277,Variable
OperationType_BatchWeight_Status_Definition,7278,Variable
OperationType_BatchWeight_Status_ValuePrecision,7279,Variable
OperationType_BatchWeight_UpperTolerance_Definition,7280,Variable
OperationType_BatchWeight_UpperTolerance_EngineeringUnits,7281,Variable
OperationType_BatchWeight_UpperTolerance_InstrumentRange,7282,Variable
OperationType_BatchWeight_UpperTolerance_ValuePrecision,7283,Variable
OperationType_BatchWeight_UpperTolerance2_Definition,7284,Variable
OperationType_BatchWeight_UpperTolerance2_EngineeringUnits,7285,Variable
OperationType_BatchWeight_UpperTolerance2_InstrumentRange,7286,Variable
OperationType_BatchWeight_UpperTolerance2_ValuePrecision,7287,Variable
DosingSystemType_Feeder_IdentifyComponent,7288,Method
DosingSystemType_Feeder_MaterialConsumption_Reset,7289,Method
DosingSystemType_Feeder_StartCalibration,7290,Method
DosingSystemType_Feeder_StartCleaning,7291,Method
DosingSystemType_Operation_StartDosingContinuous,7292,Method
DosingSystemType_Operation_StartDosingShot,7293,Method
DosingSystemType_Operation_StartPurge,7294,Method
DosingSystemType_Operation_Components_Component_Nr_AbortCalibration,7295,Method
DosingSystemType_Operation_Components_Component_Nr_AbortCleaning,7296,Method
DosingSystemType_Operation_Components_Component_Nr_IdentifyComponent,7297,Method
DosingSystemType_Operation_Components_Component_Nr_MaterialConsumption_Reset,7298,Method
DosingSystemType_Operation_Components_Component_Nr_StartCalibration,7299,Method
DosingSystemType_Operation_Components_Component_Nr_StartCleaning,7300,Method
DosingSystemType_Operation_Components_Component_Nr_Levels_AbortFilling,7301,Method
DosingSystemType_Operation_Components_Component_Nr_Levels_StartFilling,7302,Method
DosingSystemType_Operation_Components_Component_Nr_Throughput_ResetMonitoring,7303,Method
DosingSystemType_Operation_Components_Component_Nr_ElectricalEnergy_ActualPower_EURange,7304,Variable
DosingSystemType_Operation_Components_Component_Nr_ElectricalEnergy_ActualPower_InstrumentRange,7305,Variable
DosingSystemType_Operation_Components_Component_Nr_ElectricalEnergy_ActualPower_ValuePrecision,7306,Variable
DosingSystemType_Operation_Components_Component_Nr_ElectricalEnergy_ActualSpecificEnergy_Definition,7307,Variable
DosingSystemType_Operation_Components_Component_Nr_ElectricalEnergy_ActualSpecificEnergy_EURange,7308,Variable
DosingSystemType_Operation_Components_Component_Nr_ElectricalEnergy_ActualSpecificEnergy_InstrumentRange,7309,Variable
DosingSystemType_Operation_Components_Component_Nr_ElectricalEnergy_ActualSpecificEnergy_ValuePrecision,7310,Variable
DosingSystemType_Operation_Components_Component_Nr_ElectricalEnergy_PowerConsumption_Definition,7311,Variable
DosingSystemType_Operation_Components_Component_Nr_ElectricalEnergy_PowerConsumption_EURange,7312,Variable
DosingSystemType_Operation_Components_Component_Nr_ElectricalEnergy_PowerConsumption_InstrumentRange,7313,Variable
DosingSystemType_Operation_Components_Component_Nr_ElectricalEnergy_PowerConsumption_ValuePrecision,7314,Variable
DosingSystemType_Operation_Components_Component_Nr_Levels_Level_AlarmSuppression,7315,Variable
DosingSystemType_Operation_Components_Component_Nr_Levels_Level_AlarmSuppression_EnumValues,7316,Variable
DosingSystemType_Operation_Components_Component_Nr_Levels_Level_AlarmSuppression_ValueAsText,7317,Variable
DosingSystemType_Operation_Components_Component_Nr_Levels_Level_AutomaticMonitoring,7318,Variable
DosingSystemType_Operation_Components_Component_Nr_Levels_Level_LowerTolerance,7319,Variable
DosingSystemType_Operation_Components_Component_Nr_Levels_Level_LowerTolerance_EURange,7320,Variable
DosingSystemType_Operation_Components_Component_Nr_Levels_Level_LowerTolerance2,7321,Variable
DosingSystemType_Operation_Components_Component_Nr_Levels_Level_LowerTolerance2_EURange,7322,Variable
DosingSystemType_Operation_Components_Component_Nr_Levels_Level_MaxValue,7323,Variable
DosingSystemType_Operation_Components_Component_Nr_Levels_Level_MaxValue_EURange,7324,Variable
DosingSystemType_Operation_Components_Component_Nr_Levels_Level_MinValue,7325,Variable
DosingSystemType_Operation_Components_Component_Nr_Levels_Level_MinValue_EURange,7326,Variable
DosingSystemType_Operation_Components_Component_Nr_Levels_Level_MonitoringSensitivity,7327,Variable
DosingSystemType_Operation_Components_Component_Nr_Levels_Level_MonitoringSensitivity_EnumValues,7328,Variable
DosingSystemType_Operation_Components_Component_Nr_Levels_Level_MonitoringSensitivity_ValueAsText,7329,Variable
DosingSystemType_Operation_Components_Component_Nr_Levels_Level_ResetMonitoring,7330,Method
DosingSystemType_Operation_Components_Component_Nr_Levels_Level_SetRampDown,7331,Variable
DosingSystemType_Operation_Components_Component_Nr_Levels_Level_SetRampDown_EURange,7332,Variable
DosingSystemType_Operation_Components_Component_Nr_Levels_Level_SetRampUp,7333,Variable
DosingSystemType_Operation_Components_Component_Nr_Levels_Level_SetRampUp_EURange,7334,Variable
DosingSystemType_Operation_Components_Component_Nr_Levels_Level_SetValue,7335,Variable
DosingSystemType_Operation_Components_Component_Nr_Levels_Level_SetValue_EURange,7336,Variable
DosingSystemType_Operation_Components_Component_Nr_Levels_Level_Status,7337,Variable
DosingSystemType_Operation_Components_Component_Nr_Levels_Level_Status_EnumValues,7338,Variable
DosingSystemType_Operation_Components_Component_Nr_Levels_Level_Status_ValueAsText,7339,Variable
DosingSystemType_Operation_Components_Component_Nr_Levels_Level_UpperTolerance,7340,Variable
DosingSystemType_Operation_Components_Component_Nr_Levels_Level_UpperTolerance_EURange,7341,Variable
DosingSystemType_Operation_Components_Component_Nr_Levels_Level_UpperTolerance2,7342,Variable
DosingSystemType_Operation_Components_Component_Nr_Levels_Level_UpperTolerance2_EURange,7343,Variable
DosingSystemType_Operation_Components_Component_Nr_Material_Density_Definition,7344,Variable
DosingSystemType_Operation_Components_Component_Nr_Material_Density_EURange,7345,Variable
DosingSystemType_Operation_Components_Component_Nr_Material_Density_InstrumentRange,7346,Variable
DosingSystemType_Operation_Components_Component_Nr_Material_Density_ValuePrecision,7347,Variable
DosingSystemType_Operation_Components_Component_Nr_Material_MaterialClass_Definition,7348,Variable
DosingSystemType_Operation_Components_Component_Nr_Material_MaterialClass_ValuePrecision,7349,Variable
DosingSystemType_Operation_Components_Component_Nr_MaterialConsumption_Scrap_Definition,7350,Variable
DosingSystemType_Operation_Components_Component_Nr_MaterialConsumption_Scrap_EURange,7351,Variable
DosingSystemType_Operation_Components_Component_Nr_MaterialConsumption_Scrap_InstrumentRange,7352,Variable
DosingSystemType_Operation_Components_Component_Nr_MaterialConsumption_Scrap_ValuePrecision,7353,Variable
DosingSystemType_Operation_Components_Component_Nr_MaterialConsumption_TotalConsumption_Definition,7354,Variable
DosingSystemType_Operation_Components_Component_Nr_MaterialConsumption_TotalConsumption_EURange,7355,Variable
DosingSystemType_Operation_Components_Component_Nr_MaterialConsumption_TotalConsumption_InstrumentRange,7356,Variable
DosingSystemType_Operation_Components_Component_Nr_MaterialConsumption_TotalConsumption_ValuePrecision,7357,Variable
DosingSystemType_Operation_Components_Component_Nr_Throughput_ActualValue_Definition,7358,Variable
DosingSystemType_Operation_Components_Component_Nr_Throughput_ActualValue_EngineeringUnits,7359,Variable
DosingSystemType_Operation_Components_Component_Nr_Throughput_ActualValue_InstrumentRange,7360,Variable
DosingSystemType_Operation_Components_Component_Nr_Throughput_ActualValue_ValuePrecision,7361,Variable
DosingSystemType_Operation_Components_Component_Nr_Throughput_AlarmSuppression_Definition,7362,Variable
DosingSystemType_Operation_Components_Component_Nr_Throughput_AlarmSuppression_ValuePrecision,7363,Variable
DosingSystemType_Operation_Components_Component_Nr_Throughput_ClosedLoopControl_AutoTuningActive,7364,Variable
DosingSystemType_Operation_Components_Component_Nr_Throughput_ClosedLoopControl_AutoTuningOff,7365,Method
DosingSystemType_Operation_Components_Component_Nr_Throughput_ClosedLoopControl_AutoTuningOn,7366,Method
DosingSystemType_Operation_Components_Component_Nr_Throughput_ClosedLoopControl_AutomaticControllerMode,7367,Variable
DosingSystemType_Operation_Components_Component_Nr_Throughput_ClosedLoopControl_PIDParameters,7368,Variable
DosingSystemType_Operation_Components_Component_Nr_Throughput_LowerTolerance_Definition,7369,Variable
DosingSystemType_Operation_Components_Component_Nr_Throughput_LowerTolerance_EngineeringUnits,7370,Variable
DosingSystemType_Operation_Components_Component_Nr_Throughput_LowerTolerance_InstrumentRange,7371,Variable
DosingSystemType_Operation_Components_Component_Nr_Throughput_LowerTolerance_ValuePrecision,7372,Variable
DosingSystemType_Operation_Components_Component_Nr_Throughput_LowerTolerance2_Definition,7373,Variable
DosingSystemType_Operation_Components_Component_Nr_Throughput_LowerTolerance2_EngineeringUnits,7374,Variable
DosingSystemType_Operation_Components_Component_Nr_Throughput_LowerTolerance2_InstrumentRange,7375,Variable
DosingSystemType_Operation_Components_Component_Nr_Throughput_LowerTolerance2_ValuePrecision,7376,Variable
DosingSystemType_Operation_Components_Component_Nr_Throughput_MaxValue_Definition,7377,Variable
DosingSystemType_Operation_Components_Component_Nr_Throughput_MaxValue_EngineeringUnits,7378,Variable
DosingSystemType_Operation_Components_Component_Nr_Throughput_MaxValue_InstrumentRange,7379,Variable
DosingSystemType_Operation_Components_Component_Nr_Throughput_MaxValue_ValuePrecision,7380,Variable
DosingSystemType_Operation_Components_Component_Nr_Throughput_MinValue_Definition,7381,Variable
DosingSystemType_Operation_Components_Component_Nr_Throughput_MinValue_EngineeringUnits,7382,Variable
DosingSystemType_Operation_Components_Component_Nr_Throughput_MinValue_InstrumentRange,7383,Variable
DosingSystemType_Operation_Components_Component_Nr_Throughput_MinValue_ValuePrecision,7384,Variable
DosingSystemType_Operation_Components_Component_Nr_Throughput_MonitoringSensitivity_Definition,7385,Variable
DosingSystemType_Operation_Components_Component_Nr_Throughput_MonitoringSensitivity_ValuePrecision,7386,Variable
DosingSystemType_Operation_Components_Component_Nr_Throughput_SetRampDown_Definition,7387,Variable
DosingSystemType_Operation_Components_Component_Nr_Throughput_SetRampDown_EngineeringUnits,7388,Variable
DosingSystemType_Operation_Components_Component_Nr_Throughput_SetRampDown_InstrumentRange,7389,Variable
DosingSystemType_Operation_Components_Component_Nr_Throughput_SetRampDown_ValuePrecision,7390,Variable
DosingSystemType_Operation_Components_Component_Nr_Throughput_SetRampUp_Definition,7391,Variable
DosingSystemType_Operation_Components_Component_Nr_Throughput_SetRampUp_EngineeringUnits,7392,Variable
DosingSystemType_Operation_Components_Component_Nr_Throughput_SetRampUp_InstrumentRange,7393,Variable
DosingSystemType_Operation_Components_Component_Nr_Throughput_SetRampUp_ValuePrecision,7394,Variable
DosingSystemType_Operation_Components_Component_Nr_Throughput_SetValue_Definition,7395,Variable
DosingSystemType_Operation_Components_Component_Nr_Throughput_SetValue_EngineeringUnits,7396,Variable
DosingSystemType_Operation_Components_Component_Nr_Throughput_SetValue_InstrumentRange,7397,Variable
DosingSystemType_Operation_Components_Component_Nr_Throughput_SetValue_ValuePrecision,7398,Variable
DosingSystemType_Operation_Components_Component_Nr_Throughput_Status_Definition,7399,Variable
DosingSystemType_Operation_Components_Component_Nr_Throughput_Status_ValuePrecision,7400,Variable
DosingSystemType_Operation_Components_Component_Nr_Throughput_UpperTolerance_Definition,7401,Variable
DosingSystemType_Operation_Components_Component_Nr_Throughput_UpperTolerance_EngineeringUnits,7402,Variable
DosingSystemType_Operation_Components_Component_Nr_Throughput_UpperTolerance_InstrumentRange,7403,Variable
DosingSystemType_Operation_Components_Component_Nr_Throughput_UpperTolerance_ValuePrecision,7404,Variable
DosingSystemType_Operation_Components_Component_Nr_Throughput_UpperTolerance2_Definition,7405,Variable
DosingSystemType_Operation_Components_Component_Nr_Throughput_UpperTolerance2_EngineeringUnits,7406,Variable
DosingSystemType_Operation_Components_Component_Nr_Throughput_UpperTolerance2_InstrumentRange,7407,Variable
DosingSystemType_Operation_Components_Component_Nr_Throughput_UpperTolerance2_ValuePrecision,7408,Variable
DosingSystemType_Operation_Components_Component_Nr_Levels_Level_ActualValue_Definition,7409,Variable
DosingSystemType_Operation_Components_Component_Nr_Levels_Level_ActualValue_EngineeringUnits,7410,Variable
DosingSystemType_Operation_Components_Component_Nr_Levels_Level_ActualValue_InstrumentRange,7411,Variable
DosingSystemType_Operation_Components_Component_Nr_Levels_Level_ActualValue_ValuePrecision,7412,Variable
DosingSystemType_Operation_Components_Component_Nr_Levels_Level_AlarmSuppression_Definition,7413,Variable
DosingSystemType_Operation_Components_Component_Nr_Levels_Level_AlarmSuppression_ValuePrecision,7414,Variable
DosingSystemType_Operation_Components_Component_Nr_Levels_Level_LowerTolerance_Definition,7415,Variable
DosingSystemType_Operation_Components_Component_Nr_Levels_Level_LowerTolerance_EngineeringUnits,7416,Variable
DosingSystemType_Operation_Components_Component_Nr_Levels_Level_LowerTolerance_InstrumentRange,7417,Variable
DosingSystemType_Operation_Components_Component_Nr_Levels_Level_LowerTolerance_ValuePrecision,7418,Variable
DosingSystemType_Operation_Components_Component_Nr_Levels_Level_LowerTolerance2_Definition,7419,Variable
DosingSystemType_Operation_Components_Component_Nr_Levels_Level_LowerTolerance2_EngineeringUnits,7420,Variable
DosingSystemType_Operation_Components_Component_Nr_Levels_Level_LowerTolerance2_InstrumentRange,7421,Variable
DosingSystemType_Operation_Components_Component_Nr_Levels_Level_LowerTolerance2_ValuePrecision,7422,Variable
DosingSystemType_Operation_Mixing_IdleMixing,7423,Variable
DosingSystemType_Operation_ElectricalEnergy_ActualPower_Definition,7424,Variable
DosingSystemType_Operation_ElectricalEnergy_ActualPower_EURange,7425,Variable
DosingSystemType_Operation_ElectricalEnergy_ActualPower_InstrumentRange,7426,Variable
DosingSystemType_Operation_ElectricalEnergy_ActualPower_ValuePrecision,7427,Variable
DosingSystemType_Operation_ElectricalEnergy_ActualSpecificEnergy_Definition,7428,Variable
DosingSystemType_Operation_ElectricalEnergy_ActualSpecificEnergy_EURange,7429,Variable
DosingSystemType_Operation_ElectricalEnergy_ActualSpecificEnergy_InstrumentRange,7430,Variable
DosingSystemType_Operation_ElectricalEnergy_ActualSpecificEnergy_ValuePrecision,7431,Variable
DosingSystemType_Operation_ElectricalEnergy_PowerConsumption_Definition,7432,Variable
DosingSystemType_Operation_ElectricalEnergy_PowerConsumption_EURange,7433,Variable
DosingSystemType_Operation_ElectricalEnergy_PowerConsumption_InstrumentRange,7434,Variable
DosingSystemType_Operation_ElectricalEnergy_PowerConsumption_ValuePrecision,7435,Variable
DosingSystemType_Operation_Maintenance_Interval_Definition,7436,Variable
DosingSystemType_Operation_Maintenance_Interval_InstrumentRange,7437,Variable
DosingSystemType_Operation_Maintenance_Interval_ValuePrecision,7438,Variable
DosingSystemType_Operation_Maintenance_RemainingInterval_Definition,7439,Variable
DosingSystemType_Operation_Maintenance_RemainingInterval_InstrumentRange,7440,Variable
DosingSystemType_Operation_Maintenance_RemainingInterval_ValuePrecision,7441,Variable
DosingSystemType_Operation_Maintenance_TotalOperation_Definition,7442,Variable
DosingSystemType_Operation_Maintenance_TotalOperation_InstrumentRange,7443,Variable
DosingSystemType_Operation_Maintenance_TotalOperation_ValuePrecision,7444,Variable
DosingSystemType_Operation_Mixing_MixingMode_Definition,7445,Variable
DosingSystemType_Operation_Mixing_MixingMode_ValuePrecision,7446,Variable
DosingSystemType_Operation_BatchWeight_ActualValue,7447,Variable
DosingSystemType_Operation_BatchWeight_ActualValue_EURange,7448,Variable
DosingSystemType_Operation_SetActive,7449,Variable
DosingSystemType_Operation_ShotWeight_ActualValue,7450,Variable
DosingSystemType_Operation_ShotWeight_ActualValue_EURange,7451,Variable
DosingSystemType_Operation_Throughput_ActualValue,7452,Variable
DosingSystemType_Operation_Throughput_ActualValue_EURange,7453,Variable
DosingSystemType_Operation_BatchWeight_AlarmSuppression,7454,Variable
DosingSystemType_Operation_BatchWeight_AlarmSuppression_EnumValues,7455,Variable
DosingSystemType_Operation_BatchWeight_AlarmSuppression_ValueAsText,7456,Variable
DosingSystemType_Operation_BatchWeight_AutomaticMonitoring,7457,Variable
DosingSystemType_Operation_BatchWeight_LowerTolerance,7458,Variable
DosingSystemType_Operation_BatchWeight_LowerTolerance_EURange,7459,Variable
DosingSystemType_Operation_BatchWeight_LowerTolerance2,7460,Variable
DosingSystemType_Operation_BatchWeight_LowerTolerance2_EURange,7461,Variable
DosingSystemType_Operation_BatchWeight_MaxValue,7462,Variable
DosingSystemType_Operation_BatchWeight_MaxValue_EURange,7463,Variable
DosingSystemType_Operation_BatchWeight_MinValue,7464,Variable
DosingSystemType_Operation_BatchWeight_MinValue_EURange,7465,Variable
DosingSystemType_Operation_BatchWeight_MonitoringSensitivity,7466,Variable
DosingSystemType_Operation_BatchWeight_MonitoringSensitivity_EnumValues,7467,Variable
DosingSystemType_Operation_BatchWeight_MonitoringSensitivity_ValueAsText,7468,Variable
DosingSystemType_Operation_BatchWeight_ResetMonitoring,7469,Method
DosingSystemType_Operation_BatchWeight_SetRampDown,7470,Variable
DosingSystemType_Operation_BatchWeight_SetRampDown_EURange,7471,Variable
DosingSystemType_Operation_BatchWeight_SetRampUp,7472,Variable
DosingSystemType_Operation_BatchWeight_SetRampUp_EURange,7473,Variable
DosingSystemType_Operation_BatchWeight_SetValue,7474,Variable
DosingSystemType_Operation_BatchWeight_SetValue_EURange,7475,Variable
DosingSystemType_Operation_BatchWeight_Status,7476,Variable
DosingSystemType_Operation_BatchWeight_Status_EnumValues,7477,Variable
DosingSystemType_Operation_BatchWeight_Status_ValueAsText,7478,Variable
DosingSystemType_Operation_BatchWeight_UpperTolerance,7479,Variable
DosingSystemType_Operation_BatchWeight_UpperTolerance_EURange,7480,Variable
DosingSystemType_Operation_BatchWeight_UpperTolerance2,7481,Variable
DosingSystemType_Operation_BatchWeight_UpperTolerance2_EURange,7482,Variable
DosingSystemType_Operation_ShotWeight_AlarmSuppression,7483,Variable
DosingSystemType_Operation_ShotWeight_AlarmSuppression_EnumValues,7484,Variable
DosingSystemType_Operation_ShotWeight_AlarmSuppression_ValueAsText,7485,Variable
DosingSystemType_Operation_ShotWeight_AutomaticMonitoring,7486,Variable
DosingSystemType_Operation_ShotWeight_LowerTolerance,7487,Variable
DosingSystemType_Operation_ShotWeight_LowerTolerance_EURange,7488,Variable
DosingSystemType_Operation_ShotWeight_LowerTolerance2,7489,Variable
DosingSystemType_Operation_ShotWeight_LowerTolerance2_EURange,7490,Variable
DosingSystemType_Operation_ShotWeight_MaxValue,7491,Variable
DosingSystemType_Operation_ShotWeight_MaxValue_EURange,7492,Variable
DosingSystemType_Operation_ShotWeight_MinValue,7493,Variable
DosingSystemType_Operation_ShotWeight_MinValue_EURange,7494,Variable
DosingSystemType_Operation_ShotWeight_MonitoringSensitivity,7495,Variable
DosingSystemType_Operation_ShotWeight_MonitoringSensitivity_EnumValues,7496,Variable
DosingSystemType_Operation_ShotWeight_MonitoringSensitivity_ValueAsText,7497,Variable
DosingSystemType_Operation_ShotWeight_ResetMonitoring,7498,Method
DosingSystemType_Operation_ShotWeight_SetRampDown,7499,Variable
DosingSystemType_Operation_ShotWeight_SetRampDown_EURange,7500,Variable
DosingSystemType_Operation_ShotWeight_SetRampUp,7501,Variable
DosingSystemType_Operation_ShotWeight_SetRampUp_EURange,7502,Variable
DosingSystemType_Operation_ShotWeight_SetValue,7503,Variable
DosingSystemType_Operation_ShotWeight_SetValue_EURange,7504,Variable
DosingSystemType_Operation_ShotWeight_Status,7505,Variable
DosingSystemType_Operation_ShotWeight_Status_EnumValues,7506,Variable
DosingSystemType_Operation_ShotWeight_Status_ValueAsText,7507,Variable
DosingSystemType_Operation_ShotWeight_UpperTolerance,7508,Variable
DosingSystemType_Operation_ShotWeight_UpperTolerance_EURange,7509,Variable
DosingSystemType_Operation_ShotWeight_UpperTolerance2,7510,Variable
DosingSystemType_Operation_ShotWeight_UpperTolerance2_EURange,7511,Variable
DosingSystemType_Operation_Throughput_AlarmSuppression,7512,Variable
DosingSystemType_Operation_Throughput_AlarmSuppression_EnumValues,7513,Variable
DosingSystemType_Operation_Throughput_AlarmSuppression_ValueAsText,7514,Variable
DosingSystemType_Operation_Throughput_AutomaticMonitoring,7515,Variable
DosingSystemType_Operation_Throughput_LowerTolerance,7516,Variable
DosingSystemType_Operation_Throughput_LowerTolerance_EURange,7517,Variable
DosingSystemType_Operation_Throughput_LowerTolerance2,7518,Variable
DosingSystemType_Operation_Throughput_LowerTolerance2_EURange,7519,Variable
DosingSystemType_Operation_Throughput_MaxValue,7520,Variable
DosingSystemType_Operation_Throughput_MaxValue_EURange,7521,Variable
DosingSystemType_Operation_Throughput_MinValue,7522,Variable
DosingSystemType_Operation_Throughput_MinValue_EURange,7523,Variable
DosingSystemType_Operation_Throughput_MonitoringSensitivity,7524,Variable
DosingSystemType_Operation_Throughput_MonitoringSensitivity_EnumValues,7525,Variable
DosingSystemType_Operation_Throughput_MonitoringSensitivity_ValueAsText,7526,Variable
DosingSystemType_Operation_Throughput_ResetMonitoring,7527,Method
DosingSystemType_Operation_Throughput_SetRampDown,7528,Variable
DosingSystemType_Operation_Throughput_SetRampDown_EURange,7529,Variable
DosingSystemType_Operation_Throughput_SetRampUp,7530,Variable
DosingSystemType_Operation_Throughput_SetRampUp_EURange,7531,Variable
DosingSystemType_Operation_Throughput_SetValue,7532,Variable
DosingSystemType_Operation_Throughput_SetValue_EURange,7533,Variable
DosingSystemType_Operation_Throughput_Status,7534,Variable
DosingSystemType_Operation_Throughput_Status_EnumValues,7535,Variable
DosingSystemType_Operation_Throughput_Status_ValueAsText,7536,Variable
DosingSystemType_Operation_Throughput_UpperTolerance,7537,Variable
DosingSystemType_Operation_Throughput_UpperTolerance_EURange,7538,Variable
DosingSystemType_Operation_Throughput_UpperTolerance2,7539,Variable
DosingSystemType_Operation_Throughput_UpperTolerance2_EURange,7540,Variable
DosingSystemType_Operation_BatchWeight_ActualValue_Definition,7541,Variable
DosingSystemType_Operation_BatchWeight_ActualValue_EngineeringUnits,7542,Variable
DosingSystemType_Operation_BatchWeight_ActualValue_InstrumentRange,7543,Variable
DosingSystemType_Operation_BatchWeight_ActualValue_ValuePrecision,7544,Variable
DosingSystemType_Operation_BatchWeight_AlarmSuppression_Definition,7545,Variable
DosingSystemType_Operation_BatchWeight_AlarmSuppression_ValuePrecision,7546,Variable
DosingSystemType_Operation_BatchWeight_ClosedLoopControl_AutoTuningActive,7547,Variable
DosingSystemType_Operation_BatchWeight_ClosedLoopControl_AutoTuningOff,7548,Method
DosingSystemType_Operation_BatchWeight_ClosedLoopControl_AutoTuningOn,7549,Method
DosingSystemType_Operation_BatchWeight_ClosedLoopControl_AutomaticControllerMode,7550,Variable
DosingSystemType_Operation_BatchWeight_ClosedLoopControl_PIDParameters,7551,Variable
DosingSystemType_Operation_BatchWeight_LowerTolerance_Definition,7552,Variable
DosingSystemType_Operation_BatchWeight_LowerTolerance_EngineeringUnits,7553,Variable
DosingSystemType_Operation_BatchWeight_LowerTolerance_InstrumentRange,7554,Variable
DosingSystemType_Operation_BatchWeight_LowerTolerance_ValuePrecision,7555,Variable
DosingSystemType_Operation_BatchWeight_LowerTolerance2_Definition,7556,Variable
DosingSystemType_Operation_BatchWeight_LowerTolerance2_EngineeringUnits,7557,Variable
DosingSystemType_Operation_BatchWeight_LowerTolerance2_InstrumentRange,7558,Variable
DosingSystemType_Operation_BatchWeight_LowerTolerance2_ValuePrecision,7559,Variable
DosingSystemType_Operation_BatchWeight_MaxValue_Definition,7560,Variable
DosingSystemType_Operation_BatchWeight_MaxValue_EngineeringUnits,7561,Variable
DosingSystemType_Operation_BatchWeight_MaxValue_InstrumentRange,7562,Variable
DosingSystemType_Operation_BatchWeight_MaxValue_ValuePrecision,7563,Variable
DosingSystemType_Operation_BatchWeight_MinValue_Definition,7564,Variable
DosingSystemType_Operation_BatchWeight_MinValue_EngineeringUnits,7565,Variable
DosingSystemType_Operation_BatchWeight_MinValue_InstrumentRange,7566,Variable
DosingSystemType_Operation_BatchWeight_MinValue_ValuePrecision,7567,Variable
DosingSystemType_Operation_BatchWeight_MonitoringSensitivity_Definition,7568,Variable
DosingSystemType_Operation_BatchWeight_MonitoringSensitivity_ValuePrecision,7569,Variable
DosingSystemType_Operation_BatchWeight_SetRampDown_Definition,7570,Variable
DosingSystemType_Operation_BatchWeight_SetRampDown_EngineeringUnits,7571,Variable
DosingSystemType_Operation_BatchWeight_SetRampDown_InstrumentRange,7572,Variable
DosingSystemType_Operation_BatchWeight_SetRampDown_ValuePrecision,7573,Variable
DosingSystemType_Operation_BatchWeight_SetRampUp_Definition,7574,Variable
DosingSystemType_Operation_BatchWeight_SetRampUp_EngineeringUnits,7575,Variable
DosingSystemType_Operation_BatchWeight_SetRampUp_InstrumentRange,7576,Variable
DosingSystemType_Operation_BatchWeight_SetRampUp_ValuePrecision,7577,Variable
DosingSystemType_Operation_BatchWeight_SetValue_Definition,7578,Variable
DosingSystemType_Operation_BatchWeight_SetValue_EngineeringUnits,7579,Variable
DosingSystemType_Operation_BatchWeight_SetValue_InstrumentRange,7580,Variable
DosingSystemType_Operation_BatchWeight_SetValue_ValuePrecision,7581,Variable
DosingSystemType_Operation_BatchWeight_Status_Definition,7582,Variable
DosingSystemType_Operation_BatchWeight_Status_ValuePrecision,7583,Variable
DosingSystemType_Operation_BatchWeight_UpperTolerance_Definition,7584,Variable
DosingSystemType_Operation_BatchWeight_UpperTolerance_EngineeringUnits,7585,Variable
DosingSystemType_Operation_BatchWeight_UpperTolerance_InstrumentRange,7586,Variable
DosingSystemType_Operation_BatchWeight_UpperTolerance_ValuePrecision,7587,Variable
DosingSystemType_Operation_BatchWeight_UpperTolerance2_Definition,7588,Variable
DosingSystemType_Operation_BatchWeight_UpperTolerance2_EngineeringUnits,7589,Variable
DosingSystemType_Operation_BatchWeight_UpperTolerance2_InstrumentRange,7590,Variable
DosingSystemType_Operation_BatchWeight_UpperTolerance2_ValuePrecision,7591,Variable
DosingSystemType_Operation_ShotWeight_ActualValue_Definition,7592,Variable
DosingSystemType_Operation_ShotWeight_ActualValue_EngineeringUnits,7593,Variable
DosingSystemType_Operation_ShotWeight_ActualValue_InstrumentRange,7594,Variable
DosingSystemType_Operation_ShotWeight_ActualValue_ValuePrecision,7595,Variable
DosingSystemType_Operation_ShotWeight_AlarmSuppression_Definition,7596,Variable
DosingSystemType_Operation_ShotWeight_AlarmSuppression_ValuePrecision,7597,Variable
DosingSystemType_Operation_ShotWeight_ClosedLoopControl_AutoTuningActive,7598,Variable
DosingSystemType_Operation_ShotWeight_ClosedLoopControl_AutoTuningOff,7599,Method
DosingSystemType_Operation_ShotWeight_ClosedLoopControl_AutoTuningOn,7600,Method
DosingSystemType_Operation_ShotWeight_ClosedLoopControl_AutomaticControllerMode,7601,Variable
DosingSystemType_Operation_ShotWeight_ClosedLoopControl_PIDParameters,7602,Variable
DosingSystemType_Operation_ShotWeight_LowerTolerance_Definition,7603,Variable
DosingSystemType_Operation_ShotWeight_LowerTolerance_EngineeringUnits,7604,Variable
DosingSystemType_Operation_ShotWeight_LowerTolerance_InstrumentRange,7605,Variable
DosingSystemType_Operation_ShotWeight_LowerTolerance_ValuePrecision,7606,Variable
DosingSystemType_Operation_ShotWeight_LowerTolerance2_Definition,7607,Variable
DosingSystemType_Operation_ShotWeight_LowerTolerance2_EngineeringUnits,7608,Variable
DosingSystemType_Operation_ShotWeight_LowerTolerance2_InstrumentRange,7609,Variable
DosingSystemType_Operation_ShotWeight_LowerTolerance2_ValuePrecision,7610,Variable
DosingSystemType_Operation_ShotWeight_MaxValue_Definition,7611,Variable
DosingSystemType_Operation_ShotWeight_MaxValue_EngineeringUnits,7612,Variable
DosingSystemType_Operation_ShotWeight_MaxValue_InstrumentRange,7613,Variable
DosingSystemType_Operation_ShotWeight_MaxValue_ValuePrecision,7614,Variable
DosingSystemType_Operation_ShotWeight_MinValue_Definition,7615,Variable
DosingSystemType_Operation_ShotWeight_MinValue_EngineeringUnits,7616,Variable
DosingSystemType_Operation_ShotWeight_MinValue_InstrumentRange,7617,Variable
DosingSystemType_Operation_ShotWeight_MinValue_ValuePrecision,7618,Variable
DosingSystemType_Operation_ShotWeight_MonitoringSensitivity_Definition,7619,Variable
DosingSystemType_Operation_ShotWeight_MonitoringSensitivity_ValuePrecision,7620,Variable
DosingSystemType_Operation_ShotWeight_SetRampDown_Definition,7621,Variable
DosingSystemType_Operation_ShotWeight_SetRampDown_EngineeringUnits,7622,Variable
DosingSystemType_Operation_ShotWeight_SetRampDown_InstrumentRange,7623,Variable
DosingSystemType_Operation_ShotWeight_SetRampDown_ValuePrecision,7624,Variable
DosingSystemType_Operation_ShotWeight_SetRampUp_Definition,7625,Variable
DosingSystemType_Operation_ShotWeight_SetRampUp_EngineeringUnits,7626,Variable
DosingSystemType_Operation_ShotWeight_SetRampUp_InstrumentRange,7627,Variable
DosingSystemType_Operation_ShotWeight_SetRampUp_ValuePrecision,7628,Variable
DosingSystemType_Operation_ShotWeight_SetValue_Definition,7629,Variable
DosingSystemType_Operation_ShotWeight_SetValue_EngineeringUnits,7630,Variable
DosingSystemType_Operation_ShotWeight_SetValue_InstrumentRange,7631,Variable
DosingSystemType_Operation_ShotWeight_SetValue_ValuePrecision,7632,Variable
DosingSystemType_Operation_ShotWeight_Status_Definition,7633,Variable
DosingSystemType_Operation_ShotWeight_Status_ValuePrecision,7634,Variable
DosingSystemType_Operation_ShotWeight_UpperTolerance_Definition,7635,Variable
DosingSystemType_Operation_ShotWeight_UpperTolerance_EngineeringUnits,7636,Variable
DosingSystemType_Operation_ShotWeight_UpperTolerance_InstrumentRange,7637,Variable
DosingSystemType_Operation_ShotWeight_UpperTolerance_ValuePrecision,7638,Variable
DosingSystemType_Operation_ShotWeight_UpperTolerance2_Definition,7639,Variable
DosingSystemType_Operation_ShotWeight_UpperTolerance2_EngineeringUnits,7640,Variable
DosingSystemType_Operation_ShotWeight_UpperTolerance2_InstrumentRange,7641,Variable
DosingSystemType_Operation_ShotWeight_UpperTolerance2_ValuePrecision,7642,Variable
DosingSystemType_Operation_Throughput_ActualValue_Definition,7643,Variable
DosingSystemType_Operation_Throughput_ActualValue_EngineeringUnits,7644,Variable
DosingSystemType_Operation_Throughput_ActualValue_InstrumentRange,7645,Variable
DosingSystemType_Operation_Throughput_ActualValue_ValuePrecision,7646,Variable
DosingSystemType_Operation_Throughput_AlarmSuppression_Definition,7647,Variable
DosingSystemType_Operation_Throughput_AlarmSuppression_ValuePrecision,7648,Variable
DosingSystemType_Operation_Throughput_ClosedLoopControl_AutoTuningActive,7649,Variable
DosingSystemType_Operation_Throughput_ClosedLoopControl_AutoTuningOff,7650,Method
DosingSystemType_Operation_Throughput_ClosedLoopControl_AutoTuningOn,7651,Method
DosingSystemType_Operation_Throughput_ClosedLoopControl_AutomaticControllerMode,7652,Variable
DosingSystemType_Operation_Throughput_ClosedLoopControl_PIDParameters,7653,Variable
DosingSystemType_Operation_Throughput_LowerTolerance_Definition,7654,Variable
DosingSystemType_Operation_Throughput_LowerTolerance_EngineeringUnits,7655,Variable
DosingSystemType_Operation_Throughput_LowerTolerance_InstrumentRange,7656,Variable
DosingSystemType_Operation_Throughput_LowerTolerance_ValuePrecision,7657,Variable
DosingSystemType_Operation_Throughput_LowerTolerance2_Definition,7658,Variable
DosingSystemType_Operation_Throughput_LowerTolerance2_EngineeringUnits,7659,Variable
DosingSystemType_Operation_Throughput_LowerTolerance2_InstrumentRange,7660,Variable
DosingSystemType_Operation_Throughput_LowerTolerance2_ValuePrecision,7661,Variable
DosingSystemType_Operation_Throughput_MaxValue_Definition,7662,Variable
DosingSystemType_Operation_Throughput_MaxValue_EngineeringUnits,7663,Variable
DosingSystemType_Operation_Throughput_MaxValue_InstrumentRange,7664,Variable
DosingSystemType_Operation_Throughput_MaxValue_ValuePrecision,7665,Variable
DosingSystemType_Operation_Throughput_MinValue_Definition,7666,Variable
DosingSystemType_Operation_Throughput_MinValue_EngineeringUnits,7667,Variable
DosingSystemType_Operation_Throughput_MinValue_InstrumentRange,7668,Variable
DosingSystemType_Operation_Throughput_MinValue_ValuePrecision,7669,Variable
DosingSystemType_Operation_Throughput_MonitoringSensitivity_Definition,7670,Variable
DosingSystemType_Operation_Throughput_MonitoringSensitivity_ValuePrecision,7671,Variable
DosingSystemType_Operation_Throughput_SetRampDown_Definition,7672,Variable
DosingSystemType_Operation_Throughput_SetRampDown_EngineeringUnits,7673,Variable
DosingSystemType_Operation_Throughput_SetRampDown_InstrumentRange,7674,Variable
DosingSystemType_Operation_Throughput_SetRampDown_ValuePrecision,7675,Variable
DosingSystemType_Operation_Throughput_SetRampUp_Definition,7676,Variable
DosingSystemType_Operation_Throughput_SetRampUp_EngineeringUnits,7677,Variable
DosingSystemType_Operation_Throughput_SetRampUp_InstrumentRange,7678,Variable
DosingSystemType_Operation_Throughput_SetRampUp_ValuePrecision,7679,Variable
DosingSystemType_Operation_Throughput_SetValue_Definition,7680,Variable
DosingSystemType_Operation_Throughput_SetValue_EngineeringUnits,7681,Variable
DosingSystemType_Operation_Throughput_SetValue_InstrumentRange,7682,Variable
DosingSystemType_Operation_Throughput_SetValue_ValuePrecision,7683,Variable
DosingSystemType_Operation_Throughput_Status_Definition,7684,Variable
DosingSystemType_Operation_Throughput_Status_ValuePrecision,7685,Variable
DosingSystemType_Operation_Throughput_UpperTolerance_Definition,7686,Variable
DosingSystemType_Operation_Throughput_UpperTolerance_EngineeringUnits,7687,Variable
DosingSystemType_Operation_Throughput_UpperTolerance_InstrumentRange,7688,Variable
DosingSystemType_Operation_Throughput_UpperTolerance_ValuePrecision,7689,Variable
DosingSystemType_Operation_Throughput_UpperTolerance2_Definition,7690,Variable
DosingSystemType_Operation_Throughput_UpperTolerance2_EngineeringUnits,7691,Variable
DosingSystemType_Operation_Throughput_UpperTolerance2_InstrumentRange,7692,Variable
DosingSystemType_Operation_Throughput_UpperTolerance2_ValuePrecision,7693,Variable
ComponentsType_Component_Nr_Levels_Filling,7694,Variable
ComponentsType_Component_Nr_ElectricalEnergy_ActualPower_Definition,7695,Variable
ComponentsType_Component_Nr_ElectricalEnergy_ActualPower_EURange,7696,Variable
ComponentsType_Component_Nr_ElectricalEnergy_ActualPower_InstrumentRange,7697,Variable
ComponentsType_Component_Nr_ElectricalEnergy_ActualPower_ValuePrecision,7698,Variable
ComponentsType_Component_Nr_ElectricalEnergy_ActualSpecificEnergy_Definition,7699,Variable
ComponentsType_Component_Nr_ElectricalEnergy_ActualSpecificEnergy_EURange,7700,Variable
ComponentsType_Component_Nr_ElectricalEnergy_ActualSpecificEnergy_InstrumentRange,7701,Variable
ComponentsType_Component_Nr_ElectricalEnergy_ActualSpecificEnergy_ValuePrecision,7702,Variable
ComponentsType_Component_Nr_ElectricalEnergy_PowerConsumption_Definition,7703,Variable
ComponentsType_Component_Nr_ElectricalEnergy_PowerConsumption_EURange,7704,Variable
ComponentsType_Component_Nr_ElectricalEnergy_PowerConsumption_InstrumentRange,7705,Variable
ComponentsType_Component_Nr_ElectricalEnergy_PowerConsumption_ValuePrecision,7706,Variable
DosingSystemType_Operation_Components_Component_Nr_Levels_Level_MaxValue_Definition,7707,Variable
DosingSystemType_Operation_Components_Component_Nr_Levels_Level_MaxValue_EngineeringUnits,7708,Variable
DosingSystemType_Operation_Components_Component_Nr_Levels_Level_MaxValue_InstrumentRange,7709,Variable
DosingSystemType_Operation_Components_Component_Nr_Levels_Level_MaxValue_ValuePrecision,7710,Variable
ComponentsType_Component_Nr_Levels_Level_ActualValue_Definition,7711,Variable
ComponentsType_Component_Nr_Levels_Level_ActualValue_InstrumentRange,7712,Variable
ComponentsType_Component_Nr_Levels_Level_ActualValue_ValuePrecision,7713,Variable
ComponentsType_Component_Nr_Levels_Level_AlarmSuppression_Definition,7714,Variable
ComponentsType_Component_Nr_Levels_Level_AlarmSuppression_ValuePrecision,7715,Variable
ComponentsType_Component_Nr_Levels_Level_LowerTolerance_Definition,7716,Variable
ComponentsType_Component_Nr_Levels_Level_LowerTolerance_InstrumentRange,7717,Variable
ComponentsType_Component_Nr_Levels_Level_LowerTolerance_ValuePrecision,7718,Variable
ComponentsType_Component_Nr_Levels_Level_LowerTolerance2_Definition,7719,Variable
ComponentsType_Component_Nr_Levels_Level_LowerTolerance2_InstrumentRange,7720,Variable
ComponentsType_Component_Nr_Levels_Level_LowerTolerance2_ValuePrecision,7721,Variable
ComponentsType_Component_Nr_Levels_Level_MaxValue_Definition,7722,Variable
ComponentsType_Component_Nr_Levels_Level_MaxValue_InstrumentRange,7723,Variable
ComponentsType_Component_Nr_Levels_Level_MaxValue_ValuePrecision,7724,Variable
ComponentsType_Component_Nr_Levels_Level_MinValue_Definition,7725,Variable
ComponentsType_Component_Nr_Levels_Level_MinValue_InstrumentRange,7726,Variable
ComponentsType_Component_Nr_Levels_Level_MinValue_ValuePrecision,7727,Variable
ComponentsType_Component_Nr_Levels_Level_MonitoringSensitivity_Definition,7728,Variable
ComponentsType_Component_Nr_Levels_Level_MonitoringSensitivity_ValuePrecision,7729,Variable
ComponentsType_Component_Nr_Levels_Level_SetRampDown_Definition,7730,Variable
ComponentsType_Component_Nr_Levels_Level_SetRampDown_InstrumentRange,7731,Variable
ComponentsType_Component_Nr_Levels_Level_SetRampDown_ValuePrecision,7732,Variable
ComponentsType_Component_Nr_Levels_Level_SetRampUp_Definition,7733,Variable
ComponentsType_Component_Nr_Levels_Level_SetRampUp_InstrumentRange,7734,Variable
ComponentsType_Component_Nr_Levels_Level_SetRampUp_ValuePrecision,7735,Variable
ComponentsType_Component_Nr_Levels_Level_SetValue_Definition,7736,Variable
ComponentsType_Component_Nr_Levels_Level_SetValue_InstrumentRange,7737,Variable
ComponentsType_Component_Nr_Levels_Level_SetValue_ValuePrecision,7738,Variable
ComponentsType_Component_Nr_Levels_Level_Status_Definition,7739,Variable
ComponentsType_Component_Nr_Levels_Level_Status_ValuePrecision,7740,Variable
ComponentsType_Component_Nr_Levels_Level_UpperTolerance_Definition,7741,Variable
ComponentsType_Component_Nr_Levels_Level_UpperTolerance_InstrumentRange,7742,Variable
ComponentsType_Component_Nr_Levels_Level_UpperTolerance_ValuePrecision,7743,Variable
ComponentsType_Component_Nr_Levels_Level_UpperTolerance2_Definition,7744,Variable
ComponentsType_Component_Nr_Levels_Level_UpperTolerance2_InstrumentRange,7745,Variable
ComponentsType_Component_Nr_Levels_Level_UpperTolerance2_ValuePrecision,7746,Variable
ComponentsType_Component_Nr_FeedRateScalingFactor,7747,Variable
ComponentsType_Component_Nr_Throughput_ActualValue,7748,Variable
ComponentsType_Component_Nr_Throughput_ActualValue_EURange,7749,Variable
ComponentsType_Component_Nr_Throughput_AlarmSuppression,7750,Variable
ComponentsType_Component_Nr_Throughput_AlarmSuppression_EnumValues,7751,Variable
ComponentsType_Component_Nr_Throughput_AlarmSuppression_ValueAsText,7752,Variable
ComponentsType_Component_Nr_Throughput_AutomaticMonitoring,7753,Variable
ComponentsType_Component_Nr_Throughput_LowerTolerance,7754,Variable
ComponentsType_Component_Nr_Throughput_LowerTolerance_EURange,7755,Variable
ComponentsType_Component_Nr_Throughput_LowerTolerance2,7756,Variable
ComponentsType_Component_Nr_Throughput_LowerTolerance2_EURange,7757,Variable
ComponentsType_Component_Nr_Throughput_MaxValue,7758,Variable
ComponentsType_Component_Nr_Throughput_MaxValue_EURange,7759,Variable
ComponentsType_Component_Nr_Throughput_MinValue,7760,Variable
ComponentsType_Component_Nr_Throughput_MinValue_EURange,7761,Variable
ComponentsType_Component_Nr_Throughput_MonitoringSensitivity,7762,Variable
ComponentsType_Component_Nr_Throughput_MonitoringSensitivity_EnumValues,7763,Variable
ComponentsType_Component_Nr_Throughput_MonitoringSensitivity_ValueAsText,7764,Variable
ComponentsType_Component_Nr_Throughput_ResetMonitoring,7765,Method
ComponentsType_Component_Nr_Throughput_SetRampDown,7766,Variable
ComponentsType_Component_Nr_Throughput_SetRampDown_EURange,7767,Variable
ComponentsType_Component_Nr_Throughput_SetRampUp,7768,Variable
ComponentsType_Component_Nr_Throughput_SetRampUp_EURange,7769,Variable
ComponentsType_Component_Nr_Throughput_SetValue,7770,Variable
ComponentsType_Component_Nr_Throughput_SetValue_EURange,7771,Variable
ComponentsType_Component_Nr_Throughput_Status,7772,Variable
ComponentsType_Component_Nr_Throughput_Status_EnumValues,7773,Variable
ComponentsType_Component_Nr_Throughput_Status_ValueAsText,7774,Variable
ComponentsType_Component_Nr_Throughput_UpperTolerance,7775,Variable
ComponentsType_Component_Nr_Throughput_UpperTolerance_EURange,7776,Variable
ComponentsType_Component_Nr_Throughput_UpperTolerance2,7777,Variable
ComponentsType_Component_Nr_Throughput_UpperTolerance2_EURange,7778,Variable
ComponentsType_Component_Nr_Throughput_ActualValue_Definition,7779,Variable
ComponentsType_Component_Nr_Throughput_ActualValue_EngineeringUnits,7780,Variable
ComponentsType_Component_Nr_Throughput_ActualValue_InstrumentRange,7781,Variable
ComponentsType_Component_Nr_Throughput_ActualValue_ValuePrecision,7782,Variable
ComponentsType_Component_Nr_Throughput_AlarmSuppression_Definition,7783,Variable
ComponentsType_Component_Nr_Throughput_AlarmSuppression_ValuePrecision,7784,Variable
ComponentsType_Component_Nr_Throughput_ClosedLoopControl_AutoTuningActive,7785,Variable
ComponentsType_Component_Nr_Throughput_ClosedLoopControl_AutoTuningOff,7786,Method
ComponentsType_Component_Nr_Throughput_ClosedLoopControl_AutoTuningOn,7787,Method
ComponentsType_Component_Nr_Throughput_ClosedLoopControl_AutomaticControllerMode,7788,Variable
ComponentsType_Component_Nr_Throughput_ClosedLoopControl_PIDParameters,7789,Variable
ComponentsType_Component_Nr_Throughput_LowerTolerance_Definition,7790,Variable
ComponentsType_Component_Nr_Throughput_LowerTolerance_EngineeringUnits,7791,Variable
ComponentsType_Component_Nr_Throughput_LowerTolerance_InstrumentRange,7792,Variable
ComponentsType_Component_Nr_Throughput_LowerTolerance_ValuePrecision,7793,Variable
ComponentsType_Component_Nr_Throughput_LowerTolerance2_Definition,7794,Variable
ComponentsType_Component_Nr_Throughput_LowerTolerance2_EngineeringUnits,7795,Variable
ComponentsType_Component_Nr_Throughput_LowerTolerance2_InstrumentRange,7796,Variable
ComponentsType_Component_Nr_Throughput_LowerTolerance2_ValuePrecision,7797,Variable
ComponentsType_Component_Nr_Throughput_MaxValue_Definition,7798,Variable
ComponentsType_Component_Nr_Throughput_MaxValue_EngineeringUnits,7799,Variable
ComponentsType_Component_Nr_Throughput_MaxValue_InstrumentRange,7800,Variable
ComponentsType_Component_Nr_Throughput_MaxValue_ValuePrecision,7801,Variable
ComponentsType_Component_Nr_Throughput_MinValue_Definition,7802,Variable
ComponentsType_Component_Nr_Throughput_MinValue_EngineeringUnits,7803,Variable
ComponentsType_Component_Nr_Throughput_MinValue_InstrumentRange,7804,Variable
ComponentsType_Component_Nr_Throughput_MinValue_ValuePrecision,7805,Variable
ComponentsType_Component_Nr_Throughput_MonitoringSensitivity_Definition,7806,Variable
ComponentsType_Component_Nr_Throughput_MonitoringSensitivity_ValuePrecision,7807,Variable
ComponentsType_Component_Nr_Throughput_SetRampDown_Definition,7808,Variable
ComponentsType_Component_Nr_Throughput_SetRampDown_EngineeringUnits,7809,Variable
ComponentsType_Component_Nr_Throughput_SetRampDown_InstrumentRange,7810,Variable
ComponentsType_Component_Nr_Throughput_SetRampDown_ValuePrecision,7811,Variable
ComponentsType_Component_Nr_Throughput_SetRampUp_Definition,7812,Variable
ComponentsType_Component_Nr_Throughput_SetRampUp_EngineeringUnits,7813,Variable
ComponentsType_Component_Nr_Throughput_SetRampUp_InstrumentRange,7814,Variable
ComponentsType_Component_Nr_Throughput_SetRampUp_ValuePrecision,7815,Variable
ComponentsType_Component_Nr_Throughput_SetValue_Definition,7816,Variable
ComponentsType_Component_Nr_Throughput_SetValue_EngineeringUnits,7817,Variable
ComponentsType_Component_Nr_Throughput_SetValue_InstrumentRange,7818,Variable
ComponentsType_Component_Nr_Throughput_SetValue_ValuePrecision,7819,Variable
ComponentsType_Component_Nr_Throughput_Status_Definition,7820,Variable
ComponentsType_Component_Nr_Throughput_Status_ValuePrecision,7821,Variable
ComponentsType_Component_Nr_Throughput_UpperTolerance_Definition,7822,Variable
ComponentsType_Component_Nr_Throughput_UpperTolerance_EngineeringUnits,7823,Variable
ComponentsType_Component_Nr_Throughput_UpperTolerance_InstrumentRange,7824,Variable
ComponentsType_Component_Nr_Throughput_UpperTolerance_ValuePrecision,7825,Variable
ComponentsType_Component_Nr_Throughput_UpperTolerance2_Definition,7826,Variable
ComponentsType_Component_Nr_Throughput_UpperTolerance2_EngineeringUnits,7827,Variable
ComponentsType_Component_Nr_Throughput_UpperTolerance2_InstrumentRange,7828,Variable
ComponentsType_Component_Nr_Throughput_UpperTolerance2_ValuePrecision,7829,Variable
OperationType_Components_Component_Nr_Levels_Level_LowerTolerance2_InstrumentRange,7830,Variable
OperationType_Components_Component_Nr_Levels_Level_LowerTolerance2_ValuePrecision,7831,Variable
OperationType_Components_Component_Nr_Levels_Level_MaxValue_Definition,7832,Variable
OperationType_Components_Component_Nr_Levels_Level_MaxValue_InstrumentRange,7833,Variable
OperationType_Components_Component_Nr_Levels_Level_MaxValue_ValuePrecision,7834,Variable
OperationType_Components_Component_Nr_Levels_Level_MinValue_Definition,7835,Variable
OperationType_Components_Component_Nr_Levels_Level_MinValue_InstrumentRange,7836,Variable
OperationType_Components_Component_Nr_Levels_Level_MinValue_ValuePrecision,7837,Variable
OperationType_Components_Component_Nr_Levels_Level_MonitoringSensitivity_Definition,7838,Variable
OperationType_Components_Component_Nr_Levels_Level_MonitoringSensitivity_ValuePrecision,7839,Variable
OperationType_Components_Component_Nr_Levels_Level_SetRampDown_Definition,7840,Variable
OperationType_Components_Component_Nr_Levels_Level_SetRampDown_InstrumentRange,7841,Variable
OperationType_Components_Component_Nr_Levels_Level_SetRampDown_ValuePrecision,7842,Variable
OperationType_Components_Component_Nr_Levels_Level_SetRampUp_Definition,7843,Variable
OperationType_Components_Component_Nr_Levels_Level_SetRampUp_InstrumentRange,7844,Variable
OperationType_Components_Component_Nr_Levels_Level_SetRampUp_ValuePrecision,7845,Variable
OperationType_Components_Component_Nr_Levels_Level_SetValue_Definition,7846,Variable
OperationType_Components_Component_Nr_Levels_Level_SetValue_InstrumentRange,7847,Variable
OperationType_Components_Component_Nr_Levels_Level_SetValue_ValuePrecision,7848,Variable
OperationType_Components_Component_Nr_Levels_Level_Status_Definition,7849,Variable
OperationType_Components_Component_Nr_Levels_Level_Status_ValuePrecision,7850,Variable
OperationType_Components_Component_Nr_Levels_Level_UpperTolerance_Definition,7851,Variable
OperationType_Components_Component_Nr_Levels_Level_UpperTolerance_InstrumentRange,7852,Variable
OperationType_Components_Component_Nr_Levels_Level_UpperTolerance_ValuePrecision,7853,Variable
OperationType_Components_Component_Nr_Levels_Level_UpperTolerance2_Definition,7854,Variable
OperationType_Components_Component_Nr_Levels_Level_UpperTolerance2_InstrumentRange,7855,Variable
OperationType_Components_Component_Nr_Levels_Level_UpperTolerance2_ValuePrecision,7856,Variable
OperationType_Components_Component_Nr_AbortCalibration,7857,Method
OperationType_Components_Component_Nr_FeedRateScalingFactor,7858,Variable
OperationType_Components_Component_Nr_StartCalibration,7859,Method
OperationType_Components_Component_Nr_Throughput_ActualValue,7860,Variable
OperationType_Components_Component_Nr_Throughput_ActualValue_EURange,7861,Variable
DosingSystemType_Operation_Components_Component_Nr_Levels_Level_MinValue_Definition,7862,Variable
DosingSystemType_Operation_Components_Component_Nr_Levels_Level_MinValue_EngineeringUnits,7863,Variable
DosingSystemType_Operation_Components_Component_Nr_Levels_Level_MinValue_InstrumentRange,7864,Variable
DosingSystemType_Operation_Components_Component_Nr_Levels_Level_MinValue_ValuePrecision,7865,Variable
DosingSystemType_Operation_Components_Component_Nr_Levels_Level_MonitoringSensitivity_Definition,7866,Variable
DosingSystemType_Operation_Components_Component_Nr_Levels_Level_MonitoringSensitivity_ValuePrecision,7867,Variable
DosingSystemType_Operation_Components_Component_Nr_Levels_Level_SetRampDown_Definition,7868,Variable
DosingSystemType_Operation_Components_Component_Nr_Levels_Level_SetRampDown_EngineeringUnits,7869,Variable
DosingSystemType_Operation_Components_Component_Nr_Levels_Level_SetRampDown_InstrumentRange,7870,Variable
DosingSystemType_Operation_Components_Component_Nr_Levels_Level_SetRampDown_ValuePrecision,7871,Variable
DosingSystemType_Operation_Components_Component_Nr_Levels_Level_SetRampUp_Definition,7872,Variable
DosingSystemType_Operation_Components_Component_Nr_Levels_Level_SetRampUp_EngineeringUnits,7873,Variable
DosingSystemType_Operation_Components_Component_Nr_Levels_Level_SetRampUp_InstrumentRange,7874,Variable
DosingSystemType_Operation_Components_Component_Nr_Levels_Level_SetRampUp_ValuePrecision,7875,Variable
DosingSystemType_Operation_Components_Component_Nr_Levels_Level_SetValue_Definition,7876,Variable
DosingSystemType_Operation_Components_Component_Nr_Levels_Level_SetValue_EngineeringUnits,7877,Variable
DosingSystemType_Operation_Components_Component_Nr_Levels_Level_SetValue_InstrumentRange,7878,Variable
DosingSystemType_Operation_Components_Component_Nr_Levels_Level_SetValue_ValuePrecision,7879,Variable
DosingSystemType_Operation_Components_Component_Nr_Levels_Level_Status_Definition,7880,Variable
DosingSystemType_Operation_Components_Component_Nr_Levels_Level_Status_ValuePrecision,7881,Variable
DosingSystemType_Operation_Components_Component_Nr_Levels_Level_UpperTolerance_Definition,7882,Variable
DosingSystemType_Operation_Components_Component_Nr_Levels_Level_UpperTolerance_EngineeringUnits,7883,Variable
DosingSystemType_Operation_Components_Component_Nr_Levels_Level_UpperTolerance_InstrumentRange,7884,Variable
DosingSystemType_Operation_Components_Component_Nr_Levels_Level_UpperTolerance_ValuePrecision,7885,Variable
DosingSystemType_Operation_Components_Component_Nr_Levels_Level_UpperTolerance2_Definition,7886,Variable
DosingSystemType_Operation_Components_Component_Nr_Levels_Level_UpperTolerance2_EngineeringUnits,7887,Variable
DosingSystemType_Operation_Components_Component_Nr_Levels_Level_UpperTolerance2_InstrumentRange,7888,Variable
DosingSystemType_Operation_Components_Component_Nr_Levels_Level_UpperTolerance2_ValuePrecision,7889,Variable
