FoamCuttingCycleInformationEventType,1003,ObjectType
ProcessMonitoringType,1004,ObjectType
MaterialSupportType,1005,ObjectType
ErrorHandlingType,1006,ObjectType
MachineConfigurationType,1007,ObjectType
KnifeType,1008,ObjectType
OperationType,1009,ObjectType
ConveyorConfigurationType,1010,ObjectType
ConveyorProcessMonitoringType,1012,ObjectType
FoamCuttingMachineType,1013,ObjectType
GrindingUnitStateEnumeration,3003,DataType
ActiveVacuumUnitsDataType,3004,DataType
ProcessingModeEnumeration,3005,DataType
BottomFixtureEnumeration,3006,DataType
SideFixtureEnumeration,3009,DataType
TopFixtureEnumeration,3012,DataType
MaterialSupportCategoryEnumeration,3015,DataType
PossibleDirectionEnumeration,3018,DataType
LightBarrierEnumeration,3021,DataType
ConveyorSubCategoryEnumeration,3024,DataType
ConveyorCategoryEnumeration,3027,DataType
DirectionEnumeration,3030,DataType
OperationType_PeripheralDevices,5001,Object
OperationType_JobInformation,5002,Object
ConveyorProcessMonitoringType_Drives,5003,Object
ConveyorProcessMonitoringType_Drives_Drive_Nr,5004,Object
ConveyorProcessMonitoringType_Drives_Drive_Nr_AdditionalMeasuringDevices,5005,Object
ConveyorProcessMonitoringType_Drives_Drive_Nr_Energy,5006,Object
ConveyorProcessMonitoringType_Drives_Drive_Nr_Maintenance,5007,Object
ConveyorProcessMonitoringType_Drives_Drive_Nr_Speed,5008,Object
ConveyorProcessMonitoringType_Drives_Drive_Nr_StartDrive,5009,Object
ConveyorProcessMonitoringType_Drives_Drive_Nr_Torque,5010,Object
ProcessMonitoringType_ConveyorProcessMonitoring,5011,Object
ProcessMonitoringType_Knifes,5012,Object
ProcessMonitoringType_CuttingSpeedFeed,5013,Object
ProcessMonitoringType_CuttingUnitParameters,5014,Object
ProcessMonitoringType_MaterialSupport,5015,Object
ProcessMonitoringType_Supply,5016,Object
ProcessMonitoringType_WindingSystem,5017,Object
ProcessMonitoringType_MainAxisDrives,5018,Object
ProcessMonitoringType_MainAxisDrives_Name___Nr,5019,Object
ProcessMonitoringType_MainAxisDrives_Name___Nr_AdditionalMeasuringDevices,5020,Object
ProcessMonitoringType_MainAxisDrives_Name___Nr_Energy,5021,Object
ProcessMonitoringType_MainAxisDrives_Name___Nr_Maintenance,5022,Object
ProcessMonitoringType_MainAxisDrives_Name___Nr_Speed,5023,Object
ProcessMonitoringType_MainAxisDrives_Name___Nr_StartDrive,5024,Object
ProcessMonitoringType_MainAxisDrives_Name___Nr_Torque,5025,Object
ProcessMonitoringType_ConveyorProcessMonitoring_Conveyor_Nr,5026,Object
ProcessMonitoringType_ConveyorProcessMonitoring_Conveyor_Nr_Drives,5027,Object
ProcessMonitoringType_Knifes_Knife_Nr,5028,Object
ProcessMonitoringType_Knifes_Knife_Nr_GrindDrives,5029,Object
ProcessMonitoringType_Knifes_Knife_Nr_KnifeDrives,5030,Object
ProcessMonitoringType_Knifes_Knife_Nr_WearStatus,5031,Object
ProcessMonitoringType_CuttingUnitParameters_PressureRollerDrive,5032,Object
ProcessMonitoringType_CuttingUnitParameters_PressureRollerDrive_AdditionalMeasuringDevices,5033,Object
ProcessMonitoringType_CuttingUnitParameters_PressureRollerDrive_Energy,5034,Object
ProcessMonitoringType_CuttingUnitParameters_PressureRollerDrive_Maintenance,5035,Object
ProcessMonitoringType_Supply_CompressedAir,5036,Object
ProcessMonitoringType_Supply_Electricity,5037,Object
MaterialSupportType_Fixture,5038,Object
MaterialSupportType_TableDimensions,5039,Object
MachineConfigurationType_ConveyorConfigurations,5040,Object
MachineConfigurationType_MaterialSupport,5041,Object
MachineConfigurationType_MaterialSupport_Fixture,5042,Object
MachineConfigurationType_MaterialSupport_TableDimensions,5043,Object
MachineConfigurationType_ConveyorConfigurations_Conveyor_Nr,5044,Object
FoamCuttingMachineType_MachineryBuildingBlocks,5045,Object
FoamCuttingMachineType_Identification,5046,Object
FoamCuttingMachineType_MachineConfiguration,5047,Object
FoamCuttingMachineType_MachineConfiguration_MaterialSupport,5048,Object
FoamCuttingMachineType_MachineConfiguration_MaterialSupport_Fixture,5049,Object
FoamCuttingMachineType_MachineConfiguration_MaterialSupport_TableDimensions,5050,Object
FoamCuttingMachineType_Operation,5051,Object
FoamCuttingMachineType_ProcessMonitoring,5052,Object
FoamCuttingMachineType_ProcessMonitoring_ConveyorProcessMonitoring,5053,Object
FoamCuttingMachineType_ProcessMonitoring_ConveyorProcessMonitoring_Conveyor_Nr,5054,Object
FoamCuttingMachineType_ProcessMonitoring_ConveyorProcessMonitoring_Conveyor_Nr_Drives,5055,Object
FoamCuttingMachineType_ProcessMonitoring_CuttingSpeedFeed,5056,Object
FoamCuttingMachineType_ProcessMonitoring_CuttingUnitParameters,5057,Object
FoamCuttingMachineType_ProcessMonitoring_MainAxisDrives,5058,Object
FoamCuttingMachineType_ProcessMonitoring_MaterialSupport,5059,Object
FoamCuttingMachineType_ProcessMonitoring_Supply,5060,Object
FoamCuttingMachineType_ProcessMonitoring_WindingSystem,5061,Object
FoamCuttingMachineType_ErrorHandling,5062,Object
FoamCuttingMachineType_MachineryBuildingBlocks_MachineryItemState,5063,Object
FoamCuttingMachineType_MachineryBuildingBlocks_MachineryOperationMode,5064,Object
FoamCuttingMachineType_MachineConfiguration_ConveyorConfigurations_Conveyor_Nr,5065,Object
FoamCuttingMachineType_ProcessMonitoring_MainAxisDrives_Name___Nr,5066,Object
FoamCuttingMachineType_ProcessMonitoring_MainAxisDrives_Name___Nr_AdditionalMeasuringDevices,5067,Object
FoamCuttingMachineType_ProcessMonitoring_MainAxisDrives_Name___Nr_Energy,5068,Object
FoamCuttingMachineType_ProcessMonitoring_MainAxisDrives_Name___Nr_Maintenance,5069,Object
FoamCuttingMachineType_ProcessMonitoring_MainAxisDrives_Name___Nr_Speed,5070,Object
FoamCuttingMachineType_ProcessMonitoring_MainAxisDrives_Name___Nr_StartDrive,5071,Object
FoamCuttingMachineType_ProcessMonitoring_MainAxisDrives_Name___Nr_Torque,5072,Object
ActiveVacuumUnitsDataType_Encoding_DefaultBinary,5073,Object
ActiveVacuumUnitsDataType_Encoding_DefaultXml,5074,Object
KnifeType_WearStatus,5075,Object
KnifeType_GrindDrives,5076,Object
KnifeType_KnifeDrives,5077,Object
ProcessMonitoringType_CuttingUnitParameters_PressureRollerDrive_Speed,5078,Object
ProcessMonitoringType_CuttingUnitParameters_PressureRollerDrive_StartDrive,5079,Object
ProcessMonitoringType_CuttingUnitParameters_PressureRollerDrive_Torque,5080,Object
FoamCuttingMachineType_ProcessMonitoring_Knifes_Knife_Nr,5081,Object
FoamCuttingMachineType_ProcessMonitoring_Knifes_Knife_Nr_GrindDrives,5082,Object
FoamCuttingMachineType_ProcessMonitoring_Knifes_Knife_Nr_KnifeDrives,5083,Object
FoamCuttingMachineType_MachineConfiguration_ConveyorConfigurations,5084,Object
FoamCuttingMachineType_ProcessMonitoring_Knifes_Knife_Nr_WearStatus,5085,Object
FoamCuttingMachineType_Operation_JobInformation,5086,Object
FoamCuttingMachineType_Operation_PeripheralDevices,5087,Object
FoamCuttingMachineType_ProcessMonitoring_Supply_CompressedAir,5088,Object
FoamCuttingMachineType_ProcessMonitoring_Supply_Electricity,5089,Object
FoamCuttingMachineType_ProcessMonitoring_Knifes,5090,Object
FoamCuttingMachineType_ProcessMonitoring_Knifes_Knife_Nr_KnifeDrives_Name___Nr,5091,Object
FoamCuttingMachineType_ProcessMonitoring_Knifes_Knife_Nr_KnifeDrives_Name___Nr_AdditionalMeasuringDevices,5092,Object
FoamCuttingMachineType_ProcessMonitoring_Knifes_Knife_Nr_KnifeDrives_Name___Nr_Energy,5093,Object
FoamCuttingMachineType_ProcessMonitoring_Knifes_Knife_Nr_KnifeDrives_Name___Nr_Maintenance,5094,Object
FoamCuttingMachineType_ProcessMonitoring_Knifes_Knife_Nr_KnifeDrives_Name___Nr_Speed,5095,Object
FoamCuttingMachineType_ProcessMonitoring_Knifes_Knife_Nr_KnifeDrives_Name___Nr_StartDrive,5096,Object
FoamCuttingMachineType_ProcessMonitoring_Knifes_Knife_Nr_KnifeDrives_Name___Nr_Torque,5097,Object
FoamCuttingMachineType_ProcessMonitoring_Knifes_Knife_Nr_GrindDrives_Name___Nr,5098,Object
Server_Namespaces_http___opcfoundation_org_UA_PlasticsRubber_FlexiblePURFoam_Cutting_,5099,Object
FoamCuttingMachineType_ProcessMonitoring_Knifes_Knife_Nr_GrindDrives_Name___Nr_AdditionalMeasuringDevices,5100,Object
FoamCuttingMachineType_ProcessMonitoring_Knifes_Knife_Nr_GrindDrives_Name___Nr_Energy,5101,Object
FoamCuttingMachineType_ProcessMonitoring_Knifes_Knife_Nr_GrindDrives_Name___Nr_Maintenance,5102,Object
FoamCuttingMachineType_ProcessMonitoring_Knifes_Knife_Nr_GrindDrives_Name___Nr_Speed,5103,Object
FoamCuttingMachineType_ProcessMonitoring_Knifes_Knife_Nr_GrindDrives_Name___Nr_StartDrive,5104,Object
FoamCuttingMachineType_ProcessMonitoring_Knifes_Knife_Nr_GrindDrives_Name___Nr_Torque,5105,Object
FoamCuttingMachineType_ProcessMonitoring_ConveyorProcessMonitoring_Conveyor_Nr_Drives_Name___Nr,5106,Object
FoamCuttingMachineType_ProcessMonitoring_ConveyorProcessMonitoring_Conveyor_Nr_Drives_Name___Nr_AdditionalMeasuringDevices,5107,Object
FoamCuttingMachineType_ProcessMonitoring_ConveyorProcessMonitoring_Conveyor_Nr_Drives_Name___Nr_Energy,5108,Object
FoamCuttingMachineType_ProcessMonitoring_ConveyorProcessMonitoring_Conveyor_Nr_Drives_Name___Nr_Maintenance,5109,Object
FoamCuttingMachineType_ProcessMonitoring_ConveyorProcessMonitoring_Conveyor_Nr_Drives_Name___Nr_Speed,5110,Object
FoamCuttingMachineType_ProcessMonitoring_ConveyorProcessMonitoring_Conveyor_Nr_Drives_Name___Nr_StartDrive,5111,Object
FoamCuttingMachineType_ProcessMonitoring_ConveyorProcessMonitoring_Conveyor_Nr_Drives_Name___Nr_Torque,5112,Object
GrindingUnitStateEnumeration_EnumValues,6001,Variable
TypeDictionary_BinarySchema,6002,Variable
TypeDictionary_BinarySchema_NamespaceUri,6003,Variable
TypeDictionary_BinarySchema_Deprecated,6004,Variable
TypeDictionary_XmlSchema,6005,Variable
TypeDictionary_XmlSchema_NamespaceUri,6006,Variable
TypeDictionary_XmlSchema_Deprecated,6007,Variable
BottomFixtureEnumeration_EnumValues,6008,Variable
SideFixtureEnumeration_EnumValues,6009,Variable
TopFixtureEnumeration_EnumValues,6010,Variable
MaterialSupportCategoryEnumeration_EnumValues,6011,Variable
PossibleDirectionEnumeration_EnumValues,6012,Variable
LightBarrierEnumeration_EnumValues,6013,Variable
ConveyorSubCategoryEnumeration_EnumValues,6014,Variable
ConveyorCategoryEnumeration_EnumValues,6015,Variable
FoamCuttingCycleInformationEventType_JobName,6016,Variable
FoamCuttingCycleInformationEventType_FinishedParts,6017,Variable
FoamCuttingCycleInformationEventType_CycleTime,6018,Variable
FoamCuttingCycleInformationEventType_StartTime,6019,Variable
ErrorHandlingType_ActiveErrors,6020,Variable
ErrorHandlingType_HighestActiveAlarmSeverity,6021,Variable
ProcessingModeEnumeration_EnumValues,6022,Variable
OperationType_ControlVoltageSwitch,6023,Variable
OperationType_JobInformation_JobName,6024,Variable
OperationType_JobInformation_FinishedParts,6025,Variable
OperationType_PeripheralDevices_Device_Nr,6026,Variable
ConveyorProcessMonitoringType_Speed,6027,Variable
ConveyorProcessMonitoringType_Speed_EngineeringUnits,6028,Variable
ConveyorProcessMonitoringType_Direction,6029,Variable
DirectionEnumeration_EnumValues,6030,Variable
ConveyorProcessMonitoringType_Drives_NodeVersion,6031,Variable
ConveyorProcessMonitoringType_Active,6032,Variable
ConveyorProcessMonitoringType_Drives_Drive_Nr_AdditionalMeasuringDevices_NodeVersion,6033,Variable
ConveyorProcessMonitoringType_Drives_Drive_Nr_Maintenance_Status,6034,Variable
ConveyorProcessMonitoringType_Drives_Drive_Nr_Position,6035,Variable
ConveyorProcessMonitoringType_Drives_Drive_Nr_Speed_ActualValue,6036,Variable
ConveyorProcessMonitoringType_Drives_Drive_Nr_Speed_ActualValue_EURange,6037,Variable
ConveyorProcessMonitoringType_Drives_Drive_Nr_StartDrive_Status,6038,Variable
ConveyorProcessMonitoringType_Drives_Drive_Nr_Torque_ActualValue,6039,Variable
ConveyorProcessMonitoringType_Drives_Drive_Nr_Torque_ActualValue_EURange,6040,Variable
ConveyorProcessMonitoringType_Drives_Drive_Nr_Energy_ActualPower,6041,Variable
ConveyorProcessMonitoringType_Drives_Drive_Nr_Energy_ActualPower_EngineeringUnits,6042,Variable
ConveyorProcessMonitoringType_Drives_Drive_Nr_Energy_ActualSpecificEnergy,6043,Variable
ConveyorProcessMonitoringType_Drives_Drive_Nr_Energy_ActualSpecificEnergy_EngineeringUnits,6044,Variable
ConveyorProcessMonitoringType_Drives_Drive_Nr_Energy_PowerConsumption,6045,Variable
ConveyorProcessMonitoringType_Drives_Drive_Nr_Energy_PowerConsumption_EngineeringUnits,6046,Variable
ConveyorProcessMonitoringType_Drives_Drive_Nr_Energy_PowerFactor,6047,Variable
ConveyorProcessMonitoringType_Drives_Drive_Nr_Maintenance_AdditionalInformation,6048,Variable
ConveyorProcessMonitoringType_Drives_Drive_Nr_Maintenance_Interval,6049,Variable
ConveyorProcessMonitoringType_Drives_Drive_Nr_Maintenance_Interval_EURange,6050,Variable
ConveyorProcessMonitoringType_Drives_Drive_Nr_Maintenance_RemainingInterval,6051,Variable
ConveyorProcessMonitoringType_Drives_Drive_Nr_Maintenance_RemainingInterval_EURange,6052,Variable
ConveyorProcessMonitoringType_Drives_Drive_Nr_Maintenance_TotalOperation,6053,Variable
ConveyorProcessMonitoringType_Drives_Drive_Nr_Maintenance_TotalOperation_EURange,6054,Variable
ConveyorProcessMonitoringType_Drives_Drive_Nr_Speed_AlarmSuppression,6055,Variable
ConveyorProcessMonitoringType_Drives_Drive_Nr_Speed_AlarmSuppression_EnumValues,6056,Variable
ConveyorProcessMonitoringType_Drives_Drive_Nr_Speed_AlarmSuppression_ValueAsText,6057,Variable
ConveyorProcessMonitoringType_Drives_Drive_Nr_Speed_AutomaticMonitoring,6058,Variable
ConveyorProcessMonitoringType_Drives_Drive_Nr_Speed_LowerTolerance,6059,Variable
ConveyorProcessMonitoringType_Drives_Drive_Nr_Speed_LowerTolerance_EURange,6060,Variable
ConveyorProcessMonitoringType_Drives_Drive_Nr_Speed_LowerTolerance2,6061,Variable
ConveyorProcessMonitoringType_Drives_Drive_Nr_Speed_LowerTolerance2_EURange,6062,Variable
ConveyorProcessMonitoringType_Drives_Drive_Nr_Speed_MaxValue,6063,Variable
ConveyorProcessMonitoringType_Drives_Drive_Nr_Speed_MaxValue_EURange,6064,Variable
ConveyorProcessMonitoringType_Drives_Drive_Nr_Speed_MinValue,6065,Variable
ConveyorProcessMonitoringType_Drives_Drive_Nr_Speed_MinValue_EURange,6066,Variable
ConveyorProcessMonitoringType_Drives_Drive_Nr_Speed_MonitoringSensitivity,6067,Variable
ConveyorProcessMonitoringType_Drives_Drive_Nr_Speed_MonitoringSensitivity_EnumValues,6068,Variable
ConveyorProcessMonitoringType_Drives_Drive_Nr_Speed_MonitoringSensitivity_ValueAsText,6069,Variable
ConveyorProcessMonitoringType_Drives_Drive_Nr_Speed_SetRampDown,6070,Variable
ConveyorProcessMonitoringType_Drives_Drive_Nr_Speed_SetRampDown_EURange,6071,Variable
ConveyorProcessMonitoringType_Drives_Drive_Nr_Speed_SetRampUp,6072,Variable
ConveyorProcessMonitoringType_Drives_Drive_Nr_Speed_SetRampUp_EURange,6073,Variable
ConveyorProcessMonitoringType_Drives_Drive_Nr_Speed_SetValue,6074,Variable
ConveyorProcessMonitoringType_Drives_Drive_Nr_Speed_SetValue_EURange,6075,Variable
ConveyorProcessMonitoringType_Drives_Drive_Nr_Speed_Status,6076,Variable
ConveyorProcessMonitoringType_Drives_Drive_Nr_Speed_Status_EnumValues,6077,Variable
ConveyorProcessMonitoringType_Drives_Drive_Nr_Speed_Status_ValueAsText,6078,Variable
ConveyorProcessMonitoringType_Drives_Drive_Nr_Speed_UpperTolerance,6079,Variable
ConveyorProcessMonitoringType_Drives_Drive_Nr_Speed_UpperTolerance_EURange,6080,Variable
ConveyorProcessMonitoringType_Drives_Drive_Nr_Speed_UpperTolerance2,6081,Variable
ConveyorProcessMonitoringType_Drives_Drive_Nr_Speed_UpperTolerance2_EURange,6082,Variable
ConveyorProcessMonitoringType_Drives_Drive_Nr_StartDrive_StartBlockedByClient,6083,Variable
ConveyorProcessMonitoringType_Drives_Drive_Nr_Torque_AlarmSuppression,6084,Variable
ConveyorProcessMonitoringType_Drives_Drive_Nr_Torque_AlarmSuppression_EnumValues,6085,Variable
ConveyorProcessMonitoringType_Drives_Drive_Nr_Torque_AlarmSuppression_ValueAsText,6086,Variable
ConveyorProcessMonitoringType_Drives_Drive_Nr_Torque_AutomaticMonitoring,6087,Variable
ConveyorProcessMonitoringType_Drives_Drive_Nr_Torque_LowerTolerance,6088,Variable
ConveyorProcessMonitoringType_Drives_Drive_Nr_Torque_LowerTolerance_EURange,6089,Variable
ConveyorProcessMonitoringType_Drives_Drive_Nr_Torque_LowerTolerance2,6090,Variable
ConveyorProcessMonitoringType_Drives_Drive_Nr_Torque_LowerTolerance2_EURange,6091,Variable
ConveyorProcessMonitoringType_Drives_Drive_Nr_Torque_MaxValue,6092,Variable
ConveyorProcessMonitoringType_Drives_Drive_Nr_Torque_MaxValue_EURange,6093,Variable
ConveyorProcessMonitoringType_Drives_Drive_Nr_Torque_MinValue,6094,Variable
ConveyorProcessMonitoringType_Drives_Drive_Nr_Torque_MinValue_EURange,6095,Variable
ConveyorProcessMonitoringType_Drives_Drive_Nr_Torque_MonitoringSensitivity,6096,Variable
ConveyorProcessMonitoringType_Drives_Drive_Nr_Torque_MonitoringSensitivity_EnumValues,6097,Variable
ConveyorProcessMonitoringType_Drives_Drive_Nr_Torque_MonitoringSensitivity_ValueAsText,6098,Variable
ConveyorProcessMonitoringType_Drives_Drive_Nr_Torque_SetRampDown,6099,Variable
ConveyorProcessMonitoringType_Drives_Drive_Nr_Torque_SetRampDown_EURange,6100,Variable
ConveyorProcessMonitoringType_Drives_Drive_Nr_Torque_SetRampUp,6101,Variable
ConveyorProcessMonitoringType_Drives_Drive_Nr_Torque_SetRampUp_EURange,6102,Variable
ConveyorProcessMonitoringType_Drives_Drive_Nr_Torque_SetValue,6103,Variable
ConveyorProcessMonitoringType_Drives_Drive_Nr_Torque_SetValue_EURange,6104,Variable
ConveyorProcessMonitoringType_Drives_Drive_Nr_Torque_Status,6105,Variable
ConveyorProcessMonitoringType_Drives_Drive_Nr_Torque_Status_EnumValues,6106,Variable
ConveyorProcessMonitoringType_Drives_Drive_Nr_Torque_Status_ValueAsText,6107,Variable
ConveyorProcessMonitoringType_Drives_Drive_Nr_Torque_UpperTolerance,6108,Variable
ConveyorProcessMonitoringType_Drives_Drive_Nr_Torque_UpperTolerance_EURange,6109,Variable
ConveyorProcessMonitoringType_Drives_Drive_Nr_Torque_UpperTolerance2,6110,Variable
ConveyorProcessMonitoringType_Drives_Drive_Nr_Torque_UpperTolerance2_EURange,6111,Variable
ConveyorProcessMonitoringType_Drives_Drive_Nr_Energy_ActualPower_Definition,6112,Variable
ConveyorProcessMonitoringType_Drives_Drive_Nr_Energy_ActualPower_EURange,6113,Variable
ConveyorProcessMonitoringType_Drives_Drive_Nr_Energy_ActualPower_InstrumentRange,6114,Variable
ConveyorProcessMonitoringType_Drives_Drive_Nr_Energy_ActualPower_ValuePrecision,6115,Variable
ConveyorProcessMonitoringType_Drives_Drive_Nr_Energy_ActualSpecificEnergy_Definition,6116,Variable
ConveyorProcessMonitoringType_Drives_Drive_Nr_Energy_ActualSpecificEnergy_EURange,6117,Variable
ConveyorProcessMonitoringType_Drives_Drive_Nr_Energy_ActualSpecificEnergy_InstrumentRange,6118,Variable
ConveyorProcessMonitoringType_Drives_Drive_Nr_Energy_ActualSpecificEnergy_ValuePrecision,6119,Variable
ConveyorProcessMonitoringType_Drives_Drive_Nr_Energy_PowerConsumption_Definition,6120,Variable
ConveyorProcessMonitoringType_Drives_Drive_Nr_Energy_PowerConsumption_EURange,6121,Variable
ConveyorProcessMonitoringType_Drives_Drive_Nr_Energy_PowerConsumption_InstrumentRange,6122,Variable
ConveyorProcessMonitoringType_Drives_Drive_Nr_Energy_PowerConsumption_ValuePrecision,6123,Variable
ConveyorProcessMonitoringType_Drives_Drive_Nr_Maintenance_Interval_Definition,6124,Variable
ConveyorProcessMonitoringType_Drives_Drive_Nr_Maintenance_Interval_EngineeringUnits,6125,Variable
ConveyorProcessMonitoringType_Drives_Drive_Nr_Maintenance_Interval_InstrumentRange,6126,Variable
ConveyorProcessMonitoringType_Drives_Drive_Nr_Maintenance_Interval_ValuePrecision,6127,Variable
ConveyorProcessMonitoringType_Drives_Drive_Nr_Maintenance_RemainingInterval_Definition,6128,Variable
ConveyorProcessMonitoringType_Drives_Drive_Nr_Maintenance_RemainingInterval_EngineeringUnits,6129,Variable
ConveyorProcessMonitoringType_Drives_Drive_Nr_Maintenance_RemainingInterval_InstrumentRange,6130,Variable
ConveyorProcessMonitoringType_Drives_Drive_Nr_Maintenance_RemainingInterval_ValuePrecision,6131,Variable
ConveyorProcessMonitoringType_Drives_Drive_Nr_Maintenance_TotalOperation_Definition,6132,Variable
ConveyorProcessMonitoringType_Drives_Drive_Nr_Maintenance_TotalOperation_EngineeringUnits,6133,Variable
ConveyorProcessMonitoringType_Drives_Drive_Nr_Maintenance_TotalOperation_InstrumentRange,6134,Variable
ConveyorProcessMonitoringType_Drives_Drive_Nr_Maintenance_TotalOperation_ValuePrecision,6135,Variable
ConveyorProcessMonitoringType_Drives_Drive_Nr_Speed_ActualValue_Definition,6136,Variable
ConveyorProcessMonitoringType_Drives_Drive_Nr_Speed_ActualValue_EngineeringUnits,6137,Variable
ConveyorProcessMonitoringType_Drives_Drive_Nr_Speed_ActualValue_InstrumentRange,6138,Variable
ConveyorProcessMonitoringType_Drives_Drive_Nr_Speed_ActualValue_ValuePrecision,6139,Variable
ConveyorProcessMonitoringType_Drives_Drive_Nr_Speed_AlarmSuppression_Definition,6140,Variable
ConveyorProcessMonitoringType_Drives_Drive_Nr_Speed_AlarmSuppression_ValuePrecision,6141,Variable
ConveyorProcessMonitoringType_Drives_Drive_Nr_Speed_LowerTolerance_Definition,6142,Variable
ConveyorProcessMonitoringType_Drives_Drive_Nr_Speed_LowerTolerance_EngineeringUnits,6143,Variable
ConveyorProcessMonitoringType_Drives_Drive_Nr_Speed_LowerTolerance_InstrumentRange,6144,Variable
ConveyorProcessMonitoringType_Drives_Drive_Nr_Speed_LowerTolerance_ValuePrecision,6145,Variable
ConveyorProcessMonitoringType_Drives_Drive_Nr_Speed_LowerTolerance2_Definition,6146,Variable
ConveyorProcessMonitoringType_Drives_Drive_Nr_Speed_LowerTolerance2_EngineeringUnits,6147,Variable
ConveyorProcessMonitoringType_Drives_Drive_Nr_Speed_LowerTolerance2_InstrumentRange,6148,Variable
ConveyorProcessMonitoringType_Drives_Drive_Nr_Speed_LowerTolerance2_ValuePrecision,6149,Variable
ConveyorProcessMonitoringType_Drives_Drive_Nr_Speed_MaxValue_Definition,6150,Variable
ConveyorProcessMonitoringType_Drives_Drive_Nr_Speed_MaxValue_EngineeringUnits,6151,Variable
ConveyorProcessMonitoringType_Drives_Drive_Nr_Speed_MaxValue_InstrumentRange,6152,Variable
ConveyorProcessMonitoringType_Drives_Drive_Nr_Speed_MaxValue_ValuePrecision,6153,Variable
ConveyorProcessMonitoringType_Drives_Drive_Nr_Speed_MinValue_Definition,6154,Variable
ConveyorProcessMonitoringType_Drives_Drive_Nr_Speed_MinValue_EngineeringUnits,6155,Variable
ConveyorProcessMonitoringType_Drives_Drive_Nr_Speed_MinValue_InstrumentRange,6156,Variable
ConveyorProcessMonitoringType_Drives_Drive_Nr_Speed_MinValue_ValuePrecision,6157,Variable
ConveyorProcessMonitoringType_Drives_Drive_Nr_Speed_MonitoringSensitivity_Definition,6158,Variable
ConveyorProcessMonitoringType_Drives_Drive_Nr_Speed_MonitoringSensitivity_ValuePrecision,6159,Variable
ConveyorProcessMonitoringType_Drives_Drive_Nr_Speed_SetRampDown_Definition,6160,Variable
ConveyorProcessMonitoringType_Drives_Drive_Nr_Speed_SetRampDown_EngineeringUnits,6161,Variable
ConveyorProcessMonitoringType_Drives_Drive_Nr_Speed_SetRampDown_InstrumentRange,6162,Variable
ConveyorProcessMonitoringType_Drives_Drive_Nr_Speed_SetRampDown_ValuePrecision,6163,Variable
ConveyorProcessMonitoringType_Drives_Drive_Nr_Speed_SetRampUp_Definition,6164,Variable
ConveyorProcessMonitoringType_Drives_Drive_Nr_Speed_SetRampUp_EngineeringUnits,6165,Variable
ConveyorProcessMonitoringType_Drives_Drive_Nr_Speed_SetRampUp_InstrumentRange,6166,Variable
ConveyorProcessMonitoringType_Drives_Drive_Nr_Speed_SetRampUp_ValuePrecision,6167,Variable
ConveyorProcessMonitoringType_Drives_Drive_Nr_Speed_SetValue_Definition,6168,Variable
ConveyorProcessMonitoringType_Drives_Drive_Nr_Speed_SetValue_EngineeringUnits,6169,Variable
ConveyorProcessMonitoringType_Drives_Drive_Nr_Speed_SetValue_InstrumentRange,6170,Variable
ConveyorProcessMonitoringType_Drives_Drive_Nr_Speed_SetValue_ValuePrecision,6171,Variable
ConveyorProcessMonitoringType_Drives_Drive_Nr_Speed_Status_Definition,6172,Variable
ConveyorProcessMonitoringType_Drives_Drive_Nr_Speed_Status_ValuePrecision,6173,Variable
ConveyorProcessMonitoringType_Drives_Drive_Nr_Speed_UpperTolerance_Definition,6174,Variable
ConveyorProcessMonitoringType_Drives_Drive_Nr_Speed_UpperTolerance_EngineeringUnits,6175,Variable
ConveyorProcessMonitoringType_Drives_Drive_Nr_Speed_UpperTolerance_InstrumentRange,6176,Variable
ConveyorProcessMonitoringType_Drives_Drive_Nr_Speed_UpperTolerance_ValuePrecision,6177,Variable
ConveyorProcessMonitoringType_Drives_Drive_Nr_Speed_UpperTolerance2_Definition,6178,Variable
ConveyorProcessMonitoringType_Drives_Drive_Nr_Speed_UpperTolerance2_EngineeringUnits,6179,Variable
ConveyorProcessMonitoringType_Drives_Drive_Nr_Speed_UpperTolerance2_InstrumentRange,6180,Variable
ConveyorProcessMonitoringType_Drives_Drive_Nr_Speed_UpperTolerance2_ValuePrecision,6181,Variable
ConveyorProcessMonitoringType_Drives_Drive_Nr_Torque_ActualValue_Definition,6182,Variable
ConveyorProcessMonitoringType_Drives_Drive_Nr_Torque_ActualValue_EngineeringUnits,6183,Variable
ConveyorProcessMonitoringType_Drives_Drive_Nr_Torque_ActualValue_InstrumentRange,6184,Variable
ConveyorProcessMonitoringType_Drives_Drive_Nr_Torque_ActualValue_ValuePrecision,6185,Variable
ConveyorProcessMonitoringType_Drives_Drive_Nr_Torque_AlarmSuppression_Definition,6186,Variable
ConveyorProcessMonitoringType_Drives_Drive_Nr_Torque_AlarmSuppression_ValuePrecision,6187,Variable
ConveyorProcessMonitoringType_Drives_Drive_Nr_Torque_LowerTolerance_Definition,6188,Variable
ConveyorProcessMonitoringType_Drives_Drive_Nr_Torque_LowerTolerance_EngineeringUnits,6189,Variable
ConveyorProcessMonitoringType_Drives_Drive_Nr_Torque_LowerTolerance_InstrumentRange,6190,Variable
ConveyorProcessMonitoringType_Drives_Drive_Nr_Torque_LowerTolerance_ValuePrecision,6191,Variable
ConveyorProcessMonitoringType_Drives_Drive_Nr_Torque_LowerTolerance2_Definition,6192,Variable
ConveyorProcessMonitoringType_Drives_Drive_Nr_Torque_LowerTolerance2_EngineeringUnits,6193,Variable
ConveyorProcessMonitoringType_Drives_Drive_Nr_Torque_LowerTolerance2_InstrumentRange,6194,Variable
ConveyorProcessMonitoringType_Drives_Drive_Nr_Torque_LowerTolerance2_ValuePrecision,6195,Variable
ConveyorProcessMonitoringType_Drives_Drive_Nr_Torque_MaxValue_Definition,6196,Variable
ConveyorProcessMonitoringType_Drives_Drive_Nr_Torque_MaxValue_EngineeringUnits,6197,Variable
ConveyorProcessMonitoringType_Drives_Drive_Nr_Torque_MaxValue_InstrumentRange,6198,Variable
ConveyorProcessMonitoringType_Drives_Drive_Nr_Torque_MaxValue_ValuePrecision,6199,Variable
ConveyorProcessMonitoringType_Drives_Drive_Nr_Torque_MinValue_Definition,6200,Variable
ConveyorProcessMonitoringType_Drives_Drive_Nr_Torque_MinValue_EngineeringUnits,6201,Variable
ConveyorProcessMonitoringType_Drives_Drive_Nr_Torque_MinValue_InstrumentRange,6202,Variable
ConveyorProcessMonitoringType_Drives_Drive_Nr_Torque_MinValue_ValuePrecision,6203,Variable
ConveyorProcessMonitoringType_Drives_Drive_Nr_Torque_MonitoringSensitivity_Definition,6204,Variable
ConveyorProcessMonitoringType_Drives_Drive_Nr_Torque_MonitoringSensitivity_ValuePrecision,6205,Variable
ConveyorProcessMonitoringType_Drives_Drive_Nr_Torque_SetRampDown_Definition,6206,Variable
ConveyorProcessMonitoringType_Drives_Drive_Nr_Torque_SetRampDown_EngineeringUnits,6207,Variable
ConveyorProcessMonitoringType_Drives_Drive_Nr_Torque_SetRampDown_InstrumentRange,6208,Variable
ConveyorProcessMonitoringType_Drives_Drive_Nr_Torque_SetRampDown_ValuePrecision,6209,Variable
ConveyorProcessMonitoringType_Drives_Drive_Nr_Torque_SetRampUp_Definition,6210,Variable
ConveyorProcessMonitoringType_Drives_Drive_Nr_Torque_SetRampUp_EngineeringUnits,6211,Variable
ConveyorProcessMonitoringType_Drives_Drive_Nr_Torque_SetRampUp_InstrumentRange,6212,Variable
ConveyorProcessMonitoringType_Drives_Drive_Nr_Torque_SetRampUp_ValuePrecision,6213,Variable
ConveyorProcessMonitoringType_Drives_Drive_Nr_Torque_SetValue_Definition,6214,Variable
ConveyorProcessMonitoringType_Drives_Drive_Nr_Torque_SetValue_EngineeringUnits,6215,Variable
ConveyorProcessMonitoringType_Drives_Drive_Nr_Torque_SetValue_InstrumentRange,6216,Variable
ConveyorProcessMonitoringType_Drives_Drive_Nr_Torque_SetValue_ValuePrecision,6217,Variable
ConveyorProcessMonitoringType_Drives_Drive_Nr_Torque_Status_Definition,6218,Variable
ConveyorProcessMonitoringType_Drives_Drive_Nr_Torque_Status_ValuePrecision,6219,Variable
ConveyorProcessMonitoringType_Drives_Drive_Nr_Torque_UpperTolerance_Definition,6220,Variable
ConveyorProcessMonitoringType_Drives_Drive_Nr_Torque_UpperTolerance_EngineeringUnits,6221,Variable
ConveyorProcessMonitoringType_Drives_Drive_Nr_Torque_UpperTolerance_InstrumentRange,6222,Variable
ConveyorProcessMonitoringType_Drives_Drive_Nr_Torque_UpperTolerance_ValuePrecision,6223,Variable
ConveyorProcessMonitoringType_Drives_Drive_Nr_Torque_UpperTolerance2_Definition,6224,Variable
ConveyorProcessMonitoringType_Drives_Drive_Nr_Torque_UpperTolerance2_EngineeringUnits,6225,Variable
ConveyorProcessMonitoringType_Drives_Drive_Nr_Torque_UpperTolerance2_InstrumentRange,6226,Variable
ConveyorProcessMonitoringType_Drives_Drive_Nr_Torque_UpperTolerance2_ValuePrecision,6227,Variable
ConveyorProcessMonitoringType_Speed_Definition,6228,Variable
ConveyorProcessMonitoringType_Speed_EURange,6229,Variable
ConveyorProcessMonitoringType_Speed_InstrumentRange,6230,Variable
ConveyorProcessMonitoringType_Speed_ValuePrecision,6231,Variable
ProcessMonitoringType_MainAxisDrives_NodeVersion,6232,Variable
ProcessMonitoringType_MainAxisDrives_Name___Nr_AdditionalMeasuringDevices_NodeVersion,6233,Variable
ProcessMonitoringType_MainAxisDrives_Name___Nr_Maintenance_Status,6234,Variable
ProcessMonitoringType_MainAxisDrives_Name___Nr_Position,6235,Variable
ProcessMonitoringType_MainAxisDrives_Name___Nr_Speed_ActualValue,6236,Variable
ProcessMonitoringType_MainAxisDrives_Name___Nr_Speed_ActualValue_EURange,6237,Variable
ProcessMonitoringType_MainAxisDrives_Name___Nr_StartDrive_Status,6238,Variable
ProcessMonitoringType_MainAxisDrives_Name___Nr_Torque_ActualValue,6239,Variable
ProcessMonitoringType_MainAxisDrives_Name___Nr_Torque_ActualValue_EURange,6240,Variable
ProcessMonitoringType_MainAxisDrives_Name___Nr_Energy_ActualPower,6241,Variable
ProcessMonitoringType_MainAxisDrives_Name___Nr_Energy_ActualPower_EngineeringUnits,6242,Variable
ProcessMonitoringType_MainAxisDrives_Name___Nr_Energy_ActualSpecificEnergy,6243,Variable
ProcessMonitoringType_MainAxisDrives_Name___Nr_Energy_ActualSpecificEnergy_EngineeringUnits,6244,Variable
ProcessMonitoringType_MainAxisDrives_Name___Nr_Energy_PowerConsumption,6245,Variable
ProcessMonitoringType_MainAxisDrives_Name___Nr_Energy_PowerConsumption_EngineeringUnits,6246,Variable
ProcessMonitoringType_MainAxisDrives_Name___Nr_Energy_PowerFactor,6247,Variable
ProcessMonitoringType_MainAxisDrives_Name___Nr_Maintenance_AdditionalInformation,6248,Variable
ProcessMonitoringType_MainAxisDrives_Name___Nr_Maintenance_Interval,6249,Variable
ProcessMonitoringType_MainAxisDrives_Name___Nr_Maintenance_Interval_EURange,6250,Variable
ProcessMonitoringType_MainAxisDrives_Name___Nr_Maintenance_RemainingInterval,6251,Variable
ProcessMonitoringType_MainAxisDrives_Name___Nr_Maintenance_RemainingInterval_EURange,6252,Variable
ProcessMonitoringType_MainAxisDrives_Name___Nr_Maintenance_TotalOperation,6253,Variable
ProcessMonitoringType_MainAxisDrives_Name___Nr_Maintenance_TotalOperation_EURange,6254,Variable
ProcessMonitoringType_MainAxisDrives_Name___Nr_Speed_AlarmSuppression,6255,Variable
ProcessMonitoringType_MainAxisDrives_Name___Nr_Speed_AlarmSuppression_EnumValues,6256,Variable
ProcessMonitoringType_MainAxisDrives_Name___Nr_Speed_AlarmSuppression_ValueAsText,6257,Variable
ProcessMonitoringType_MainAxisDrives_Name___Nr_Speed_AutomaticMonitoring,6258,Variable
ProcessMonitoringType_MainAxisDrives_Name___Nr_Speed_LowerTolerance,6259,Variable
ProcessMonitoringType_MainAxisDrives_Name___Nr_Speed_LowerTolerance_EURange,6260,Variable
ProcessMonitoringType_MainAxisDrives_Name___Nr_Speed_LowerTolerance2,6261,Variable
ProcessMonitoringType_MainAxisDrives_Name___Nr_Speed_LowerTolerance2_EURange,6262,Variable
ProcessMonitoringType_MainAxisDrives_Name___Nr_Speed_MaxValue,6263,Variable
ProcessMonitoringType_MainAxisDrives_Name___Nr_Speed_MaxValue_EURange,6264,Variable
ProcessMonitoringType_MainAxisDrives_Name___Nr_Speed_MinValue,6265,Variable
ProcessMonitoringType_MainAxisDrives_Name___Nr_Speed_MinValue_EURange,6266,Variable
ProcessMonitoringType_MainAxisDrives_Name___Nr_Speed_MonitoringSensitivity,6267,Variable
ProcessMonitoringType_MainAxisDrives_Name___Nr_Speed_MonitoringSensitivity_EnumValues,6268,Variable
ProcessMonitoringType_MainAxisDrives_Name___Nr_Speed_MonitoringSensitivity_ValueAsText,6269,Variable
ProcessMonitoringType_MainAxisDrives_Name___Nr_Speed_SetRampDown,6270,Variable
ProcessMonitoringType_MainAxisDrives_Name___Nr_Speed_SetRampDown_EURange,6271,Variable
ProcessMonitoringType_MainAxisDrives_Name___Nr_Speed_SetRampUp,6272,Variable
ProcessMonitoringType_MainAxisDrives_Name___Nr_Speed_SetRampUp_EURange,6273,Variable
ProcessMonitoringType_MainAxisDrives_Name___Nr_Speed_SetValue,6274,Variable
ProcessMonitoringType_MainAxisDrives_Name___Nr_Speed_SetValue_EURange,6275,Variable
ProcessMonitoringType_MainAxisDrives_Name___Nr_Speed_Status,6276,Variable
ProcessMonitoringType_MainAxisDrives_Name___Nr_Speed_Status_EnumValues,6277,Variable
ProcessMonitoringType_MainAxisDrives_Name___Nr_Speed_Status_ValueAsText,6278,Variable
ProcessMonitoringType_MainAxisDrives_Name___Nr_Speed_UpperTolerance,6279,Variable
ProcessMonitoringType_MainAxisDrives_Name___Nr_Speed_UpperTolerance_EURange,6280,Variable
ProcessMonitoringType_MainAxisDrives_Name___Nr_Speed_UpperTolerance2,6281,Variable
ProcessMonitoringType_MainAxisDrives_Name___Nr_Speed_UpperTolerance2_EURange,6282,Variable
ProcessMonitoringType_MainAxisDrives_Name___Nr_StartDrive_StartBlockedByClient,6283,Variable
ProcessMonitoringType_MainAxisDrives_Name___Nr_Torque_AlarmSuppression,6284,Variable
ProcessMonitoringType_MainAxisDrives_Name___Nr_Torque_AlarmSuppression_EnumValues,6285,Variable
ProcessMonitoringType_MainAxisDrives_Name___Nr_Torque_AlarmSuppression_ValueAsText,6286,Variable
ProcessMonitoringType_MainAxisDrives_Name___Nr_Torque_AutomaticMonitoring,6287,Variable
ProcessMonitoringType_MainAxisDrives_Name___Nr_Torque_LowerTolerance,6288,Variable
ProcessMonitoringType_MainAxisDrives_Name___Nr_Torque_LowerTolerance_EURange,6289,Variable
ProcessMonitoringType_MainAxisDrives_Name___Nr_Torque_LowerTolerance2,6290,Variable
ProcessMonitoringType_MainAxisDrives_Name___Nr_Torque_LowerTolerance2_EURange,6291,Variable
ProcessMonitoringType_MainAxisDrives_Name___Nr_Torque_MaxValue,6292,Variable
ProcessMonitoringType_MainAxisDrives_Name___Nr_Torque_MaxValue_EURange,6293,Variable
ProcessMonitoringType_MainAxisDrives_Name___Nr_Torque_MinValue,6294,Variable
ProcessMonitoringType_MainAxisDrives_Name___Nr_Torque_MinValue_EURange,6295,Variable
ProcessMonitoringType_MainAxisDrives_Name___Nr_Torque_MonitoringSensitivity,6296,Variable
ProcessMonitoringType_MainAxisDrives_Name___Nr_Torque_MonitoringSensitivity_EnumValues,6297,Variable
ProcessMonitoringType_MainAxisDrives_Name___Nr_Torque_MonitoringSensitivity_ValueAsText,6298,Variable
ProcessMonitoringType_MainAxisDrives_Name___Nr_Torque_SetRampDown,6299,Variable
ProcessMonitoringType_MainAxisDrives_Name___Nr_Torque_SetRampDown_EURange,6300,Variable
ProcessMonitoringType_MainAxisDrives_Name___Nr_Torque_SetRampUp,6301,Variable
ProcessMonitoringType_MainAxisDrives_Name___Nr_Torque_SetRampUp_EURange,6302,Variable
ProcessMonitoringType_MainAxisDrives_Name___Nr_Torque_SetValue,6303,Variable
ProcessMonitoringType_MainAxisDrives_Name___Nr_Torque_SetValue_EURange,6304,Variable
ProcessMonitoringType_MainAxisDrives_Name___Nr_Torque_Status,6305,Variable
ProcessMonitoringType_MainAxisDrives_Name___Nr_Torque_Status_EnumValues,6306,Variable
ProcessMonitoringType_MainAxisDrives_Name___Nr_Torque_Status_ValueAsText,6307,Variable
ProcessMonitoringType_MainAxisDrives_Name___Nr_Torque_UpperTolerance,6308,Variable
ProcessMonitoringType_MainAxisDrives_Name___Nr_Torque_UpperTolerance_EURange,6309,Variable
ProcessMonitoringType_MainAxisDrives_Name___Nr_Torque_UpperTolerance2,6310,Variable
ProcessMonitoringType_MainAxisDrives_Name___Nr_Torque_UpperTolerance2_EURange,6311,Variable
ProcessMonitoringType_MainAxisDrives_Name___Nr_Energy_ActualPower_Definition,6312,Variable
ProcessMonitoringType_MainAxisDrives_Name___Nr_Energy_ActualPower_EURange,6313,Variable
ProcessMonitoringType_MainAxisDrives_Name___Nr_Energy_ActualPower_InstrumentRange,6314,Variable
ProcessMonitoringType_MainAxisDrives_Name___Nr_Energy_ActualPower_ValuePrecision,6315,Variable
ProcessMonitoringType_MainAxisDrives_Name___Nr_Energy_ActualSpecificEnergy_Definition,6316,Variable
ProcessMonitoringType_MainAxisDrives_Name___Nr_Energy_ActualSpecificEnergy_EURange,6317,Variable
ProcessMonitoringType_MainAxisDrives_Name___Nr_Energy_ActualSpecificEnergy_InstrumentRange,6318,Variable
ProcessMonitoringType_MainAxisDrives_Name___Nr_Energy_ActualSpecificEnergy_ValuePrecision,6319,Variable
ProcessMonitoringType_MainAxisDrives_Name___Nr_Energy_PowerConsumption_Definition,6320,Variable
ProcessMonitoringType_MainAxisDrives_Name___Nr_Energy_PowerConsumption_EURange,6321,Variable
ProcessMonitoringType_MainAxisDrives_Name___Nr_Energy_PowerConsumption_InstrumentRange,6322,Variable
ProcessMonitoringType_MainAxisDrives_Name___Nr_Energy_PowerConsumption_ValuePrecision,6323,Variable
ProcessMonitoringType_MainAxisDrives_Name___Nr_Maintenance_Interval_Definition,6324,Variable
ProcessMonitoringType_MainAxisDrives_Name___Nr_Maintenance_Interval_EngineeringUnits,6325,Variable
ProcessMonitoringType_MainAxisDrives_Name___Nr_Maintenance_Interval_InstrumentRange,6326,Variable
ProcessMonitoringType_MainAxisDrives_Name___Nr_Maintenance_Interval_ValuePrecision,6327,Variable
ProcessMonitoringType_MainAxisDrives_Name___Nr_Maintenance_RemainingInterval_Definition,6328,Variable
ProcessMonitoringType_MainAxisDrives_Name___Nr_Maintenance_RemainingInterval_EngineeringUnits,6329,Variable
ProcessMonitoringType_MainAxisDrives_Name___Nr_Maintenance_RemainingInterval_InstrumentRange,6330,Variable
ProcessMonitoringType_MainAxisDrives_Name___Nr_Maintenance_RemainingInterval_ValuePrecision,6331,Variable
ProcessMonitoringType_MainAxisDrives_Name___Nr_Maintenance_TotalOperation_Definition,6332,Variable
ProcessMonitoringType_MainAxisDrives_Name___Nr_Maintenance_TotalOperation_EngineeringUnits,6333,Variable
ProcessMonitoringType_MainAxisDrives_Name___Nr_Maintenance_TotalOperation_InstrumentRange,6334,Variable
ProcessMonitoringType_MainAxisDrives_Name___Nr_Maintenance_TotalOperation_ValuePrecision,6335,Variable
ProcessMonitoringType_MainAxisDrives_Name___Nr_Speed_ActualValue_Definition,6336,Variable
ProcessMonitoringType_MainAxisDrives_Name___Nr_Speed_ActualValue_EngineeringUnits,6337,Variable
ProcessMonitoringType_MainAxisDrives_Name___Nr_Speed_ActualValue_InstrumentRange,6338,Variable
ProcessMonitoringType_MainAxisDrives_Name___Nr_Speed_ActualValue_ValuePrecision,6339,Variable
ProcessMonitoringType_MainAxisDrives_Name___Nr_Speed_AlarmSuppression_Definition,6340,Variable
ProcessMonitoringType_MainAxisDrives_Name___Nr_Speed_AlarmSuppression_ValuePrecision,6341,Variable
ProcessMonitoringType_MainAxisDrives_Name___Nr_Speed_LowerTolerance_Definition,6342,Variable
ProcessMonitoringType_MainAxisDrives_Name___Nr_Speed_LowerTolerance_EngineeringUnits,6343,Variable
ProcessMonitoringType_MainAxisDrives_Name___Nr_Speed_LowerTolerance_InstrumentRange,6344,Variable
ProcessMonitoringType_MainAxisDrives_Name___Nr_Speed_LowerTolerance_ValuePrecision,6345,Variable
ProcessMonitoringType_MainAxisDrives_Name___Nr_Speed_LowerTolerance2_Definition,6346,Variable
ProcessMonitoringType_MainAxisDrives_Name___Nr_Speed_LowerTolerance2_EngineeringUnits,6347,Variable
ProcessMonitoringType_MainAxisDrives_Name___Nr_Speed_LowerTolerance2_InstrumentRange,6348,Variable
ProcessMonitoringType_MainAxisDrives_Name___Nr_Speed_LowerTolerance2_ValuePrecision,6349,Variable
ProcessMonitoringType_MainAxisDrives_Name___Nr_Speed_MaxValue_Definition,6350,Variable
ProcessMonitoringType_MainAxisDrives_Name___Nr_Speed_MaxValue_EngineeringUnits,6351,Variable
ProcessMonitoringType_MainAxisDrives_Name___Nr_Speed_MaxValue_InstrumentRange,6352,Variable
ProcessMonitoringType_MainAxisDrives_Name___Nr_Speed_MaxValue_ValuePrecision,6353,Variable
ProcessMonitoringType_MainAxisDrives_Name___Nr_Speed_MinValue_Definition,6354,Variable
ProcessMonitoringType_MainAxisDrives_Name___Nr_Speed_MinValue_EngineeringUnits,6355,Variable
ProcessMonitoringType_MainAxisDrives_Name___Nr_Speed_MinValue_InstrumentRange,6356,Variable
ProcessMonitoringType_MainAxisDrives_Name___Nr_Speed_MinValue_ValuePrecision,6357,Variable
ProcessMonitoringType_MainAxisDrives_Name___Nr_Speed_MonitoringSensitivity_Definition,6358,Variable
ProcessMonitoringType_MainAxisDrives_Name___Nr_Speed_MonitoringSensitivity_ValuePrecision,6359,Variable
ProcessMonitoringType_MainAxisDrives_Name___Nr_Speed_SetRampDown_Definition,6360,Variable
ProcessMonitoringType_MainAxisDrives_Name___Nr_Speed_SetRampDown_EngineeringUnits,6361,Variable
ProcessMonitoringType_MainAxisDrives_Name___Nr_Speed_SetRampDown_InstrumentRange,6362,Variable
ProcessMonitoringType_MainAxisDrives_Name___Nr_Speed_SetRampDown_ValuePrecision,6363,Variable
ProcessMonitoringType_MainAxisDrives_Name___Nr_Speed_SetRampUp_Definition,6364,Variable
ProcessMonitoringType_MainAxisDrives_Name___Nr_Speed_SetRampUp_EngineeringUnits,6365,Variable
ProcessMonitoringType_MainAxisDrives_Name___Nr_Speed_SetRampUp_InstrumentRange,6366,Variable
ProcessMonitoringType_MainAxisDrives_Name___Nr_Speed_SetRampUp_ValuePrecision,6367,Variable
ProcessMonitoringType_MainAxisDrives_Name___Nr_Speed_SetValue_Definition,6368,Variable
ProcessMonitoringType_MainAxisDrives_Name___Nr_Speed_SetValue_EngineeringUnits,6369,Variable
ProcessMonitoringType_MainAxisDrives_Name___Nr_Speed_SetValue_InstrumentRange,6370,Variable
ProcessMonitoringType_MainAxisDrives_Name___Nr_Speed_SetValue_ValuePrecision,6371,Variable
ProcessMonitoringType_MainAxisDrives_Name___Nr_Speed_Status_Definition,6372,Variable
ProcessMonitoringType_MainAxisDrives_Name___Nr_Speed_Status_ValuePrecision,6373,Variable
ProcessMonitoringType_MainAxisDrives_Name___Nr_Speed_UpperTolerance_Definition,6374,Variable
ProcessMonitoringType_MainAxisDrives_Name___Nr_Speed_UpperTolerance_EngineeringUnits,6375,Variable
ProcessMonitoringType_MainAxisDrives_Name___Nr_Speed_UpperTolerance_InstrumentRange,6376,Variable
ProcessMonitoringType_MainAxisDrives_Name___Nr_Speed_UpperTolerance_ValuePrecision,6377,Variable
ProcessMonitoringType_MainAxisDrives_Name___Nr_Speed_UpperTolerance2_Definition,6378,Variable
ProcessMonitoringType_MainAxisDrives_Name___Nr_Speed_UpperTolerance2_EngineeringUnits,6379,Variable
ProcessMonitoringType_MainAxisDrives_Name___Nr_Speed_UpperTolerance2_InstrumentRange,6380,Variable
ProcessMonitoringType_MainAxisDrives_Name___Nr_Speed_UpperTolerance2_ValuePrecision,6381,Variable
ProcessMonitoringType_MainAxisDrives_Name___Nr_Torque_ActualValue_Definition,6382,Variable
ProcessMonitoringType_MainAxisDrives_Name___Nr_Torque_ActualValue_EngineeringUnits,6383,Variable
ProcessMonitoringType_MainAxisDrives_Name___Nr_Torque_ActualValue_InstrumentRange,6384,Variable
ProcessMonitoringType_MainAxisDrives_Name___Nr_Torque_ActualValue_ValuePrecision,6385,Variable
ProcessMonitoringType_MainAxisDrives_Name___Nr_Torque_AlarmSuppression_Definition,6386,Variable
ProcessMonitoringType_MainAxisDrives_Name___Nr_Torque_AlarmSuppression_ValuePrecision,6387,Variable
ProcessMonitoringType_MainAxisDrives_Name___Nr_Torque_LowerTolerance_Definition,6388,Variable
ProcessMonitoringType_MainAxisDrives_Name___Nr_Torque_LowerTolerance_EngineeringUnits,6389,Variable
ProcessMonitoringType_MainAxisDrives_Name___Nr_Torque_LowerTolerance_InstrumentRange,6390,Variable
ProcessMonitoringType_MainAxisDrives_Name___Nr_Torque_LowerTolerance_ValuePrecision,6391,Variable
ProcessMonitoringType_MainAxisDrives_Name___Nr_Torque_LowerTolerance2_Definition,6392,Variable
ProcessMonitoringType_MainAxisDrives_Name___Nr_Torque_LowerTolerance2_EngineeringUnits,6393,Variable
ProcessMonitoringType_MainAxisDrives_Name___Nr_Torque_LowerTolerance2_InstrumentRange,6394,Variable
ProcessMonitoringType_MainAxisDrives_Name___Nr_Torque_LowerTolerance2_ValuePrecision,6395,Variable
ProcessMonitoringType_MainAxisDrives_Name___Nr_Torque_MaxValue_Definition,6396,Variable
ProcessMonitoringType_MainAxisDrives_Name___Nr_Torque_MaxValue_EngineeringUnits,6397,Variable
ProcessMonitoringType_MainAxisDrives_Name___Nr_Torque_MaxValue_InstrumentRange,6398,Variable
ProcessMonitoringType_MainAxisDrives_Name___Nr_Torque_MaxValue_ValuePrecision,6399,Variable
ProcessMonitoringType_MainAxisDrives_Name___Nr_Torque_MinValue_Definition,6400,Variable
ProcessMonitoringType_MainAxisDrives_Name___Nr_Torque_MinValue_EngineeringUnits,6401,Variable
ProcessMonitoringType_MainAxisDrives_Name___Nr_Torque_MinValue_InstrumentRange,6402,Variable
ProcessMonitoringType_MainAxisDrives_Name___Nr_Torque_MinValue_ValuePrecision,6403,Variable
ProcessMonitoringType_MainAxisDrives_Name___Nr_Torque_MonitoringSensitivity_Definition,6404,Variable
ProcessMonitoringType_MainAxisDrives_Name___Nr_Torque_MonitoringSensitivity_ValuePrecision,6405,Variable
ProcessMonitoringType_MainAxisDrives_Name___Nr_Torque_SetRampDown_Definition,6406,Variable
ProcessMonitoringType_MainAxisDrives_Name___Nr_Torque_SetRampDown_EngineeringUnits,6407,Variable
ProcessMonitoringType_MainAxisDrives_Name___Nr_Torque_SetRampDown_InstrumentRange,6408,Variable
ProcessMonitoringType_MainAxisDrives_Name___Nr_Torque_SetRampDown_ValuePrecision,6409,Variable
ProcessMonitoringType_MainAxisDrives_Name___Nr_Torque_SetRampUp_Definition,6410,Variable
ProcessMonitoringType_MainAxisDrives_Name___Nr_Torque_SetRampUp_EngineeringUnits,6411,Variable
ProcessMonitoringType_MainAxisDrives_Name___Nr_Torque_SetRampUp_InstrumentRange,6412,Variable
ProcessMonitoringType_MainAxisDrives_Name___Nr_Torque_SetRampUp_ValuePrecision,6413,Variable
ProcessMonitoringType_MainAxisDrives_Name___Nr_Torque_SetValue_Definition,6414,Variable
ProcessMonitoringType_MainAxisDrives_Name___Nr_Torque_SetValue_EngineeringUnits,6415,Variable
ProcessMonitoringType_MainAxisDrives_Name___Nr_Torque_SetValue_InstrumentRange,6416,Variable
ProcessMonitoringType_MainAxisDrives_Name___Nr_Torque_SetValue_ValuePrecision,6417,Variable
ProcessMonitoringType_MainAxisDrives_Name___Nr_Torque_Status_Definition,6418,Variable
ProcessMonitoringType_MainAxisDrives_Name___Nr_Torque_Status_ValuePrecision,6419,Variable
ProcessMonitoringType_MainAxisDrives_Name___Nr_Torque_UpperTolerance_Definition,6420,Variable
ProcessMonitoringType_MainAxisDrives_Name___Nr_Torque_UpperTolerance_EngineeringUnits,6421,Variable
ProcessMonitoringType_MainAxisDrives_Name___Nr_Torque_UpperTolerance_InstrumentRange,6422,Variable
ProcessMonitoringType_MainAxisDrives_Name___Nr_Torque_UpperTolerance_ValuePrecision,6423,Variable
ProcessMonitoringType_MainAxisDrives_Name___Nr_Torque_UpperTolerance2_Definition,6424,Variable
ProcessMonitoringType_MainAxisDrives_Name___Nr_Torque_UpperTolerance2_EngineeringUnits,6425,Variable
ProcessMonitoringType_MainAxisDrives_Name___Nr_Torque_UpperTolerance2_InstrumentRange,6426,Variable
ProcessMonitoringType_MainAxisDrives_Name___Nr_Torque_UpperTolerance2_ValuePrecision,6427,Variable
ProcessMonitoringType_ConveyorProcessMonitoring_Conveyor_Nr_Active,6428,Variable
ProcessMonitoringType_ConveyorProcessMonitoring_Conveyor_Nr_Direction,6429,Variable
ProcessMonitoringType_ConveyorProcessMonitoring_Conveyor_Nr_Drives_NodeVersion,6430,Variable
ProcessMonitoringType_ConveyorProcessMonitoring_Conveyor_Nr_Speed,6431,Variable
ProcessMonitoringType_ConveyorProcessMonitoring_Conveyor_Nr_Speed_EngineeringUnits,6432,Variable
ProcessMonitoringType_Knifes_Knife_Nr_KnifeRunning,6433,Variable
ProcessMonitoringType_Knifes_Knife_Nr_GrindDrives_NodeVersion,6434,Variable
ProcessMonitoringType_Knifes_Knife_Nr_GrindingUnitState,6435,Variable
ProcessMonitoringType_Knifes_Knife_Nr_KnifeDrives_NodeVersion,6436,Variable
ProcessMonitoringType_Knifes_Knife_Nr_KnifeSpeed,6437,Variable
ProcessMonitoringType_Knifes_Knife_Nr_KnifeSpeed_EngineeringUnits,6438,Variable
ProcessMonitoringType_Knifes_Knife_Nr_Readjustment,6439,Variable
ProcessMonitoringType_Knifes_Knife_Nr_Readjustment_EngineeringUnits,6440,Variable
ProcessMonitoringType_Knifes_Knife_Nr_WearStatus_Status,6441,Variable
ProcessMonitoringType_Knifes_Knife_Nr_KnifeSpeed_Definition,6442,Variable
ProcessMonitoringType_Knifes_Knife_Nr_KnifeSpeed_EURange,6443,Variable
ProcessMonitoringType_Knifes_Knife_Nr_KnifeSpeed_InstrumentRange,6444,Variable
ProcessMonitoringType_Knifes_Knife_Nr_KnifeSpeed_ValuePrecision,6445,Variable
ProcessMonitoringType_Knifes_Knife_Nr_Readjustment_Definition,6446,Variable
ProcessMonitoringType_Knifes_Knife_Nr_Readjustment_EURange,6447,Variable
ProcessMonitoringType_Knifes_Knife_Nr_Readjustment_InstrumentRange,6448,Variable
ProcessMonitoringType_Knifes_Knife_Nr_Readjustment_ValuePrecision,6449,Variable
ProcessMonitoringType_Knifes_Knife_Nr_WearStatus_AdditionalInformation,6450,Variable
ProcessMonitoringType_Knifes_Knife_Nr_WearStatus_Interval,6451,Variable
ProcessMonitoringType_Knifes_Knife_Nr_WearStatus_Interval_EURange,6452,Variable
ProcessMonitoringType_Knifes_Knife_Nr_WearStatus_RemainingInterval,6453,Variable
ProcessMonitoringType_Knifes_Knife_Nr_WearStatus_RemainingInterval_EURange,6454,Variable
ProcessMonitoringType_Knifes_Knife_Nr_WearStatus_TotalOperation,6455,Variable
ProcessMonitoringType_Knifes_Knife_Nr_WearStatus_TotalOperation_EURange,6456,Variable
ProcessMonitoringType_Knifes_Knife_Nr_WearStatus_Interval_Definition,6457,Variable
ProcessMonitoringType_Knifes_Knife_Nr_WearStatus_Interval_EngineeringUnits,6458,Variable
ProcessMonitoringType_Knifes_Knife_Nr_WearStatus_Interval_InstrumentRange,6459,Variable
ProcessMonitoringType_Knifes_Knife_Nr_WearStatus_Interval_ValuePrecision,6460,Variable
ProcessMonitoringType_Knifes_Knife_Nr_WearStatus_RemainingInterval_Definition,6461,Variable
ProcessMonitoringType_Knifes_Knife_Nr_WearStatus_RemainingInterval_EngineeringUnits,6462,Variable
ProcessMonitoringType_Knifes_Knife_Nr_WearStatus_RemainingInterval_InstrumentRange,6463,Variable
ProcessMonitoringType_Knifes_Knife_Nr_WearStatus_RemainingInterval_ValuePrecision,6464,Variable
ProcessMonitoringType_Knifes_Knife_Nr_WearStatus_TotalOperation_Definition,6465,Variable
ProcessMonitoringType_Knifes_Knife_Nr_WearStatus_TotalOperation_EngineeringUnits,6466,Variable
ProcessMonitoringType_Knifes_Knife_Nr_WearStatus_TotalOperation_InstrumentRange,6467,Variable
ProcessMonitoringType_Knifes_Knife_Nr_WearStatus_TotalOperation_ValuePrecision,6468,Variable
ProcessMonitoringType_CuttingUnitParameters_PressureRollerDrive_AdditionalMeasuringDevices_NodeVersion,6469,Variable
ProcessMonitoringType_CuttingUnitParameters_PressureRollerDrive_Maintenance_Status,6470,Variable
ProcessMonitoringType_CuttingUnitParameters_PressureRollerDrive_Position,6471,Variable
ProcessMonitoringType_CuttingUnitParameters_PressureRollerDrive_Speed_ActualValue,6472,Variable
ProcessMonitoringType_CuttingUnitParameters_PressureRollerDrive_Speed_ActualValue_EURange,6473,Variable
ProcessMonitoringType_CuttingUnitParameters_PressureRollerDrive_StartDrive_Status,6474,Variable
ProcessMonitoringType_CuttingUnitParameters_PressureRollerDrive_Torque_ActualValue,6475,Variable
ProcessMonitoringType_CuttingUnitParameters_PressureRollerDrive_Torque_ActualValue_EURange,6476,Variable
ProcessMonitoringType_CuttingUnitParameters_PressureRollerDrive_Energy_ActualPower,6477,Variable
ProcessMonitoringType_CuttingUnitParameters_PressureRollerDrive_Energy_ActualPower_EngineeringUnits,6478,Variable
ProcessMonitoringType_CuttingUnitParameters_PressureRollerDrive_Energy_ActualSpecificEnergy,6479,Variable
ProcessMonitoringType_CuttingUnitParameters_PressureRollerDrive_Energy_ActualSpecificEnergy_EngineeringUnits,6480,Variable
ProcessMonitoringType_CuttingUnitParameters_PressureRollerDrive_Energy_PowerConsumption,6481,Variable
ProcessMonitoringType_CuttingUnitParameters_PressureRollerDrive_Energy_PowerConsumption_EngineeringUnits,6482,Variable
ProcessMonitoringType_CuttingUnitParameters_PressureRollerDrive_Energy_PowerFactor,6483,Variable
ProcessMonitoringType_CuttingUnitParameters_PressureRollerDrive_Maintenance_AdditionalInformation,6484,Variable
ProcessMonitoringType_CuttingUnitParameters_PressureRollerDrive_Maintenance_Interval,6485,Variable
ProcessMonitoringType_CuttingUnitParameters_PressureRollerDrive_Maintenance_Interval_EURange,6486,Variable
ProcessMonitoringType_CuttingUnitParameters_PressureRollerDrive_Maintenance_RemainingInterval,6487,Variable
ProcessMonitoringType_CuttingUnitParameters_PressureRollerDrive_Maintenance_RemainingInterval_EURange,6488,Variable
ProcessMonitoringType_CuttingUnitParameters_PressureRollerDrive_Maintenance_TotalOperation,6489,Variable
ProcessMonitoringType_CuttingUnitParameters_PressureRollerDrive_Maintenance_TotalOperation_EURange,6490,Variable
ProcessMonitoringType_CuttingUnitParameters_PressureRollerDrive_Speed_AlarmSuppression,6491,Variable
ProcessMonitoringType_CuttingUnitParameters_PressureRollerDrive_Speed_AlarmSuppression_EnumValues,6492,Variable
ProcessMonitoringType_CuttingUnitParameters_PressureRollerDrive_Speed_AlarmSuppression_ValueAsText,6493,Variable
ProcessMonitoringType_CuttingUnitParameters_PressureRollerDrive_Speed_AutomaticMonitoring,6494,Variable
ProcessMonitoringType_CuttingUnitParameters_PressureRollerDrive_Speed_LowerTolerance,6495,Variable
ProcessMonitoringType_CuttingUnitParameters_PressureRollerDrive_Speed_LowerTolerance_EURange,6496,Variable
ProcessMonitoringType_CuttingUnitParameters_PressureRollerDrive_Speed_LowerTolerance2,6497,Variable
ProcessMonitoringType_CuttingUnitParameters_PressureRollerDrive_Speed_LowerTolerance2_EURange,6498,Variable
ProcessMonitoringType_CuttingUnitParameters_PressureRollerDrive_Speed_MaxValue,6499,Variable
ProcessMonitoringType_CuttingUnitParameters_PressureRollerDrive_Speed_MaxValue_EURange,6500,Variable
ProcessMonitoringType_CuttingUnitParameters_PressureRollerDrive_Speed_MinValue,6501,Variable
ProcessMonitoringType_CuttingUnitParameters_PressureRollerDrive_Speed_MinValue_EURange,6502,Variable
ProcessMonitoringType_CuttingUnitParameters_PressureRollerDrive_Speed_MonitoringSensitivity,6503,Variable
ProcessMonitoringType_CuttingUnitParameters_PressureRollerDrive_Speed_MonitoringSensitivity_EnumValues,6504,Variable
ProcessMonitoringType_CuttingUnitParameters_PressureRollerDrive_Speed_MonitoringSensitivity_ValueAsText,6505,Variable
ProcessMonitoringType_CuttingUnitParameters_PressureRollerDrive_Speed_SetRampDown,6506,Variable
ProcessMonitoringType_CuttingUnitParameters_PressureRollerDrive_Speed_SetRampDown_EURange,6507,Variable
ProcessMonitoringType_CuttingUnitParameters_PressureRollerDrive_Speed_SetRampUp,6508,Variable
ProcessMonitoringType_CuttingUnitParameters_PressureRollerDrive_Speed_SetRampUp_EURange,6509,Variable
ProcessMonitoringType_CuttingUnitParameters_PressureRollerDrive_Speed_SetValue,6510,Variable
ProcessMonitoringType_CuttingUnitParameters_PressureRollerDrive_Speed_SetValue_EURange,6511,Variable
ProcessMonitoringType_CuttingUnitParameters_PressureRollerDrive_Speed_Status,6512,Variable
ProcessMonitoringType_CuttingUnitParameters_PressureRollerDrive_Speed_Status_EnumValues,6513,Variable
ProcessMonitoringType_CuttingUnitParameters_PressureRollerDrive_Speed_Status_ValueAsText,6514,Variable
ProcessMonitoringType_CuttingUnitParameters_PressureRollerDrive_Speed_UpperTolerance,6515,Variable
ProcessMonitoringType_CuttingUnitParameters_PressureRollerDrive_Speed_UpperTolerance_EURange,6516,Variable
ProcessMonitoringType_CuttingUnitParameters_PressureRollerDrive_Speed_UpperTolerance2,6517,Variable
ProcessMonitoringType_CuttingUnitParameters_PressureRollerDrive_Speed_UpperTolerance2_EURange,6518,Variable
ProcessMonitoringType_CuttingUnitParameters_PressureRollerDrive_StartDrive_StartBlockedByClient,6519,Variable
ProcessMonitoringType_CuttingUnitParameters_PressureRollerDrive_Torque_AlarmSuppression,6520,Variable
ProcessMonitoringType_CuttingUnitParameters_PressureRollerDrive_Torque_AlarmSuppression_EnumValues,6521,Variable
ProcessMonitoringType_CuttingUnitParameters_PressureRollerDrive_Torque_AlarmSuppression_ValueAsText,6522,Variable
ProcessMonitoringType_CuttingUnitParameters_PressureRollerDrive_Torque_AutomaticMonitoring,6523,Variable
ProcessMonitoringType_CuttingUnitParameters_PressureRollerDrive_Torque_LowerTolerance,6524,Variable
ProcessMonitoringType_CuttingUnitParameters_PressureRollerDrive_Torque_LowerTolerance_EURange,6525,Variable
ProcessMonitoringType_CuttingUnitParameters_PressureRollerDrive_Torque_LowerTolerance2,6526,Variable
ProcessMonitoringType_CuttingUnitParameters_PressureRollerDrive_Torque_LowerTolerance2_EURange,6527,Variable
ProcessMonitoringType_CuttingUnitParameters_PressureRollerDrive_Torque_MaxValue,6528,Variable
ProcessMonitoringType_CuttingUnitParameters_PressureRollerDrive_Torque_MaxValue_EURange,6529,Variable
ProcessMonitoringType_CuttingUnitParameters_PressureRollerDrive_Torque_MinValue,6530,Variable
ProcessMonitoringType_CuttingUnitParameters_PressureRollerDrive_Torque_MinValue_EURange,6531,Variable
ProcessMonitoringType_CuttingUnitParameters_PressureRollerDrive_Torque_MonitoringSensitivity,6532,Variable
ProcessMonitoringType_CuttingUnitParameters_PressureRollerDrive_Torque_MonitoringSensitivity_EnumValues,6533,Variable
ProcessMonitoringType_CuttingUnitParameters_PressureRollerDrive_Torque_MonitoringSensitivity_ValueAsText,6534,Variable
ProcessMonitoringType_CuttingUnitParameters_PressureRollerDrive_Torque_SetRampDown,6535,Variable
ProcessMonitoringType_CuttingUnitParameters_PressureRollerDrive_Torque_SetRampDown_EURange,6536,Variable
ProcessMonitoringType_CuttingUnitParameters_PressureRollerDrive_Torque_SetRampUp,6537,Variable
ProcessMonitoringType_CuttingUnitParameters_PressureRollerDrive_Torque_SetRampUp_EURange,6538,Variable
ProcessMonitoringType_CuttingUnitParameters_PressureRollerDrive_Torque_SetValue,6539,Variable
ProcessMonitoringType_CuttingUnitParameters_PressureRollerDrive_Torque_SetValue_EURange,6540,Variable
ProcessMonitoringType_CuttingUnitParameters_PressureRollerDrive_Torque_Status,6541,Variable
ProcessMonitoringType_CuttingUnitParameters_PressureRollerDrive_Torque_Status_EnumValues,6542,Variable
ProcessMonitoringType_CuttingUnitParameters_PressureRollerDrive_Torque_Status_ValueAsText,6543,Variable
ProcessMonitoringType_CuttingUnitParameters_PressureRollerDrive_Torque_UpperTolerance,6544,Variable
ProcessMonitoringType_CuttingUnitParameters_PressureRollerDrive_Torque_UpperTolerance_EURange,6545,Variable
ProcessMonitoringType_CuttingUnitParameters_PressureRollerDrive_Torque_UpperTolerance2,6546,Variable
ProcessMonitoringType_CuttingUnitParameters_PressureRollerDrive_Torque_UpperTolerance2_EURange,6547,Variable
ProcessMonitoringType_CuttingUnitParameters_PressureRollerDrive_Energy_ActualPower_Definition,6548,Variable
ProcessMonitoringType_CuttingUnitParameters_PressureRollerDrive_Energy_ActualPower_EURange,6549,Variable
ProcessMonitoringType_CuttingUnitParameters_PressureRollerDrive_Energy_ActualPower_InstrumentRange,6550,Variable
ProcessMonitoringType_CuttingUnitParameters_PressureRollerDrive_Energy_ActualPower_ValuePrecision,6551,Variable
ProcessMonitoringType_CuttingUnitParameters_PressureRollerDrive_Energy_ActualSpecificEnergy_Definition,6552,Variable
ProcessMonitoringType_CuttingUnitParameters_PressureRollerDrive_Energy_ActualSpecificEnergy_EURange,6553,Variable
ProcessMonitoringType_CuttingUnitParameters_PressureRollerDrive_Energy_ActualSpecificEnergy_InstrumentRange,6554,Variable
ProcessMonitoringType_CuttingUnitParameters_PressureRollerDrive_Energy_ActualSpecificEnergy_ValuePrecision,6555,Variable
ProcessMonitoringType_CuttingUnitParameters_PressureRollerDrive_Energy_PowerConsumption_Definition,6556,Variable
ProcessMonitoringType_CuttingUnitParameters_PressureRollerDrive_Energy_PowerConsumption_EURange,6557,Variable
ProcessMonitoringType_CuttingUnitParameters_PressureRollerDrive_Energy_PowerConsumption_InstrumentRange,6558,Variable
ProcessMonitoringType_CuttingUnitParameters_PressureRollerDrive_Energy_PowerConsumption_ValuePrecision,6559,Variable
ProcessMonitoringType_CuttingUnitParameters_PressureRollerDrive_Maintenance_Interval_Definition,6560,Variable
ProcessMonitoringType_CuttingUnitParameters_PressureRollerDrive_Maintenance_Interval_EngineeringUnits,6561,Variable
ProcessMonitoringType_CuttingUnitParameters_PressureRollerDrive_Maintenance_Interval_InstrumentRange,6562,Variable
ProcessMonitoringType_CuttingUnitParameters_PressureRollerDrive_Maintenance_Interval_ValuePrecision,6563,Variable
ProcessMonitoringType_CuttingUnitParameters_PressureRollerDrive_Maintenance_RemainingInterval_Definition,6564,Variable
ProcessMonitoringType_CuttingUnitParameters_PressureRollerDrive_Maintenance_RemainingInterval_EngineeringUnits,6565,Variable
ProcessMonitoringType_CuttingUnitParameters_PressureRollerDrive_Maintenance_RemainingInterval_InstrumentRange,6566,Variable
ProcessMonitoringType_CuttingUnitParameters_PressureRollerDrive_Maintenance_RemainingInterval_ValuePrecision,6567,Variable
ProcessMonitoringType_CuttingUnitParameters_PressureRollerDrive_Maintenance_TotalOperation_Definition,6568,Variable
ProcessMonitoringType_CuttingUnitParameters_PressureRollerDrive_Maintenance_TotalOperation_EngineeringUnits,6569,Variable
ProcessMonitoringType_CuttingUnitParameters_PressureRollerDrive_Maintenance_TotalOperation_InstrumentRange,6570,Variable
ProcessMonitoringType_CuttingUnitParameters_PressureRollerDrive_Maintenance_TotalOperation_ValuePrecision,6571,Variable
ProcessMonitoringType_CuttingUnitParameters_PressureRollerDrive_Speed_ActualValue_Definition,6572,Variable
ProcessMonitoringType_CuttingUnitParameters_PressureRollerDrive_Speed_ActualValue_EngineeringUnits,6573,Variable
ProcessMonitoringType_CuttingUnitParameters_PressureRollerDrive_Speed_ActualValue_InstrumentRange,6574,Variable
ProcessMonitoringType_CuttingUnitParameters_PressureRollerDrive_Speed_ActualValue_ValuePrecision,6575,Variable
ProcessMonitoringType_CuttingUnitParameters_PressureRollerDrive_Speed_AlarmSuppression_Definition,6576,Variable
ProcessMonitoringType_CuttingUnitParameters_PressureRollerDrive_Speed_AlarmSuppression_ValuePrecision,6577,Variable
ProcessMonitoringType_CuttingUnitParameters_PressureRollerDrive_Speed_LowerTolerance_Definition,6578,Variable
ProcessMonitoringType_CuttingUnitParameters_PressureRollerDrive_Speed_LowerTolerance_EngineeringUnits,6579,Variable
ProcessMonitoringType_CuttingUnitParameters_PressureRollerDrive_Speed_LowerTolerance_InstrumentRange,6580,Variable
ProcessMonitoringType_CuttingUnitParameters_PressureRollerDrive_Speed_LowerTolerance_ValuePrecision,6581,Variable
ProcessMonitoringType_CuttingUnitParameters_PressureRollerDrive_Speed_LowerTolerance2_Definition,6582,Variable
ProcessMonitoringType_CuttingUnitParameters_PressureRollerDrive_Speed_LowerTolerance2_EngineeringUnits,6583,Variable
ProcessMonitoringType_CuttingUnitParameters_PressureRollerDrive_Speed_LowerTolerance2_InstrumentRange,6584,Variable
ProcessMonitoringType_CuttingUnitParameters_PressureRollerDrive_Speed_LowerTolerance2_ValuePrecision,6585,Variable
ProcessMonitoringType_CuttingUnitParameters_PressureRollerDrive_Speed_MaxValue_Definition,6586,Variable
ProcessMonitoringType_CuttingUnitParameters_PressureRollerDrive_Speed_MaxValue_EngineeringUnits,6587,Variable
ProcessMonitoringType_CuttingUnitParameters_PressureRollerDrive_Speed_MaxValue_InstrumentRange,6588,Variable
ProcessMonitoringType_CuttingUnitParameters_PressureRollerDrive_Speed_MaxValue_ValuePrecision,6589,Variable
ProcessMonitoringType_CuttingUnitParameters_PressureRollerDrive_Speed_MinValue_Definition,6590,Variable
ProcessMonitoringType_CuttingUnitParameters_PressureRollerDrive_Speed_MinValue_EngineeringUnits,6591,Variable
ProcessMonitoringType_CuttingUnitParameters_PressureRollerDrive_Speed_MinValue_InstrumentRange,6592,Variable
ProcessMonitoringType_CuttingUnitParameters_PressureRollerDrive_Speed_MinValue_ValuePrecision,6593,Variable
ProcessMonitoringType_CuttingUnitParameters_PressureRollerDrive_Speed_MonitoringSensitivity_Definition,6594,Variable
ProcessMonitoringType_CuttingUnitParameters_PressureRollerDrive_Speed_MonitoringSensitivity_ValuePrecision,6595,Variable
ProcessMonitoringType_CuttingUnitParameters_PressureRollerDrive_Speed_SetRampDown_Definition,6596,Variable
ProcessMonitoringType_CuttingUnitParameters_PressureRollerDrive_Speed_SetRampDown_EngineeringUnits,6597,Variable
ProcessMonitoringType_CuttingUnitParameters_PressureRollerDrive_Speed_SetRampDown_InstrumentRange,6598,Variable
ProcessMonitoringType_CuttingUnitParameters_PressureRollerDrive_Speed_SetRampDown_ValuePrecision,6599,Variable
ProcessMonitoringType_CuttingUnitParameters_PressureRollerDrive_Speed_SetRampUp_Definition,6600,Variable
ProcessMonitoringType_CuttingUnitParameters_PressureRollerDrive_Speed_SetRampUp_EngineeringUnits,6601,Variable
ProcessMonitoringType_CuttingUnitParameters_PressureRollerDrive_Speed_SetRampUp_InstrumentRange,6602,Variable
ProcessMonitoringType_CuttingUnitParameters_PressureRollerDrive_Speed_SetRampUp_ValuePrecision,6603,Variable
ProcessMonitoringType_CuttingUnitParameters_PressureRollerDrive_Speed_SetValue_Definition,6604,Variable
ProcessMonitoringType_CuttingUnitParameters_PressureRollerDrive_Speed_SetValue_EngineeringUnits,6605,Variable
ProcessMonitoringType_CuttingUnitParameters_PressureRollerDrive_Speed_SetValue_InstrumentRange,6606,Variable
ProcessMonitoringType_CuttingUnitParameters_PressureRollerDrive_Speed_SetValue_ValuePrecision,6607,Variable
ProcessMonitoringType_CuttingUnitParameters_PressureRollerDrive_Speed_Status_Definition,6608,Variable
ProcessMonitoringType_CuttingUnitParameters_PressureRollerDrive_Speed_Status_ValuePrecision,6609,Variable
ProcessMonitoringType_CuttingUnitParameters_PressureRollerDrive_Speed_UpperTolerance_Definition,6610,Variable
ProcessMonitoringType_CuttingUnitParameters_PressureRollerDrive_Speed_UpperTolerance_EngineeringUnits,6611,Variable
ProcessMonitoringType_CuttingUnitParameters_PressureRollerDrive_Speed_UpperTolerance_InstrumentRange,6612,Variable
ProcessMonitoringType_CuttingUnitParameters_PressureRollerDrive_Speed_UpperTolerance_ValuePrecision,6613,Variable
ProcessMonitoringType_CuttingUnitParameters_PressureRollerDrive_Speed_UpperTolerance2_Definition,6614,Variable
ProcessMonitoringType_CuttingUnitParameters_PressureRollerDrive_Speed_UpperTolerance2_EngineeringUnits,6615,Variable
ProcessMonitoringType_CuttingUnitParameters_PressureRollerDrive_Speed_UpperTolerance2_InstrumentRange,6616,Variable
ProcessMonitoringType_CuttingUnitParameters_PressureRollerDrive_Speed_UpperTolerance2_ValuePrecision,6617,Variable
ProcessMonitoringType_CuttingUnitParameters_PressureRollerDrive_Torque_ActualValue_Definition,6618,Variable
ProcessMonitoringType_CuttingUnitParameters_PressureRollerDrive_Torque_ActualValue_EngineeringUnits,6619,Variable
ProcessMonitoringType_CuttingUnitParameters_PressureRollerDrive_Torque_ActualValue_InstrumentRange,6620,Variable
ProcessMonitoringType_CuttingUnitParameters_PressureRollerDrive_Torque_ActualValue_ValuePrecision,6621,Variable
ProcessMonitoringType_CuttingUnitParameters_PressureRollerDrive_Torque_AlarmSuppression_Definition,6622,Variable
ProcessMonitoringType_CuttingUnitParameters_PressureRollerDrive_Torque_AlarmSuppression_ValuePrecision,6623,Variable
ProcessMonitoringType_CuttingUnitParameters_PressureRollerDrive_Torque_LowerTolerance_Definition,6624,Variable
ProcessMonitoringType_CuttingUnitParameters_PressureRollerDrive_Torque_LowerTolerance_EngineeringUnits,6625,Variable
ProcessMonitoringType_CuttingUnitParameters_PressureRollerDrive_Torque_LowerTolerance_InstrumentRange,6626,Variable
ProcessMonitoringType_CuttingUnitParameters_PressureRollerDrive_Torque_LowerTolerance_ValuePrecision,6627,Variable
ProcessMonitoringType_CuttingUnitParameters_PressureRollerDrive_Torque_LowerTolerance2_Definition,6628,Variable
ProcessMonitoringType_CuttingUnitParameters_PressureRollerDrive_Torque_LowerTolerance2_EngineeringUnits,6629,Variable
ProcessMonitoringType_CuttingUnitParameters_PressureRollerDrive_Torque_LowerTolerance2_InstrumentRange,6630,Variable
ProcessMonitoringType_CuttingUnitParameters_PressureRollerDrive_Torque_LowerTolerance2_ValuePrecision,6631,Variable
ProcessMonitoringType_CuttingUnitParameters_PressureRollerDrive_Torque_MaxValue_Definition,6632,Variable
ProcessMonitoringType_CuttingUnitParameters_PressureRollerDrive_Torque_MaxValue_EngineeringUnits,6633,Variable
ProcessMonitoringType_CuttingUnitParameters_PressureRollerDrive_Torque_MaxValue_InstrumentRange,6634,Variable
ProcessMonitoringType_CuttingUnitParameters_PressureRollerDrive_Torque_MaxValue_ValuePrecision,6635,Variable
ProcessMonitoringType_CuttingUnitParameters_PressureRollerDrive_Torque_MinValue_Definition,6636,Variable
ProcessMonitoringType_CuttingUnitParameters_PressureRollerDrive_Torque_MinValue_EngineeringUnits,6637,Variable
ProcessMonitoringType_CuttingUnitParameters_PressureRollerDrive_Torque_MinValue_InstrumentRange,6638,Variable
ProcessMonitoringType_CuttingUnitParameters_PressureRollerDrive_Torque_MinValue_ValuePrecision,6639,Variable
ProcessMonitoringType_CuttingUnitParameters_PressureRollerDrive_Torque_MonitoringSensitivity_Definition,6640,Variable
ProcessMonitoringType_CuttingUnitParameters_PressureRollerDrive_Torque_MonitoringSensitivity_ValuePrecision,6641,Variable
ProcessMonitoringType_CuttingUnitParameters_PressureRollerDrive_Torque_SetRampDown_Definition,6642,Variable
ProcessMonitoringType_CuttingUnitParameters_PressureRollerDrive_Torque_SetRampDown_EngineeringUnits,6643,Variable
ProcessMonitoringType_CuttingUnitParameters_PressureRollerDrive_Torque_SetRampDown_InstrumentRange,6644,Variable
ProcessMonitoringType_CuttingUnitParameters_PressureRollerDrive_Torque_SetRampDown_ValuePrecision,6645,Variable
ProcessMonitoringType_CuttingUnitParameters_PressureRollerDrive_Torque_SetRampUp_Definition,6646,Variable
ProcessMonitoringType_CuttingUnitParameters_PressureRollerDrive_Torque_SetRampUp_EngineeringUnits,6647,Variable
ProcessMonitoringType_CuttingUnitParameters_PressureRollerDrive_Torque_SetRampUp_InstrumentRange,6648,Variable
ProcessMonitoringType_CuttingUnitParameters_PressureRollerDrive_Torque_SetRampUp_ValuePrecision,6649,Variable
ProcessMonitoringType_CuttingUnitParameters_PressureRollerDrive_Torque_SetValue_Definition,6650,Variable
ProcessMonitoringType_CuttingUnitParameters_PressureRollerDrive_Torque_SetValue_EngineeringUnits,6651,Variable
ProcessMonitoringType_CuttingUnitParameters_PressureRollerDrive_Torque_SetValue_InstrumentRange,6652,Variable
ProcessMonitoringType_CuttingUnitParameters_PressureRollerDrive_Torque_SetValue_ValuePrecision,6653,Variable
ProcessMonitoringType_CuttingUnitParameters_PressureRollerDrive_Torque_Status_Definition,6654,Variable
ProcessMonitoringType_CuttingUnitParameters_PressureRollerDrive_Torque_Status_ValuePrecision,6655,Variable
ProcessMonitoringType_CuttingUnitParameters_PressureRollerDrive_Torque_UpperTolerance_Definition,6656,Variable
ProcessMonitoringType_CuttingUnitParameters_PressureRollerDrive_Torque_UpperTolerance_EngineeringUnits,6657,Variable
ProcessMonitoringType_CuttingUnitParameters_PressureRollerDrive_Torque_UpperTolerance_InstrumentRange,6658,Variable
ProcessMonitoringType_CuttingUnitParameters_PressureRollerDrive_Torque_UpperTolerance_ValuePrecision,6659,Variable
ProcessMonitoringType_CuttingUnitParameters_PressureRollerDrive_Torque_UpperTolerance2_Definition,6660,Variable
ProcessMonitoringType_CuttingUnitParameters_PressureRollerDrive_Torque_UpperTolerance2_EngineeringUnits,6661,Variable
ProcessMonitoringType_CuttingUnitParameters_PressureRollerDrive_Torque_UpperTolerance2_InstrumentRange,6662,Variable
ProcessMonitoringType_CuttingUnitParameters_PressureRollerDrive_Torque_UpperTolerance2_ValuePrecision,6663,Variable
FoamCuttingMachineType_ProcessMonitoring_Knifes_Knife_Nr_KnifeRunning,6664,Variable
FoamCuttingMachineType_ProcessMonitoring_Knifes_Knife_Nr_GrindDrives_NodeVersion,6665,Variable
FoamCuttingMachineType_ProcessMonitoring_Knifes_Knife_Nr_GrindingUnitState,6666,Variable
FoamCuttingMachineType_ProcessMonitoring_Knifes_Knife_Nr_KnifeDrives_NodeVersion,6667,Variable
ProcessMonitoringType_CuttingSpeedFeed_MaxMachineLimit,6668,Variable
ProcessMonitoringType_CuttingSpeedFeed_MaxMachineLimit_EngineeringUnits,6669,Variable
ProcessMonitoringType_CuttingSpeedFeed_RecipeLimit,6670,Variable
ProcessMonitoringType_CuttingSpeedFeed_RecipeLimit_EngineeringUnits,6671,Variable
ProcessMonitoringType_CuttingSpeedFeed_RecipeLimitIdle,6672,Variable
ProcessMonitoringType_CuttingSpeedFeed_RecipeLimitIdle_EngineeringUnits,6673,Variable
ProcessMonitoringType_CuttingSpeedFeed_Override,6674,Variable
ProcessMonitoringType_CuttingSpeedFeed_OverrideIdle,6675,Variable
ProcessMonitoringType_CuttingSpeedFeed_CurrentValue,6676,Variable
ProcessMonitoringType_CuttingSpeedFeed_CurrentValue_EngineeringUnits,6677,Variable
ProcessMonitoringType_CuttingSpeedFeed_CurrentValue_Definition,6678,Variable
ProcessMonitoringType_CuttingSpeedFeed_CurrentValue_EURange,6679,Variable
ProcessMonitoringType_CuttingSpeedFeed_CurrentValue_InstrumentRange,6680,Variable
ProcessMonitoringType_CuttingSpeedFeed_CurrentValue_ValuePrecision,6681,Variable
ProcessMonitoringType_CuttingSpeedFeed_MaxMachineLimit_Definition,6682,Variable
ProcessMonitoringType_CuttingSpeedFeed_MaxMachineLimit_EURange,6683,Variable
ProcessMonitoringType_CuttingSpeedFeed_MaxMachineLimit_InstrumentRange,6684,Variable
ProcessMonitoringType_CuttingSpeedFeed_MaxMachineLimit_ValuePrecision,6685,Variable
ProcessMonitoringType_CuttingSpeedFeed_RecipeLimit_Definition,6686,Variable
ProcessMonitoringType_CuttingSpeedFeed_RecipeLimit_EURange,6687,Variable
ProcessMonitoringType_CuttingSpeedFeed_RecipeLimit_InstrumentRange,6688,Variable
ProcessMonitoringType_CuttingSpeedFeed_RecipeLimit_ValuePrecision,6689,Variable
ProcessMonitoringType_CuttingSpeedFeed_RecipeLimitIdle_Definition,6690,Variable
ProcessMonitoringType_CuttingSpeedFeed_RecipeLimitIdle_EURange,6691,Variable
ProcessMonitoringType_CuttingSpeedFeed_RecipeLimitIdle_InstrumentRange,6692,Variable
ProcessMonitoringType_CuttingSpeedFeed_RecipeLimitIdle_ValuePrecision,6693,Variable
ProcessMonitoringType_CuttingUnitParameters_CuttingThickness,6694,Variable
ProcessMonitoringType_CuttingUnitParameters_CuttingThickness_EngineeringUnits,6695,Variable
ProcessMonitoringType_CuttingUnitParameters_CuttingAngle,6696,Variable
ProcessMonitoringType_CuttingUnitParameters_CuttingAngle_EngineeringUnits,6697,Variable
ProcessMonitoringType_CuttingUnitParameters_CuttingUnitPosition,6698,Variable
ProcessMonitoringType_CuttingUnitParameters_CuttingUnitPosition_EngineeringUnits,6699,Variable
ProcessMonitoringType_CuttingUnitParameters_PressureRollerOffset,6700,Variable
ProcessMonitoringType_CuttingUnitParameters_PressureRollerOffset_EngineeringUnits,6701,Variable
ProcessMonitoringType_CuttingUnitParameters_CuttingAngle_Definition,6702,Variable
ProcessMonitoringType_CuttingUnitParameters_CuttingAngle_EURange,6703,Variable
ProcessMonitoringType_CuttingUnitParameters_CuttingAngle_InstrumentRange,6704,Variable
ProcessMonitoringType_CuttingUnitParameters_CuttingAngle_ValuePrecision,6705,Variable
ProcessMonitoringType_CuttingUnitParameters_CuttingThickness_Definition,6706,Variable
ProcessMonitoringType_CuttingUnitParameters_CuttingThickness_EURange,6707,Variable
ProcessMonitoringType_CuttingUnitParameters_CuttingThickness_InstrumentRange,6708,Variable
ProcessMonitoringType_CuttingUnitParameters_CuttingThickness_ValuePrecision,6709,Variable
ProcessMonitoringType_CuttingUnitParameters_CuttingUnitPosition_Definition,6710,Variable
ProcessMonitoringType_CuttingUnitParameters_CuttingUnitPosition_EURange,6711,Variable
ProcessMonitoringType_CuttingUnitParameters_CuttingUnitPosition_InstrumentRange,6712,Variable
ProcessMonitoringType_CuttingUnitParameters_CuttingUnitPosition_ValuePrecision,6713,Variable
ProcessMonitoringType_CuttingUnitParameters_PressureRollerOffset_Definition,6714,Variable
ProcessMonitoringType_CuttingUnitParameters_PressureRollerOffset_EURange,6715,Variable
ProcessMonitoringType_CuttingUnitParameters_PressureRollerOffset_InstrumentRange,6716,Variable
ProcessMonitoringType_CuttingUnitParameters_PressureRollerOffset_ValuePrecision,6717,Variable
ProcessMonitoringType_MaterialSupport_ActiveVacuumUnits,6718,Variable
ProcessMonitoringType_MaterialSupport_SideFixtureActive,6719,Variable
ProcessMonitoringType_MaterialSupport_TopFixtureActive,6720,Variable
ProcessMonitoringType_MaterialSupport_Orientation,6721,Variable
ProcessMonitoringType_MaterialSupport_Orientation_EngineeringUnits,6722,Variable
ProcessMonitoringType_MaterialSupport_Orientation_Definition,6723,Variable
ProcessMonitoringType_MaterialSupport_Orientation_EURange,6724,Variable
ProcessMonitoringType_MaterialSupport_Orientation_InstrumentRange,6725,Variable
ProcessMonitoringType_MaterialSupport_Orientation_ValuePrecision,6726,Variable
ProcessMonitoringType_Supply_CompressedAir_ActualPower,6727,Variable
ProcessMonitoringType_Supply_CompressedAir_ActualPower_EngineeringUnits,6728,Variable
ProcessMonitoringType_Supply_CompressedAir_ActualSpecificEnergy,6729,Variable
ProcessMonitoringType_Supply_CompressedAir_ActualSpecificEnergy_EngineeringUnits,6730,Variable
ProcessMonitoringType_Supply_CompressedAir_PowerConsumption,6731,Variable
ProcessMonitoringType_Supply_CompressedAir_PowerConsumption_EngineeringUnits,6732,Variable
ProcessMonitoringType_Supply_CompressedAir_PowerFactor,6733,Variable
ProcessMonitoringType_Supply_CompressedAir_ActualPower_Definition,6734,Variable
ProcessMonitoringType_Supply_CompressedAir_ActualPower_EURange,6735,Variable
ProcessMonitoringType_Supply_CompressedAir_ActualPower_InstrumentRange,6736,Variable
ProcessMonitoringType_Supply_CompressedAir_ActualPower_ValuePrecision,6737,Variable
ProcessMonitoringType_Supply_CompressedAir_ActualSpecificEnergy_Definition,6738,Variable
ProcessMonitoringType_Supply_CompressedAir_ActualSpecificEnergy_EURange,6739,Variable
ProcessMonitoringType_Supply_CompressedAir_ActualSpecificEnergy_InstrumentRange,6740,Variable
ProcessMonitoringType_Supply_CompressedAir_ActualSpecificEnergy_ValuePrecision,6741,Variable
ProcessMonitoringType_Supply_CompressedAir_PowerConsumption_Definition,6742,Variable
ProcessMonitoringType_Supply_CompressedAir_PowerConsumption_EURange,6743,Variable
ProcessMonitoringType_Supply_CompressedAir_PowerConsumption_InstrumentRange,6744,Variable
ProcessMonitoringType_Supply_CompressedAir_PowerConsumption_ValuePrecision,6745,Variable
ProcessMonitoringType_Supply_Electricity_ActualPower,6746,Variable
ProcessMonitoringType_Supply_Electricity_ActualPower_EngineeringUnits,6747,Variable
ProcessMonitoringType_Supply_Electricity_ActualSpecificEnergy,6748,Variable
ProcessMonitoringType_Supply_Electricity_ActualSpecificEnergy_EngineeringUnits,6749,Variable
ProcessMonitoringType_Supply_Electricity_PowerConsumption,6750,Variable
ProcessMonitoringType_Supply_Electricity_PowerConsumption_EngineeringUnits,6751,Variable
ProcessMonitoringType_Supply_Electricity_PowerFactor,6752,Variable
ProcessMonitoringType_Supply_Electricity_ActualPower_Definition,6753,Variable
ProcessMonitoringType_Supply_Electricity_ActualPower_EURange,6754,Variable
ProcessMonitoringType_Supply_Electricity_ActualPower_InstrumentRange,6755,Variable
ProcessMonitoringType_Supply_Electricity_ActualPower_ValuePrecision,6756,Variable
ProcessMonitoringType_Supply_Electricity_ActualSpecificEnergy_Definition,6757,Variable
ProcessMonitoringType_Supply_Electricity_ActualSpecificEnergy_EURange,6758,Variable
ProcessMonitoringType_Supply_Electricity_ActualSpecificEnergy_InstrumentRange,6759,Variable
ProcessMonitoringType_Supply_Electricity_ActualSpecificEnergy_ValuePrecision,6760,Variable
ProcessMonitoringType_Supply_Electricity_PowerConsumption_Definition,6761,Variable
ProcessMonitoringType_Supply_Electricity_PowerConsumption_EURange,6762,Variable
ProcessMonitoringType_Supply_Electricity_PowerConsumption_InstrumentRange,6763,Variable
ProcessMonitoringType_Supply_Electricity_PowerConsumption_ValuePrecision,6764,Variable
ProcessMonitoringType_WindingSystem_TargetFoilLength,6765,Variable
ProcessMonitoringType_WindingSystem_TargetFoilLength_EngineeringUnits,6766,Variable
ProcessMonitoringType_WindingSystem_ActualFoilLength,6767,Variable
ProcessMonitoringType_WindingSystem_ActualFoilLength_EngineeringUnits,6768,Variable
ProcessMonitoringType_WindingSystem_RollCounter,6769,Variable
ProcessMonitoringType_WindingSystem_RollStop,6770,Variable
ProcessMonitoringType_WindingSystem_SpeedOffset,6771,Variable
ProcessMonitoringType_WindingSystem_SpeedOffset_EngineeringUnits,6772,Variable
ProcessMonitoringType_WindingSystem_ActualFoilLength_Definition,6773,Variable
ProcessMonitoringType_WindingSystem_ActualFoilLength_EURange,6774,Variable
ProcessMonitoringType_WindingSystem_ActualFoilLength_InstrumentRange,6775,Variable
ProcessMonitoringType_WindingSystem_ActualFoilLength_ValuePrecision,6776,Variable
ProcessMonitoringType_WindingSystem_SpeedOffset_Definition,6777,Variable
ProcessMonitoringType_WindingSystem_SpeedOffset_EURange,6778,Variable
ProcessMonitoringType_WindingSystem_SpeedOffset_InstrumentRange,6779,Variable
ProcessMonitoringType_WindingSystem_SpeedOffset_ValuePrecision,6780,Variable
ProcessMonitoringType_WindingSystem_TargetFoilLength_Definition,6781,Variable
ProcessMonitoringType_WindingSystem_TargetFoilLength_EURange,6782,Variable
ProcessMonitoringType_WindingSystem_TargetFoilLength_InstrumentRange,6783,Variable
ProcessMonitoringType_WindingSystem_TargetFoilLength_ValuePrecision,6784,Variable
MaterialSupportType_MaterialSupportCategory,6785,Variable
MaterialSupportType_VacuumUnitsQuantity,6786,Variable
MaterialSupportType_Fixture_TopFixture,6787,Variable
MaterialSupportType_Fixture_SideFixture,6788,Variable
MaterialSupportType_Fixture_BottomFixture,6789,Variable
MaterialSupportType_TableDimensions_Length,6790,Variable
MaterialSupportType_TableDimensions_Length_EngineeringUnits,6791,Variable
MaterialSupportType_TableDimensions_Width,6792,Variable
MaterialSupportType_TableDimensions_Width_EngineeringUnits,6793,Variable
MaterialSupportType_TableDimensions_Height,6794,Variable
MaterialSupportType_TableDimensions_Height_EngineeringUnits,6795,Variable
MaterialSupportType_TableDimensions_Diameter,6796,Variable
MaterialSupportType_TableDimensions_Diameter_EngineeringUnits,6797,Variable
MaterialSupportType_TableDimensions_Diameter_Definition,6798,Variable
MaterialSupportType_TableDimensions_Diameter_EURange,6799,Variable
MaterialSupportType_TableDimensions_Diameter_InstrumentRange,6800,Variable
MaterialSupportType_TableDimensions_Diameter_ValuePrecision,6801,Variable
MaterialSupportType_TableDimensions_Height_Definition,6802,Variable
MaterialSupportType_TableDimensions_Height_EURange,6803,Variable
MaterialSupportType_TableDimensions_Height_InstrumentRange,6804,Variable
MaterialSupportType_TableDimensions_Height_ValuePrecision,6805,Variable
MaterialSupportType_TableDimensions_Length_Definition,6806,Variable
MaterialSupportType_TableDimensions_Length_EURange,6807,Variable
MaterialSupportType_TableDimensions_Length_InstrumentRange,6808,Variable
MaterialSupportType_TableDimensions_Length_ValuePrecision,6809,Variable
MaterialSupportType_TableDimensions_Width_Definition,6810,Variable
MaterialSupportType_TableDimensions_Width_EURange,6811,Variable
MaterialSupportType_TableDimensions_Width_InstrumentRange,6812,Variable
MaterialSupportType_TableDimensions_Width_ValuePrecision,6813,Variable
ConveyorConfigurationType_IsPresent,6814,Variable
ConveyorConfigurationType_ConveyorCategory,6815,Variable
ConveyorConfigurationType_ConveyorSubCategory,6816,Variable
ConveyorConfigurationType_FixedSpeedConveyor,6817,Variable
ConveyorConfigurationType_ConveyorSpeed,6818,Variable
ConveyorConfigurationType_ConveyorSpeed_EngineeringUnits,6819,Variable
ConveyorConfigurationType_ConveyorSpeed_EURange,6820,Variable
ConveyorConfigurationType_Length,6821,Variable
ConveyorConfigurationType_Length_EngineeringUnits,6822,Variable
ConveyorConfigurationType_Width,6823,Variable
ConveyorConfigurationType_Width_EngineeringUnits,6824,Variable
ConveyorConfigurationType_NumberOfBelts,6825,Variable
ConveyorConfigurationType_LightBarriers,6826,Variable
ConveyorConfigurationType_PossibleDirection,6827,Variable
ConveyorConfigurationType_ConveyorSpeed_Definition,6828,Variable
ConveyorConfigurationType_ConveyorSpeed_InstrumentRange,6829,Variable
ConveyorConfigurationType_ConveyorSpeed_ValuePrecision,6830,Variable
ConveyorConfigurationType_Length_Definition,6831,Variable
ConveyorConfigurationType_Length_EURange,6832,Variable
ConveyorConfigurationType_Length_InstrumentRange,6833,Variable
ConveyorConfigurationType_Length_ValuePrecision,6834,Variable
ConveyorConfigurationType_Width_Definition,6835,Variable
ConveyorConfigurationType_Width_EURange,6836,Variable
ConveyorConfigurationType_Width_InstrumentRange,6837,Variable
ConveyorConfigurationType_Width_ValuePrecision,6838,Variable
MachineConfigurationType_Knife,6839,Variable
MachineConfigurationType_GrindingUnit,6840,Variable
MachineConfigurationType_MaterialSupport_Fixture_BottomFixture,6841,Variable
MachineConfigurationType_MaterialSupport_Fixture_SideFixture,6842,Variable
MachineConfigurationType_MaterialSupport_Fixture_TopFixture,6843,Variable
MachineConfigurationType_MaterialSupport_MaterialSupportCategory,6844,Variable
MachineConfigurationType_ConveyorConfigurations_Conveyor_Nr_ConveyorCategory,6845,Variable
MachineConfigurationType_ConveyorConfigurations_Conveyor_Nr_ConveyorSpeed,6846,Variable
MachineConfigurationType_ConveyorConfigurations_Conveyor_Nr_ConveyorSpeed_EngineeringUnits,6847,Variable
MachineConfigurationType_ConveyorConfigurations_Conveyor_Nr_ConveyorSpeed_EURange,6848,Variable
MachineConfigurationType_ConveyorConfigurations_Conveyor_Nr_ConveyorSubCategory,6849,Variable
MachineConfigurationType_ConveyorConfigurations_Conveyor_Nr_FixedSpeedConveyor,6850,Variable
MachineConfigurationType_ConveyorConfigurations_Conveyor_Nr_IsPresent,6851,Variable
MachineConfigurationType_ConveyorConfigurations_Conveyor_Nr_Length,6852,Variable
MachineConfigurationType_ConveyorConfigurations_Conveyor_Nr_Length_EngineeringUnits,6853,Variable
MachineConfigurationType_ConveyorConfigurations_Conveyor_Nr_LightBarriers,6854,Variable
MachineConfigurationType_ConveyorConfigurations_Conveyor_Nr_NumberOfBelts,6855,Variable
MachineConfigurationType_ConveyorConfigurations_Conveyor_Nr_PossibleDirection,6856,Variable
MachineConfigurationType_ConveyorConfigurations_Conveyor_Nr_Width,6857,Variable
MachineConfigurationType_ConveyorConfigurations_Conveyor_Nr_Width_EngineeringUnits,6858,Variable
MachineConfigurationType_ConveyorConfigurations_Conveyor_Nr_ConveyorSpeed_Definition,6859,Variable
MachineConfigurationType_ConveyorConfigurations_Conveyor_Nr_ConveyorSpeed_InstrumentRange,6860,Variable
MachineConfigurationType_ConveyorConfigurations_Conveyor_Nr_ConveyorSpeed_ValuePrecision,6861,Variable
MachineConfigurationType_ConveyorConfigurations_Conveyor_Nr_Length_Definition,6862,Variable
MachineConfigurationType_ConveyorConfigurations_Conveyor_Nr_Length_EURange,6863,Variable
MachineConfigurationType_ConveyorConfigurations_Conveyor_Nr_Length_InstrumentRange,6864,Variable
MachineConfigurationType_ConveyorConfigurations_Conveyor_Nr_Length_ValuePrecision,6865,Variable
MachineConfigurationType_ConveyorConfigurations_Conveyor_Nr_Width_Definition,6866,Variable
MachineConfigurationType_ConveyorConfigurations_Conveyor_Nr_Width_EURange,6867,Variable
MachineConfigurationType_ConveyorConfigurations_Conveyor_Nr_Width_InstrumentRange,6868,Variable
MachineConfigurationType_ConveyorConfigurations_Conveyor_Nr_Width_ValuePrecision,6869,Variable
MachineConfigurationType_MaterialSupport_TableDimensions_Diameter,6870,Variable
MachineConfigurationType_MaterialSupport_TableDimensions_Diameter_EngineeringUnits,6871,Variable
MachineConfigurationType_MaterialSupport_TableDimensions_Height,6872,Variable
MachineConfigurationType_MaterialSupport_TableDimensions_Height_EngineeringUnits,6873,Variable
MachineConfigurationType_MaterialSupport_TableDimensions_Length,6874,Variable
MachineConfigurationType_MaterialSupport_TableDimensions_Length_EngineeringUnits,6875,Variable
MachineConfigurationType_MaterialSupport_TableDimensions_Width,6876,Variable
MachineConfigurationType_MaterialSupport_TableDimensions_Width_EngineeringUnits,6877,Variable
MachineConfigurationType_MaterialSupport_TableDimensions_Diameter_Definition,6878,Variable
MachineConfigurationType_MaterialSupport_TableDimensions_Diameter_EURange,6879,Variable
MachineConfigurationType_MaterialSupport_TableDimensions_Diameter_InstrumentRange,6880,Variable
MachineConfigurationType_MaterialSupport_TableDimensions_Diameter_ValuePrecision,6881,Variable
MachineConfigurationType_MaterialSupport_TableDimensions_Height_Definition,6882,Variable
MachineConfigurationType_MaterialSupport_TableDimensions_Height_EURange,6883,Variable
MachineConfigurationType_MaterialSupport_TableDimensions_Height_InstrumentRange,6884,Variable
MachineConfigurationType_MaterialSupport_TableDimensions_Height_ValuePrecision,6885,Variable
MachineConfigurationType_MaterialSupport_TableDimensions_Length_Definition,6886,Variable
MachineConfigurationType_MaterialSupport_TableDimensions_Length_EURange,6887,Variable
MachineConfigurationType_MaterialSupport_TableDimensions_Length_InstrumentRange,6888,Variable
MachineConfigurationType_MaterialSupport_TableDimensions_Length_ValuePrecision,6889,Variable
MachineConfigurationType_MaterialSupport_TableDimensions_Width_Definition,6890,Variable
MachineConfigurationType_MaterialSupport_TableDimensions_Width_EURange,6891,Variable
MachineConfigurationType_MaterialSupport_TableDimensions_Width_InstrumentRange,6892,Variable
MachineConfigurationType_MaterialSupport_TableDimensions_Width_ValuePrecision,6893,Variable
MachineConfigurationType_MaterialSupport_VacuumUnitsQuantity,6894,Variable
FoamCuttingMachineType_Identification_ProductInstanceUri,6895,Variable
FoamCuttingMachineType_Identification_Manufacturer,6896,Variable
FoamCuttingMachineType_Identification_SerialNumber,6897,Variable
FoamCuttingMachineType_MachineConfiguration_GrindingUnit,6898,Variable
FoamCuttingMachineType_MachineConfiguration_Knife,6899,Variable
FoamCuttingMachineType_MachineConfiguration_MaterialSupport_Fixture_BottomFixture,6900,Variable
FoamCuttingMachineType_MachineConfiguration_MaterialSupport_Fixture_SideFixture,6901,Variable
FoamCuttingMachineType_MachineConfiguration_MaterialSupport_Fixture_TopFixture,6902,Variable
FoamCuttingMachineType_MachineConfiguration_MaterialSupport_MaterialSupportCategory,6903,Variable
FoamCuttingMachineType_Operation_ControlVoltageSwitch,6904,Variable
FoamCuttingMachineType_ProcessMonitoring_ConveyorProcessMonitoring_Conveyor_Nr_Active,6905,Variable
FoamCuttingMachineType_ProcessMonitoring_ConveyorProcessMonitoring_Conveyor_Nr_Direction,6906,Variable
FoamCuttingMachineType_ProcessMonitoring_ConveyorProcessMonitoring_Conveyor_Nr_Drives_NodeVersion,6907,Variable
FoamCuttingMachineType_ProcessMonitoring_ConveyorProcessMonitoring_Conveyor_Nr_Speed,6908,Variable
FoamCuttingMachineType_ProcessMonitoring_ConveyorProcessMonitoring_Conveyor_Nr_Speed_EngineeringUnits,6909,Variable
FoamCuttingMachineType_ProcessMonitoring_MainAxisDrives_NodeVersion,6910,Variable
FoamCuttingMachineType_ErrorHandling_ActiveErrors,6911,Variable
FoamCuttingMachineType_Identification_AssetId,6912,Variable
FoamCuttingMachineType_Identification_ComponentName,6913,Variable
FoamCuttingMachineType_Identification_DeviceClass,6914,Variable
FoamCuttingMachineType_Identification_HardwareRevision,6915,Variable
FoamCuttingMachineType_Identification_InitialOperationDate,6916,Variable
FoamCuttingMachineType_Identification_Location,6917,Variable
FoamCuttingMachineType_Identification_ManufacturerUri,6918,Variable
FoamCuttingMachineType_Identification_Model,6919,Variable
FoamCuttingMachineType_Identification_MonthOfConstruction,6920,Variable
FoamCuttingMachineType_Identification_ProductCode,6921,Variable
FoamCuttingMachineType_Identification_SoftwareRevision,6922,Variable
FoamCuttingMachineType_Identification_UIElement,6923,Variable
FoamCuttingMachineType_Identification_YearOfConstruction,6924,Variable
FoamCuttingMachineType_MachineryBuildingBlocks_MachineryItemState_CurrentState,6925,Variable
FoamCuttingMachineType_MachineryBuildingBlocks_MachineryItemState_CurrentState_Id,6926,Variable
ProcessMonitoringType_ConveyorProcessMonitoring_Conveyor_Nr_Speed_Definition,6927,Variable
ProcessMonitoringType_ConveyorProcessMonitoring_Conveyor_Nr_Speed_EURange,6928,Variable
FoamCuttingMachineType_MachineryBuildingBlocks_MachineryItemState_CurrentState_EffectiveDisplayName,6929,Variable
FoamCuttingMachineType_MachineryBuildingBlocks_MachineryItemState_CurrentState_Name,6930,Variable
FoamCuttingMachineType_MachineryBuildingBlocks_MachineryItemState_CurrentState_Number,6931,Variable
FoamCuttingMachineType_MachineryBuildingBlocks_MachineryItemState_AvailableStates,6932,Variable
FoamCuttingMachineType_MachineryBuildingBlocks_MachineryItemState_AvailableTransitions,6933,Variable
FoamCuttingMachineType_MachineryBuildingBlocks_MachineryItemState_LastTransition,6934,Variable
FoamCuttingMachineType_MachineryBuildingBlocks_MachineryItemState_LastTransition_Id,6935,Variable
FoamCuttingMachineType_MachineryBuildingBlocks_MachineryItemState_LastTransition_EffectiveTransitionTime,6936,Variable
FoamCuttingMachineType_MachineryBuildingBlocks_MachineryItemState_LastTransition_Name,6937,Variable
FoamCuttingMachineType_MachineryBuildingBlocks_MachineryItemState_LastTransition_Number,6938,Variable
FoamCuttingMachineType_MachineryBuildingBlocks_MachineryItemState_LastTransition_TransitionTime,6939,Variable
FoamCuttingMachineType_MachineryBuildingBlocks_MachineryOperationMode_CurrentState,6940,Variable
FoamCuttingMachineType_MachineryBuildingBlocks_MachineryOperationMode_CurrentState_Id,6941,Variable
FoamCuttingMachineType_MachineryBuildingBlocks_MachineryOperationMode_CurrentState_EffectiveDisplayName,6942,Variable
FoamCuttingMachineType_MachineryBuildingBlocks_MachineryOperationMode_CurrentState_Name,6943,Variable
FoamCuttingMachineType_MachineryBuildingBlocks_MachineryOperationMode_CurrentState_Number,6944,Variable
ProcessMonitoringType_ConveyorProcessMonitoring_Conveyor_Nr_Speed_InstrumentRange,6945,Variable
ProcessMonitoringType_ConveyorProcessMonitoring_Conveyor_Nr_Speed_ValuePrecision,6946,Variable
OperationType_ProcessingMode,6947,Variable
FoamCuttingMachineType_Operation_ProcessingMode,6948,Variable
FoamCuttingMachineType_MachineConfiguration_ConveyorConfigurations_Conveyor_Nr_ConveyorCategory,6949,Variable
FoamCuttingMachineType_MachineConfiguration_ConveyorConfigurations_Conveyor_Nr_ConveyorSpeed,6950,Variable
FoamCuttingMachineType_MachineConfiguration_ConveyorConfigurations_Conveyor_Nr_ConveyorSpeed_EngineeringUnits,6951,Variable
FoamCuttingMachineType_MachineConfiguration_ConveyorConfigurations_Conveyor_Nr_ConveyorSpeed_EURange,6952,Variable
FoamCuttingMachineType_MachineConfiguration_ConveyorConfigurations_Conveyor_Nr_ConveyorSubCategory,6953,Variable
FoamCuttingMachineType_MachineConfiguration_ConveyorConfigurations_Conveyor_Nr_FixedSpeedConveyor,6954,Variable
FoamCuttingMachineType_MachineConfiguration_ConveyorConfigurations_Conveyor_Nr_IsPresent,6955,Variable
FoamCuttingMachineType_MachineConfiguration_ConveyorConfigurations_Conveyor_Nr_Length,6956,Variable
FoamCuttingMachineType_MachineConfiguration_ConveyorConfigurations_Conveyor_Nr_Length_EngineeringUnits,6957,Variable
FoamCuttingMachineType_MachineConfiguration_ConveyorConfigurations_Conveyor_Nr_LightBarriers,6958,Variable
FoamCuttingMachineType_MachineConfiguration_ConveyorConfigurations_Conveyor_Nr_NumberOfBelts,6959,Variable
FoamCuttingMachineType_MachineConfiguration_ConveyorConfigurations_Conveyor_Nr_PossibleDirection,6960,Variable
FoamCuttingMachineType_MachineConfiguration_ConveyorConfigurations_Conveyor_Nr_Width,6961,Variable
FoamCuttingMachineType_MachineConfiguration_ConveyorConfigurations_Conveyor_Nr_Width_EngineeringUnits,6962,Variable
FoamCuttingMachineType_MachineConfiguration_ConveyorConfigurations_Conveyor_Nr_ConveyorSpeed_Definition,6963,Variable
FoamCuttingMachineType_MachineConfiguration_ConveyorConfigurations_Conveyor_Nr_ConveyorSpeed_InstrumentRange,6964,Variable
FoamCuttingMachineType_MachineryBuildingBlocks_MachineryOperationMode_AvailableStates,6965,Variable
FoamCuttingMachineType_MachineryBuildingBlocks_MachineryOperationMode_AvailableTransitions,6966,Variable
FoamCuttingMachineType_MachineryBuildingBlocks_MachineryOperationMode_LastTransition,6967,Variable
FoamCuttingMachineType_MachineryBuildingBlocks_MachineryOperationMode_LastTransition_Id,6968,Variable
FoamCuttingMachineType_MachineryBuildingBlocks_MachineryOperationMode_LastTransition_EffectiveTransitionTime,6969,Variable
FoamCuttingMachineType_MachineryBuildingBlocks_MachineryOperationMode_LastTransition_Name,6970,Variable
FoamCuttingMachineType_MachineryBuildingBlocks_MachineryOperationMode_LastTransition_Number,6971,Variable
FoamCuttingMachineType_MachineryBuildingBlocks_MachineryOperationMode_LastTransition_TransitionTime,6972,Variable
FoamCuttingMachineType_MachineConfiguration_ConveyorConfigurations_Conveyor_Nr_ConveyorSpeed_ValuePrecision,6973,Variable
FoamCuttingMachineType_MachineConfiguration_ConveyorConfigurations_Conveyor_Nr_Length_Definition,6974,Variable
FoamCuttingMachineType_MachineConfiguration_ConveyorConfigurations_Conveyor_Nr_Length_EURange,6975,Variable
FoamCuttingMachineType_MachineConfiguration_ConveyorConfigurations_Conveyor_Nr_Length_InstrumentRange,6976,Variable
FoamCuttingMachineType_MachineConfiguration_ConveyorConfigurations_Conveyor_Nr_Length_ValuePrecision,6977,Variable
FoamCuttingMachineType_MachineConfiguration_ConveyorConfigurations_Conveyor_Nr_Width_Definition,6978,Variable
FoamCuttingMachineType_MachineConfiguration_ConveyorConfigurations_Conveyor_Nr_Width_EURange,6979,Variable
FoamCuttingMachineType_MachineConfiguration_ConveyorConfigurations_Conveyor_Nr_Width_InstrumentRange,6980,Variable
FoamCuttingMachineType_MachineConfiguration_ConveyorConfigurations_Conveyor_Nr_Width_ValuePrecision,6981,Variable
FoamCuttingMachineType_ErrorHandling_HighestActiveAlarmSeverity,6982,Variable
FoamCuttingMachineType_Operation_PeripheralDevices_Device_Nr,6983,Variable
FoamCuttingMachineType_ProcessMonitoring_ConveyorProcessMonitoring_Conveyor_Nr_Speed_Definition,6984,Variable
FoamCuttingMachineType_ProcessMonitoring_ConveyorProcessMonitoring_Conveyor_Nr_Speed_EURange,6985,Variable
FoamCuttingMachineType_ProcessMonitoring_ConveyorProcessMonitoring_Conveyor_Nr_Speed_InstrumentRange,6986,Variable
FoamCuttingMachineType_ProcessMonitoring_ConveyorProcessMonitoring_Conveyor_Nr_Speed_ValuePrecision,6987,Variable
FoamCuttingMachineType_ProcessMonitoring_MainAxisDrives_Name___Nr_AdditionalMeasuringDevices_NodeVersion,6988,Variable
FoamCuttingMachineType_ProcessMonitoring_MainAxisDrives_Name___Nr_Maintenance_Status,6989,Variable
FoamCuttingMachineType_ProcessMonitoring_MainAxisDrives_Name___Nr_Position,6990,Variable
FoamCuttingMachineType_ProcessMonitoring_MainAxisDrives_Name___Nr_Speed_ActualValue,6991,Variable
FoamCuttingMachineType_ProcessMonitoring_MainAxisDrives_Name___Nr_Speed_ActualValue_EURange,6992,Variable
FoamCuttingMachineType_ProcessMonitoring_MainAxisDrives_Name___Nr_StartDrive_Status,6993,Variable
FoamCuttingMachineType_ProcessMonitoring_MainAxisDrives_Name___Nr_Torque_ActualValue,6994,Variable
FoamCuttingMachineType_ProcessMonitoring_MainAxisDrives_Name___Nr_Torque_ActualValue_EURange,6995,Variable
FoamCuttingMachineType_MachineConfiguration_MaterialSupport_VacuumUnitsQuantity,6998,Variable
FoamCuttingMachineType_MachineConfiguration_MaterialSupport_TableDimensions_Diameter,6999,Variable
FoamCuttingMachineType_MachineConfiguration_MaterialSupport_TableDimensions_Diameter_EngineeringUnits,7000,Variable
ProcessMonitoringType_MainAxisDrives_Name___Nr_Maintenance_Reset,7001,Method
ProcessMonitoringType_MainAxisDrives_Name___Nr_Speed_ResetMonitoring,7002,Method
ConveyorProcessMonitoringType_Drives_Drive_Nr_Maintenance_Reset,7003,Method
ConveyorProcessMonitoringType_Drives_Drive_Nr_Speed_ResetMonitoring,7004,Method
ConveyorProcessMonitoringType_Drives_Drive_Nr_StartDrive_StartRequest,7005,Method
ConveyorProcessMonitoringType_Drives_Drive_Nr_StartDrive_StopRequest,7006,Method
ConveyorProcessMonitoringType_Drives_Drive_Nr_Torque_ResetMonitoring,7007,Method
ProcessMonitoringType_MainAxisDrives_Name___Nr_StartDrive_StartRequest,7008,Method
ProcessMonitoringType_MainAxisDrives_Name___Nr_StartDrive_StopRequest,7009,Method
ProcessMonitoringType_MainAxisDrives_Name___Nr_Torque_ResetMonitoring,7010,Method
FoamCuttingMachineType_ProcessMonitoring_MainAxisDrives_Name___Nr_Maintenance_Reset,7011,Method
ProcessMonitoringType_Knifes_Knife_Nr_WearStatus_Reset,7013,Method
ProcessMonitoringType_CuttingUnitParameters_PressureRollerDrive_Maintenance_Reset,7014,Method
ProcessMonitoringType_CuttingUnitParameters_PressureRollerDrive_Speed_ResetMonitoring,7015,Method
ProcessMonitoringType_CuttingUnitParameters_PressureRollerDrive_StartDrive_StartRequest,7016,Method
ProcessMonitoringType_CuttingUnitParameters_PressureRollerDrive_StartDrive_StopRequest,7017,Method
ProcessMonitoringType_CuttingUnitParameters_PressureRollerDrive_Torque_ResetMonitoring,7018,Method
FoamCuttingMachineType_MachineConfiguration_MaterialSupport_TableDimensions_Height,7021,Variable
FoamCuttingMachineType_MachineConfiguration_MaterialSupport_TableDimensions_Height_EngineeringUnits,7022,Variable
FoamCuttingMachineType_MachineConfiguration_MaterialSupport_TableDimensions_Length,7023,Variable
FoamCuttingMachineType_MachineConfiguration_MaterialSupport_TableDimensions_Length_EngineeringUnits,7024,Variable
FoamCuttingMachineType_MachineConfiguration_MaterialSupport_TableDimensions_Width,7025,Variable
FoamCuttingMachineType_MachineConfiguration_MaterialSupport_TableDimensions_Width_EngineeringUnits,7026,Variable
FoamCuttingMachineType_MachineConfiguration_MaterialSupport_TableDimensions_Diameter_Definition,7027,Variable
FoamCuttingMachineType_MachineConfiguration_MaterialSupport_TableDimensions_Diameter_EURange,7028,Variable
FoamCuttingMachineType_MachineConfiguration_MaterialSupport_TableDimensions_Diameter_InstrumentRange,7029,Variable
FoamCuttingMachineType_MachineConfiguration_MaterialSupport_TableDimensions_Diameter_ValuePrecision,7030,Variable
FoamCuttingMachineType_MachineConfiguration_MaterialSupport_TableDimensions_Height_Definition,7031,Variable
FoamCuttingMachineType_MachineConfiguration_MaterialSupport_TableDimensions_Height_EURange,7032,Variable
FoamCuttingMachineType_MachineConfiguration_MaterialSupport_TableDimensions_Height_InstrumentRange,7033,Variable
FoamCuttingMachineType_MachineConfiguration_MaterialSupport_TableDimensions_Height_ValuePrecision,7034,Variable
FoamCuttingMachineType_MachineConfiguration_MaterialSupport_TableDimensions_Length_Definition,7035,Variable
FoamCuttingMachineType_MachineConfiguration_MaterialSupport_TableDimensions_Length_EURange,7036,Variable
FoamCuttingMachineType_MachineConfiguration_MaterialSupport_TableDimensions_Length_InstrumentRange,7037,Variable
FoamCuttingMachineType_MachineConfiguration_MaterialSupport_TableDimensions_Length_ValuePrecision,7038,Variable
FoamCuttingMachineType_MachineConfiguration_MaterialSupport_TableDimensions_Width_Definition,7039,Variable
FoamCuttingMachineType_MachineConfiguration_MaterialSupport_TableDimensions_Width_EURange,7040,Variable
FoamCuttingMachineType_MachineConfiguration_MaterialSupport_TableDimensions_Width_InstrumentRange,7041,Variable
FoamCuttingMachineType_MachineConfiguration_MaterialSupport_TableDimensions_Width_ValuePrecision,7042,Variable
FoamCuttingMachineType_Operation_JobInformation_JobName,7054,Variable
FoamCuttingMachineType_Operation_JobInformation_FinishedParts,7056,Variable
FoamCuttingMachineType_ProcessMonitoring_CuttingSpeedFeed_CurrentValue,7057,Variable
FoamCuttingMachineType_ProcessMonitoring_CuttingSpeedFeed_CurrentValue_EngineeringUnits,7058,Variable
FoamCuttingMachineType_ProcessMonitoring_CuttingSpeedFeed_MaxMachineLimit,7059,Variable
FoamCuttingMachineType_ProcessMonitoring_CuttingSpeedFeed_MaxMachineLimit_EngineeringUnits,7060,Variable
FoamCuttingMachineType_ProcessMonitoring_CuttingSpeedFeed_Override,7061,Variable
FoamCuttingMachineType_ProcessMonitoring_CuttingSpeedFeed_OverrideIdle,7062,Variable
FoamCuttingMachineType_ProcessMonitoring_CuttingSpeedFeed_RecipeLimit,7063,Variable
FoamCuttingMachineType_ProcessMonitoring_CuttingSpeedFeed_RecipeLimit_EngineeringUnits,7064,Variable
FoamCuttingMachineType_ProcessMonitoring_CuttingSpeedFeed_RecipeLimitIdle,7065,Variable
FoamCuttingMachineType_ProcessMonitoring_CuttingSpeedFeed_RecipeLimitIdle_EngineeringUnits,7066,Variable
FoamCuttingMachineType_ProcessMonitoring_CuttingUnitParameters_CuttingAngle,7067,Variable
FoamCuttingMachineType_ProcessMonitoring_CuttingUnitParameters_CuttingAngle_EngineeringUnits,7068,Variable
FoamCuttingMachineType_ProcessMonitoring_CuttingUnitParameters_CuttingThickness,7069,Variable
FoamCuttingMachineType_ProcessMonitoring_CuttingUnitParameters_CuttingThickness_EngineeringUnits,7070,Variable
FoamCuttingMachineType_ProcessMonitoring_CuttingUnitParameters_CuttingUnitPosition,7071,Variable
FoamCuttingMachineType_ProcessMonitoring_CuttingUnitParameters_CuttingUnitPosition_EngineeringUnits,7072,Variable
FoamCuttingMachineType_ProcessMonitoring_CuttingUnitParameters_PressureRollerOffset,7073,Variable
FoamCuttingMachineType_ProcessMonitoring_CuttingUnitParameters_PressureRollerOffset_EngineeringUnits,7074,Variable
FoamCuttingMachineType_ProcessMonitoring_MaterialSupport_ActiveVacuumUnits,7075,Variable
FoamCuttingMachineType_ProcessMonitoring_MaterialSupport_Orientation,7076,Variable
FoamCuttingMachineType_ProcessMonitoring_MaterialSupport_Orientation_EngineeringUnits,7077,Variable
FoamCuttingMachineType_ProcessMonitoring_MaterialSupport_SideFixtureActive,7078,Variable
FoamCuttingMachineType_ProcessMonitoring_MaterialSupport_TopFixtureActive,7079,Variable
FoamCuttingMachineType_ProcessMonitoring_WindingSystem_ActualFoilLength,7080,Variable
FoamCuttingMachineType_ProcessMonitoring_WindingSystem_ActualFoilLength_EngineeringUnits,7081,Variable
FoamCuttingMachineType_ProcessMonitoring_WindingSystem_RollCounter,7082,Variable
FoamCuttingMachineType_ProcessMonitoring_WindingSystem_RollStop,7083,Variable
FoamCuttingMachineType_ProcessMonitoring_WindingSystem_SpeedOffset,7084,Variable
FoamCuttingMachineType_ProcessMonitoring_WindingSystem_SpeedOffset_EngineeringUnits,7085,Variable
FoamCuttingMachineType_ProcessMonitoring_WindingSystem_TargetFoilLength,7086,Variable
FoamCuttingMachineType_ProcessMonitoring_WindingSystem_TargetFoilLength_EngineeringUnits,7087,Variable
FoamCuttingMachineType_ProcessMonitoring_CuttingSpeedFeed_CurrentValue_Definition,7088,Variable
FoamCuttingMachineType_ProcessMonitoring_CuttingSpeedFeed_CurrentValue_EURange,7089,Variable
FoamCuttingMachineType_ProcessMonitoring_CuttingSpeedFeed_CurrentValue_InstrumentRange,7090,Variable
FoamCuttingMachineType_ProcessMonitoring_CuttingSpeedFeed_CurrentValue_ValuePrecision,7091,Variable
FoamCuttingMachineType_ProcessMonitoring_CuttingSpeedFeed_MaxMachineLimit_Definition,7092,Variable
FoamCuttingMachineType_ProcessMonitoring_CuttingSpeedFeed_MaxMachineLimit_EURange,7093,Variable
FoamCuttingMachineType_ProcessMonitoring_CuttingSpeedFeed_MaxMachineLimit_InstrumentRange,7094,Variable
FoamCuttingMachineType_ProcessMonitoring_CuttingSpeedFeed_MaxMachineLimit_ValuePrecision,7095,Variable
FoamCuttingMachineType_ProcessMonitoring_CuttingSpeedFeed_RecipeLimit_Definition,7096,Variable
FoamCuttingMachineType_ProcessMonitoring_CuttingSpeedFeed_RecipeLimit_EURange,7097,Variable
FoamCuttingMachineType_ProcessMonitoring_CuttingSpeedFeed_RecipeLimit_InstrumentRange,7098,Variable
FoamCuttingMachineType_ProcessMonitoring_CuttingSpeedFeed_RecipeLimit_ValuePrecision,7099,Variable
FoamCuttingMachineType_ProcessMonitoring_CuttingSpeedFeed_RecipeLimitIdle_Definition,7100,Variable
FoamCuttingMachineType_ProcessMonitoring_CuttingSpeedFeed_RecipeLimitIdle_EURange,7101,Variable
FoamCuttingMachineType_ProcessMonitoring_CuttingSpeedFeed_RecipeLimitIdle_InstrumentRange,7102,Variable
FoamCuttingMachineType_ProcessMonitoring_CuttingSpeedFeed_RecipeLimitIdle_ValuePrecision,7103,Variable
FoamCuttingMachineType_ProcessMonitoring_CuttingUnitParameters_CuttingAngle_Definition,7104,Variable
FoamCuttingMachineType_ProcessMonitoring_CuttingUnitParameters_CuttingAngle_EURange,7105,Variable
FoamCuttingMachineType_ProcessMonitoring_CuttingUnitParameters_CuttingAngle_InstrumentRange,7106,Variable
FoamCuttingMachineType_ProcessMonitoring_CuttingUnitParameters_CuttingAngle_ValuePrecision,7107,Variable
FoamCuttingMachineType_ProcessMonitoring_CuttingUnitParameters_CuttingThickness_Definition,7108,Variable
FoamCuttingMachineType_ProcessMonitoring_CuttingUnitParameters_CuttingThickness_EURange,7109,Variable
FoamCuttingMachineType_ProcessMonitoring_CuttingUnitParameters_CuttingThickness_InstrumentRange,7110,Variable
FoamCuttingMachineType_ProcessMonitoring_CuttingUnitParameters_CuttingThickness_ValuePrecision,7111,Variable
FoamCuttingMachineType_ProcessMonitoring_CuttingUnitParameters_CuttingUnitPosition_Definition,7112,Variable
FoamCuttingMachineType_ProcessMonitoring_CuttingUnitParameters_CuttingUnitPosition_EURange,7113,Variable
FoamCuttingMachineType_ProcessMonitoring_CuttingUnitParameters_CuttingUnitPosition_InstrumentRange,7114,Variable
FoamCuttingMachineType_ProcessMonitoring_CuttingUnitParameters_CuttingUnitPosition_ValuePrecision,7115,Variable
FoamCuttingMachineType_ProcessMonitoring_CuttingUnitParameters_PressureRollerOffset_Definition,7116,Variable
FoamCuttingMachineType_ProcessMonitoring_CuttingUnitParameters_PressureRollerOffset_EURange,7117,Variable
FoamCuttingMachineType_ProcessMonitoring_CuttingUnitParameters_PressureRollerOffset_InstrumentRange,7118,Variable
FoamCuttingMachineType_ProcessMonitoring_CuttingUnitParameters_PressureRollerOffset_ValuePrecision,7119,Variable
FoamCuttingMachineType_ProcessMonitoring_MaterialSupport_Orientation_Definition,7120,Variable
FoamCuttingMachineType_ProcessMonitoring_MaterialSupport_Orientation_EURange,7121,Variable
FoamCuttingMachineType_ProcessMonitoring_MaterialSupport_Orientation_InstrumentRange,7122,Variable
FoamCuttingMachineType_ProcessMonitoring_MaterialSupport_Orientation_ValuePrecision,7123,Variable
FoamCuttingMachineType_ProcessMonitoring_Supply_CompressedAir_ActualPower,7124,Variable
FoamCuttingMachineType_ProcessMonitoring_Supply_CompressedAir_ActualPower_EngineeringUnits,7125,Variable
FoamCuttingMachineType_ProcessMonitoring_Supply_CompressedAir_ActualSpecificEnergy,7126,Variable
FoamCuttingMachineType_ProcessMonitoring_Supply_CompressedAir_ActualSpecificEnergy_EngineeringUnits,7127,Variable
FoamCuttingMachineType_ProcessMonitoring_Supply_CompressedAir_PowerConsumption,7128,Variable
FoamCuttingMachineType_ProcessMonitoring_Supply_CompressedAir_PowerConsumption_EngineeringUnits,7129,Variable
FoamCuttingMachineType_ProcessMonitoring_Supply_CompressedAir_PowerFactor,7130,Variable
FoamCuttingMachineType_ProcessMonitoring_Supply_Electricity_ActualPower,7131,Variable
FoamCuttingMachineType_ProcessMonitoring_Supply_Electricity_ActualPower_EngineeringUnits,7132,Variable
FoamCuttingMachineType_ProcessMonitoring_Supply_Electricity_ActualSpecificEnergy,7133,Variable
FoamCuttingMachineType_ProcessMonitoring_Supply_Electricity_ActualSpecificEnergy_EngineeringUnits,7134,Variable
FoamCuttingMachineType_ProcessMonitoring_Supply_Electricity_PowerConsumption,7135,Variable
FoamCuttingMachineType_ProcessMonitoring_Supply_Electricity_PowerConsumption_EngineeringUnits,7136,Variable
FoamCuttingMachineType_ProcessMonitoring_Supply_Electricity_PowerFactor,7137,Variable
FoamCuttingMachineType_ProcessMonitoring_WindingSystem_ActualFoilLength_Definition,7138,Variable
FoamCuttingMachineType_ProcessMonitoring_WindingSystem_ActualFoilLength_EURange,7139,Variable
FoamCuttingMachineType_ProcessMonitoring_WindingSystem_ActualFoilLength_InstrumentRange,7140,Variable
FoamCuttingMachineType_ProcessMonitoring_WindingSystem_ActualFoilLength_ValuePrecision,7141,Variable
FoamCuttingMachineType_ProcessMonitoring_WindingSystem_SpeedOffset_Definition,7142,Variable
FoamCuttingMachineType_ProcessMonitoring_WindingSystem_SpeedOffset_EURange,7143,Variable
FoamCuttingMachineType_ProcessMonitoring_WindingSystem_SpeedOffset_InstrumentRange,7144,Variable
FoamCuttingMachineType_ProcessMonitoring_WindingSystem_SpeedOffset_ValuePrecision,7145,Variable
FoamCuttingMachineType_ProcessMonitoring_WindingSystem_TargetFoilLength_Definition,7146,Variable
FoamCuttingMachineType_ProcessMonitoring_WindingSystem_TargetFoilLength_EURange,7147,Variable
FoamCuttingMachineType_ProcessMonitoring_WindingSystem_TargetFoilLength_InstrumentRange,7148,Variable
FoamCuttingMachineType_ProcessMonitoring_WindingSystem_TargetFoilLength_ValuePrecision,7149,Variable
FoamCuttingMachineType_ProcessMonitoring_Supply_CompressedAir_ActualPower_Definition,7150,Variable
FoamCuttingMachineType_ProcessMonitoring_Supply_CompressedAir_ActualPower_EURange,7151,Variable
FoamCuttingMachineType_ProcessMonitoring_Supply_CompressedAir_ActualPower_InstrumentRange,7152,Variable
FoamCuttingMachineType_ProcessMonitoring_Supply_CompressedAir_ActualPower_ValuePrecision,7153,Variable
FoamCuttingMachineType_ProcessMonitoring_Supply_CompressedAir_ActualSpecificEnergy_Definition,7154,Variable
FoamCuttingMachineType_ProcessMonitoring_Supply_CompressedAir_ActualSpecificEnergy_EURange,7155,Variable
FoamCuttingMachineType_ProcessMonitoring_Supply_CompressedAir_ActualSpecificEnergy_InstrumentRange,7156,Variable
FoamCuttingMachineType_ProcessMonitoring_Supply_CompressedAir_ActualSpecificEnergy_ValuePrecision,7157,Variable
FoamCuttingMachineType_ProcessMonitoring_Supply_CompressedAir_PowerConsumption_Definition,7158,Variable
FoamCuttingMachineType_ProcessMonitoring_Supply_CompressedAir_PowerConsumption_EURange,7159,Variable
FoamCuttingMachineType_ProcessMonitoring_Supply_CompressedAir_PowerConsumption_InstrumentRange,7160,Variable
FoamCuttingMachineType_ProcessMonitoring_Supply_CompressedAir_PowerConsumption_ValuePrecision,7161,Variable
FoamCuttingMachineType_ProcessMonitoring_Supply_Electricity_ActualPower_Definition,7162,Variable
FoamCuttingMachineType_ProcessMonitoring_Supply_Electricity_ActualPower_EURange,7163,Variable
FoamCuttingMachineType_ProcessMonitoring_Supply_Electricity_ActualPower_InstrumentRange,7164,Variable
FoamCuttingMachineType_ProcessMonitoring_Supply_Electricity_ActualPower_ValuePrecision,7165,Variable
FoamCuttingMachineType_ProcessMonitoring_Supply_Electricity_ActualSpecificEnergy_Definition,7166,Variable
FoamCuttingMachineType_ProcessMonitoring_Supply_Electricity_ActualSpecificEnergy_EURange,7167,Variable
FoamCuttingMachineType_ProcessMonitoring_Supply_Electricity_ActualSpecificEnergy_InstrumentRange,7168,Variable
FoamCuttingMachineType_ProcessMonitoring_Supply_Electricity_ActualSpecificEnergy_ValuePrecision,7169,Variable
FoamCuttingMachineType_ProcessMonitoring_Supply_Electricity_PowerConsumption_Definition,7170,Variable
FoamCuttingMachineType_ProcessMonitoring_Supply_Electricity_PowerConsumption_EURange,7171,Variable
FoamCuttingMachineType_ProcessMonitoring_Supply_Electricity_PowerConsumption_InstrumentRange,7172,Variable
FoamCuttingMachineType_ProcessMonitoring_Supply_Electricity_PowerConsumption_ValuePrecision,7173,Variable
FoamCuttingMachineType_ProcessMonitoring_Knifes_Knife_Nr_KnifeSpeed,7174,Variable
FoamCuttingMachineType_ProcessMonitoring_Knifes_Knife_Nr_KnifeSpeed_EngineeringUnits,7175,Variable
FoamCuttingMachineType_ProcessMonitoring_Knifes_Knife_Nr_Readjustment,7176,Variable
FoamCuttingMachineType_ProcessMonitoring_Knifes_Knife_Nr_Readjustment_EngineeringUnits,7177,Variable
FoamCuttingMachineType_ProcessMonitoring_Knifes_Knife_Nr_WearStatus_Reset,7178,Method
FoamCuttingMachineType_ProcessMonitoring_Knifes_Knife_Nr_WearStatus_Status,7179,Variable
FoamCuttingMachineType_ProcessMonitoring_Knifes_Knife_Nr_KnifeDrives_Name___Nr_AdditionalMeasuringDevices_NodeVersion,7180,Variable
FoamCuttingMachineType_ProcessMonitoring_Knifes_Knife_Nr_KnifeDrives_Name___Nr_Maintenance_Reset,7181,Method
FoamCuttingMachineType_ProcessMonitoring_Knifes_Knife_Nr_KnifeDrives_Name___Nr_Maintenance_Status,7182,Variable
FoamCuttingMachineType_ProcessMonitoring_Knifes_Knife_Nr_KnifeDrives_Name___Nr_Position,7183,Variable
FoamCuttingMachineType_ProcessMonitoring_Knifes_Knife_Nr_KnifeDrives_Name___Nr_Speed_ActualValue,7184,Variable
FoamCuttingMachineType_ProcessMonitoring_Knifes_Knife_Nr_KnifeDrives_Name___Nr_Speed_ActualValue_EURange,7185,Variable
FoamCuttingMachineType_ProcessMonitoring_Knifes_Knife_Nr_KnifeDrives_Name___Nr_StartDrive_Status,7186,Variable
FoamCuttingMachineType_ProcessMonitoring_Knifes_Knife_Nr_KnifeDrives_Name___Nr_Torque_ActualValue,7187,Variable
FoamCuttingMachineType_ProcessMonitoring_Knifes_Knife_Nr_KnifeDrives_Name___Nr_Torque_ActualValue_EURange,7188,Variable
FoamCuttingMachineType_ProcessMonitoring_Knifes_Knife_Nr_GrindDrives_Name___Nr_AdditionalMeasuringDevices_NodeVersion,7189,Variable
FoamCuttingMachineType_ProcessMonitoring_Knifes_Knife_Nr_GrindDrives_Name___Nr_Maintenance_Reset,7190,Method
FoamCuttingMachineType_ProcessMonitoring_Knifes_Knife_Nr_GrindDrives_Name___Nr_Maintenance_Status,7191,Variable
FoamCuttingMachineType_ProcessMonitoring_Knifes_Knife_Nr_GrindDrives_Name___Nr_Position,7192,Variable
FoamCuttingMachineType_ProcessMonitoring_Knifes_Knife_Nr_GrindDrives_Name___Nr_Speed_ActualValue,7193,Variable
FoamCuttingMachineType_ProcessMonitoring_Knifes_Knife_Nr_GrindDrives_Name___Nr_Speed_ActualValue_EURange,7194,Variable
FoamCuttingMachineType_ProcessMonitoring_Knifes_Knife_Nr_GrindDrives_Name___Nr_StartDrive_Status,7195,Variable
FoamCuttingMachineType_ProcessMonitoring_Knifes_Knife_Nr_GrindDrives_Name___Nr_Torque_ActualValue,7196,Variable
FoamCuttingMachineType_ProcessMonitoring_Knifes_Knife_Nr_GrindDrives_Name___Nr_Torque_ActualValue_EURange,7197,Variable
FoamCuttingMachineType_ProcessMonitoring_Knifes_Knife_Nr_GrindDrives_Name___Nr_Energy_ActualPower,7198,Variable
FoamCuttingMachineType_ProcessMonitoring_Knifes_Knife_Nr_GrindDrives_Name___Nr_Energy_ActualPower_EngineeringUnits,7199,Variable
FoamCuttingMachineType_ProcessMonitoring_Knifes_Knife_Nr_GrindDrives_Name___Nr_Energy_ActualSpecificEnergy,7200,Variable
FoamCuttingMachineType_ProcessMonitoring_Knifes_Knife_Nr_GrindDrives_Name___Nr_Energy_ActualSpecificEnergy_EngineeringUnits,7201,Variable
FoamCuttingMachineType_ProcessMonitoring_Knifes_Knife_Nr_GrindDrives_Name___Nr_Energy_PowerConsumption,7202,Variable
FoamCuttingMachineType_ProcessMonitoring_Knifes_Knife_Nr_GrindDrives_Name___Nr_Energy_PowerConsumption_EngineeringUnits,7203,Variable
FoamCuttingMachineType_ProcessMonitoring_Knifes_Knife_Nr_GrindDrives_Name___Nr_Energy_PowerFactor,7204,Variable
FoamCuttingMachineType_ProcessMonitoring_Knifes_Knife_Nr_GrindDrives_Name___Nr_Maintenance_AdditionalInformation,7205,Variable
FoamCuttingMachineType_ProcessMonitoring_Knifes_Knife_Nr_GrindDrives_Name___Nr_Maintenance_Interval,7206,Variable
FoamCuttingMachineType_ProcessMonitoring_Knifes_Knife_Nr_GrindDrives_Name___Nr_Maintenance_Interval_EURange,7207,Variable
FoamCuttingMachineType_ProcessMonitoring_Knifes_Knife_Nr_GrindDrives_Name___Nr_Maintenance_RemainingInterval,7208,Variable
FoamCuttingMachineType_ProcessMonitoring_Knifes_Knife_Nr_GrindDrives_Name___Nr_Maintenance_RemainingInterval_EURange,7209,Variable
FoamCuttingMachineType_ProcessMonitoring_Knifes_Knife_Nr_GrindDrives_Name___Nr_Maintenance_TotalOperation,7210,Variable
FoamCuttingMachineType_ProcessMonitoring_Knifes_Knife_Nr_GrindDrives_Name___Nr_Maintenance_TotalOperation_EURange,7211,Variable
FoamCuttingMachineType_ProcessMonitoring_Knifes_Knife_Nr_GrindDrives_Name___Nr_Speed_AlarmSuppression,7212,Variable
FoamCuttingMachineType_ProcessMonitoring_Knifes_Knife_Nr_GrindDrives_Name___Nr_Speed_AlarmSuppression_EnumValues,7213,Variable
FoamCuttingMachineType_ProcessMonitoring_Knifes_Knife_Nr_GrindDrives_Name___Nr_Speed_AlarmSuppression_ValueAsText,7214,Variable
FoamCuttingMachineType_ProcessMonitoring_Knifes_Knife_Nr_GrindDrives_Name___Nr_Speed_AutomaticMonitoring,7215,Variable
FoamCuttingMachineType_ProcessMonitoring_Knifes_Knife_Nr_GrindDrives_Name___Nr_Speed_LowerTolerance,7216,Variable
FoamCuttingMachineType_ProcessMonitoring_Knifes_Knife_Nr_GrindDrives_Name___Nr_Speed_LowerTolerance_EURange,7217,Variable
FoamCuttingMachineType_ProcessMonitoring_Knifes_Knife_Nr_GrindDrives_Name___Nr_Speed_LowerTolerance2,7218,Variable
FoamCuttingMachineType_ProcessMonitoring_Knifes_Knife_Nr_GrindDrives_Name___Nr_Speed_LowerTolerance2_EURange,7219,Variable
FoamCuttingMachineType_ProcessMonitoring_Knifes_Knife_Nr_GrindDrives_Name___Nr_Speed_MaxValue,7220,Variable
FoamCuttingMachineType_ProcessMonitoring_Knifes_Knife_Nr_GrindDrives_Name___Nr_Speed_MaxValue_EURange,7221,Variable
FoamCuttingMachineType_ProcessMonitoring_Knifes_Knife_Nr_GrindDrives_Name___Nr_Speed_MinValue,7222,Variable
FoamCuttingMachineType_ProcessMonitoring_Knifes_Knife_Nr_GrindDrives_Name___Nr_Speed_MinValue_EURange,7223,Variable
FoamCuttingMachineType_ProcessMonitoring_Knifes_Knife_Nr_GrindDrives_Name___Nr_Speed_MonitoringSensitivity,7224,Variable
FoamCuttingMachineType_ProcessMonitoring_Knifes_Knife_Nr_GrindDrives_Name___Nr_Speed_MonitoringSensitivity_EnumValues,7225,Variable
FoamCuttingMachineType_ProcessMonitoring_Knifes_Knife_Nr_GrindDrives_Name___Nr_Speed_MonitoringSensitivity_ValueAsText,7226,Variable
FoamCuttingMachineType_ProcessMonitoring_Knifes_Knife_Nr_GrindDrives_Name___Nr_Speed_ResetMonitoring,7227,Method
FoamCuttingMachineType_ProcessMonitoring_Knifes_Knife_Nr_GrindDrives_Name___Nr_Speed_SetRampDown,7228,Variable
FoamCuttingMachineType_ProcessMonitoring_Knifes_Knife_Nr_GrindDrives_Name___Nr_Speed_SetRampDown_EURange,7229,Variable
FoamCuttingMachineType_ProcessMonitoring_Knifes_Knife_Nr_GrindDrives_Name___Nr_Speed_SetRampUp,7230,Variable
FoamCuttingMachineType_ProcessMonitoring_Knifes_Knife_Nr_GrindDrives_Name___Nr_Speed_SetRampUp_EURange,7231,Variable
FoamCuttingMachineType_ProcessMonitoring_Knifes_Knife_Nr_GrindDrives_Name___Nr_Speed_SetValue,7232,Variable
FoamCuttingMachineType_ProcessMonitoring_Knifes_Knife_Nr_GrindDrives_Name___Nr_Speed_SetValue_EURange,7233,Variable
FoamCuttingMachineType_ProcessMonitoring_Knifes_Knife_Nr_GrindDrives_Name___Nr_Speed_Status,7234,Variable
FoamCuttingMachineType_ProcessMonitoring_Knifes_Knife_Nr_GrindDrives_Name___Nr_Speed_Status_EnumValues,7235,Variable
FoamCuttingMachineType_ProcessMonitoring_Knifes_Knife_Nr_GrindDrives_Name___Nr_Speed_Status_ValueAsText,7236,Variable
FoamCuttingMachineType_ProcessMonitoring_Knifes_Knife_Nr_GrindDrives_Name___Nr_Speed_UpperTolerance,7237,Variable
FoamCuttingMachineType_ProcessMonitoring_Knifes_Knife_Nr_GrindDrives_Name___Nr_Speed_UpperTolerance_EURange,7238,Variable
FoamCuttingMachineType_ProcessMonitoring_Knifes_Knife_Nr_GrindDrives_Name___Nr_Speed_UpperTolerance2,7239,Variable
FoamCuttingMachineType_ProcessMonitoring_Knifes_Knife_Nr_GrindDrives_Name___Nr_Speed_UpperTolerance2_EURange,7240,Variable
FoamCuttingMachineType_ProcessMonitoring_Knifes_Knife_Nr_GrindDrives_Name___Nr_StartDrive_StartBlockedByClient,7241,Variable
FoamCuttingMachineType_ProcessMonitoring_Knifes_Knife_Nr_GrindDrives_Name___Nr_StartDrive_StartRequest,7242,Method
FoamCuttingMachineType_ProcessMonitoring_Knifes_Knife_Nr_GrindDrives_Name___Nr_StartDrive_StopRequest,7243,Method
FoamCuttingMachineType_ProcessMonitoring_Knifes_Knife_Nr_GrindDrives_Name___Nr_Torque_AlarmSuppression,7244,Variable
FoamCuttingMachineType_ProcessMonitoring_Knifes_Knife_Nr_GrindDrives_Name___Nr_Torque_AlarmSuppression_EnumValues,7245,Variable
FoamCuttingMachineType_ProcessMonitoring_Knifes_Knife_Nr_GrindDrives_Name___Nr_Torque_AlarmSuppression_ValueAsText,7246,Variable
FoamCuttingMachineType_ProcessMonitoring_Knifes_Knife_Nr_GrindDrives_Name___Nr_Torque_AutomaticMonitoring,7247,Variable
FoamCuttingMachineType_ProcessMonitoring_Knifes_Knife_Nr_GrindDrives_Name___Nr_Torque_LowerTolerance,7248,Variable
FoamCuttingMachineType_ProcessMonitoring_Knifes_Knife_Nr_GrindDrives_Name___Nr_Torque_LowerTolerance_EURange,7249,Variable
FoamCuttingMachineType_ProcessMonitoring_Knifes_Knife_Nr_GrindDrives_Name___Nr_Torque_LowerTolerance2,7250,Variable
FoamCuttingMachineType_ProcessMonitoring_Knifes_Knife_Nr_GrindDrives_Name___Nr_Torque_LowerTolerance2_EURange,7251,Variable
FoamCuttingMachineType_ProcessMonitoring_Knifes_Knife_Nr_GrindDrives_Name___Nr_Torque_MaxValue,7252,Variable
FoamCuttingMachineType_ProcessMonitoring_Knifes_Knife_Nr_GrindDrives_Name___Nr_Torque_MaxValue_EURange,7253,Variable
FoamCuttingMachineType_ProcessMonitoring_Knifes_Knife_Nr_GrindDrives_Name___Nr_Torque_MinValue,7254,Variable
FoamCuttingMachineType_ProcessMonitoring_Knifes_Knife_Nr_GrindDrives_Name___Nr_Torque_MinValue_EURange,7255,Variable
FoamCuttingMachineType_ProcessMonitoring_Knifes_Knife_Nr_GrindDrives_Name___Nr_Torque_MonitoringSensitivity,7256,Variable
FoamCuttingMachineType_ProcessMonitoring_Knifes_Knife_Nr_GrindDrives_Name___Nr_Torque_MonitoringSensitivity_EnumValues,7257,Variable
FoamCuttingMachineType_ProcessMonitoring_Knifes_Knife_Nr_GrindDrives_Name___Nr_Torque_MonitoringSensitivity_ValueAsText,7258,Variable
FoamCuttingMachineType_ProcessMonitoring_Knifes_Knife_Nr_GrindDrives_Name___Nr_Torque_ResetMonitoring,7259,Method
FoamCuttingMachineType_ProcessMonitoring_Knifes_Knife_Nr_GrindDrives_Name___Nr_Torque_SetRampDown,7260,Variable
FoamCuttingMachineType_ProcessMonitoring_Knifes_Knife_Nr_GrindDrives_Name___Nr_Torque_SetRampDown_EURange,7261,Variable
FoamCuttingMachineType_ProcessMonitoring_Knifes_Knife_Nr_GrindDrives_Name___Nr_Torque_SetRampUp,7262,Variable
FoamCuttingMachineType_ProcessMonitoring_Knifes_Knife_Nr_GrindDrives_Name___Nr_Torque_SetRampUp_EURange,7263,Variable
FoamCuttingMachineType_ProcessMonitoring_Knifes_Knife_Nr_GrindDrives_Name___Nr_Torque_SetValue,7264,Variable
FoamCuttingMachineType_ProcessMonitoring_Knifes_Knife_Nr_GrindDrives_Name___Nr_Torque_SetValue_EURange,7265,Variable
FoamCuttingMachineType_ProcessMonitoring_Knifes_Knife_Nr_GrindDrives_Name___Nr_Torque_Status,7266,Variable
FoamCuttingMachineType_ProcessMonitoring_Knifes_Knife_Nr_GrindDrives_Name___Nr_Torque_Status_EnumValues,7267,Variable
FoamCuttingMachineType_ProcessMonitoring_Knifes_Knife_Nr_GrindDrives_Name___Nr_Torque_Status_ValueAsText,7268,Variable
FoamCuttingMachineType_ProcessMonitoring_Knifes_Knife_Nr_GrindDrives_Name___Nr_Torque_UpperTolerance,7269,Variable
FoamCuttingMachineType_ProcessMonitoring_Knifes_Knife_Nr_GrindDrives_Name___Nr_Torque_UpperTolerance_EURange,7270,Variable
FoamCuttingMachineType_ProcessMonitoring_Knifes_Knife_Nr_GrindDrives_Name___Nr_Torque_UpperTolerance2,7271,Variable
FoamCuttingMachineType_ProcessMonitoring_Knifes_Knife_Nr_GrindDrives_Name___Nr_Torque_UpperTolerance2_EURange,7272,Variable
FoamCuttingMachineType_ProcessMonitoring_Knifes_Knife_Nr_GrindDrives_Name___Nr_Energy_ActualPower_Definition,7273,Variable
FoamCuttingMachineType_ProcessMonitoring_Knifes_Knife_Nr_GrindDrives_Name___Nr_Energy_ActualPower_EURange,7274,Variable
FoamCuttingMachineType_ProcessMonitoring_Knifes_Knife_Nr_GrindDrives_Name___Nr_Energy_ActualPower_InstrumentRange,7275,Variable
FoamCuttingMachineType_ProcessMonitoring_Knifes_Knife_Nr_GrindDrives_Name___Nr_Energy_ActualPower_ValuePrecision,7276,Variable
FoamCuttingMachineType_ProcessMonitoring_Knifes_Knife_Nr_GrindDrives_Name___Nr_Energy_ActualSpecificEnergy_Definition,7277,Variable
FoamCuttingMachineType_ProcessMonitoring_Knifes_Knife_Nr_GrindDrives_Name___Nr_Energy_ActualSpecificEnergy_EURange,7278,Variable
FoamCuttingMachineType_ProcessMonitoring_Knifes_Knife_Nr_GrindDrives_Name___Nr_Energy_ActualSpecificEnergy_InstrumentRange,7279,Variable
FoamCuttingMachineType_ProcessMonitoring_Knifes_Knife_Nr_GrindDrives_Name___Nr_Energy_ActualSpecificEnergy_ValuePrecision,7280,Variable
FoamCuttingMachineType_ProcessMonitoring_Knifes_Knife_Nr_GrindDrives_Name___Nr_Energy_PowerConsumption_Definition,7281,Variable
FoamCuttingMachineType_ProcessMonitoring_Knifes_Knife_Nr_GrindDrives_Name___Nr_Energy_PowerConsumption_EURange,7282,Variable
FoamCuttingMachineType_ProcessMonitoring_Knifes_Knife_Nr_GrindDrives_Name___Nr_Energy_PowerConsumption_InstrumentRange,7283,Variable
FoamCuttingMachineType_ProcessMonitoring_Knifes_Knife_Nr_GrindDrives_Name___Nr_Energy_PowerConsumption_ValuePrecision,7284,Variable
FoamCuttingMachineType_ProcessMonitoring_Knifes_Knife_Nr_GrindDrives_Name___Nr_Maintenance_Interval_Definition,7285,Variable
FoamCuttingMachineType_ProcessMonitoring_Knifes_Knife_Nr_GrindDrives_Name___Nr_Maintenance_Interval_EngineeringUnits,7286,Variable
FoamCuttingMachineType_ProcessMonitoring_Knifes_Knife_Nr_GrindDrives_Name___Nr_Maintenance_Interval_InstrumentRange,7287,Variable
FoamCuttingMachineType_ProcessMonitoring_Knifes_Knife_Nr_GrindDrives_Name___Nr_Maintenance_Interval_ValuePrecision,7288,Variable
FoamCuttingMachineType_ProcessMonitoring_Knifes_Knife_Nr_GrindDrives_Name___Nr_Maintenance_RemainingInterval_Definition,7289,Variable
FoamCuttingMachineType_ProcessMonitoring_Knifes_Knife_Nr_GrindDrives_Name___Nr_Maintenance_RemainingInterval_EngineeringUnits,7290,Variable
FoamCuttingMachineType_ProcessMonitoring_Knifes_Knife_Nr_GrindDrives_Name___Nr_Maintenance_RemainingInterval_InstrumentRange,7291,Variable
FoamCuttingMachineType_ProcessMonitoring_Knifes_Knife_Nr_GrindDrives_Name___Nr_Maintenance_RemainingInterval_ValuePrecision,7292,Variable
FoamCuttingMachineType_ProcessMonitoring_Knifes_Knife_Nr_GrindDrives_Name___Nr_Maintenance_TotalOperation_Definition,7293,Variable
FoamCuttingMachineType_ProcessMonitoring_Knifes_Knife_Nr_GrindDrives_Name___Nr_Maintenance_TotalOperation_EngineeringUnits,7294,Variable
FoamCuttingMachineType_ProcessMonitoring_Knifes_Knife_Nr_GrindDrives_Name___Nr_Maintenance_TotalOperation_InstrumentRange,7295,Variable
FoamCuttingMachineType_ProcessMonitoring_Knifes_Knife_Nr_GrindDrives_Name___Nr_Maintenance_TotalOperation_ValuePrecision,7296,Variable
FoamCuttingMachineType_ProcessMonitoring_Knifes_Knife_Nr_GrindDrives_Name___Nr_Speed_ActualValue_Definition,7297,Variable
FoamCuttingMachineType_ProcessMonitoring_Knifes_Knife_Nr_GrindDrives_Name___Nr_Speed_ActualValue_EngineeringUnits,7298,Variable
FoamCuttingMachineType_ProcessMonitoring_Knifes_Knife_Nr_GrindDrives_Name___Nr_Speed_ActualValue_InstrumentRange,7299,Variable
FoamCuttingMachineType_ProcessMonitoring_Knifes_Knife_Nr_GrindDrives_Name___Nr_Speed_ActualValue_ValuePrecision,7300,Variable
FoamCuttingMachineType_ProcessMonitoring_Knifes_Knife_Nr_GrindDrives_Name___Nr_Speed_AlarmSuppression_Definition,7301,Variable
FoamCuttingMachineType_ProcessMonitoring_Knifes_Knife_Nr_GrindDrives_Name___Nr_Speed_AlarmSuppression_ValuePrecision,7302,Variable
FoamCuttingMachineType_ProcessMonitoring_Knifes_Knife_Nr_GrindDrives_Name___Nr_Speed_LowerTolerance_Definition,7303,Variable
FoamCuttingMachineType_ProcessMonitoring_Knifes_Knife_Nr_GrindDrives_Name___Nr_Speed_LowerTolerance_EngineeringUnits,7304,Variable
FoamCuttingMachineType_ProcessMonitoring_Knifes_Knife_Nr_GrindDrives_Name___Nr_Speed_LowerTolerance_InstrumentRange,7305,Variable
FoamCuttingMachineType_ProcessMonitoring_Knifes_Knife_Nr_GrindDrives_Name___Nr_Speed_LowerTolerance_ValuePrecision,7306,Variable
FoamCuttingMachineType_ProcessMonitoring_Knifes_Knife_Nr_GrindDrives_Name___Nr_Speed_LowerTolerance2_Definition,7307,Variable
FoamCuttingMachineType_ProcessMonitoring_Knifes_Knife_Nr_GrindDrives_Name___Nr_Speed_LowerTolerance2_EngineeringUnits,7308,Variable
FoamCuttingMachineType_ProcessMonitoring_Knifes_Knife_Nr_GrindDrives_Name___Nr_Speed_LowerTolerance2_InstrumentRange,7309,Variable
FoamCuttingMachineType_ProcessMonitoring_Knifes_Knife_Nr_GrindDrives_Name___Nr_Speed_LowerTolerance2_ValuePrecision,7310,Variable
FoamCuttingMachineType_ProcessMonitoring_Knifes_Knife_Nr_GrindDrives_Name___Nr_Speed_MaxValue_Definition,7311,Variable
FoamCuttingMachineType_ProcessMonitoring_Knifes_Knife_Nr_GrindDrives_Name___Nr_Speed_MaxValue_EngineeringUnits,7312,Variable
FoamCuttingMachineType_ProcessMonitoring_Knifes_Knife_Nr_GrindDrives_Name___Nr_Speed_MaxValue_InstrumentRange,7313,Variable
FoamCuttingMachineType_ProcessMonitoring_Knifes_Knife_Nr_GrindDrives_Name___Nr_Speed_MaxValue_ValuePrecision,7314,Variable
FoamCuttingMachineType_ProcessMonitoring_Knifes_Knife_Nr_GrindDrives_Name___Nr_Speed_MinValue_Definition,7315,Variable
FoamCuttingMachineType_ProcessMonitoring_Knifes_Knife_Nr_GrindDrives_Name___Nr_Speed_MinValue_EngineeringUnits,7316,Variable
FoamCuttingMachineType_ProcessMonitoring_Knifes_Knife_Nr_GrindDrives_Name___Nr_Speed_MinValue_InstrumentRange,7317,Variable
FoamCuttingMachineType_ProcessMonitoring_Knifes_Knife_Nr_GrindDrives_Name___Nr_Speed_MinValue_ValuePrecision,7318,Variable
FoamCuttingMachineType_ProcessMonitoring_Knifes_Knife_Nr_GrindDrives_Name___Nr_Speed_MonitoringSensitivity_Definition,7319,Variable
FoamCuttingMachineType_ProcessMonitoring_Knifes_Knife_Nr_GrindDrives_Name___Nr_Speed_MonitoringSensitivity_ValuePrecision,7320,Variable
FoamCuttingMachineType_ProcessMonitoring_Knifes_Knife_Nr_GrindDrives_Name___Nr_Speed_SetRampDown_Definition,7321,Variable
FoamCuttingMachineType_ProcessMonitoring_Knifes_Knife_Nr_GrindDrives_Name___Nr_Speed_SetRampDown_EngineeringUnits,7322,Variable
FoamCuttingMachineType_ProcessMonitoring_Knifes_Knife_Nr_GrindDrives_Name___Nr_Speed_SetRampDown_InstrumentRange,7323,Variable
FoamCuttingMachineType_ProcessMonitoring_Knifes_Knife_Nr_GrindDrives_Name___Nr_Speed_SetRampDown_ValuePrecision,7324,Variable
FoamCuttingMachineType_ProcessMonitoring_Knifes_Knife_Nr_GrindDrives_Name___Nr_Speed_SetRampUp_Definition,7325,Variable
FoamCuttingMachineType_ProcessMonitoring_Knifes_Knife_Nr_GrindDrives_Name___Nr_Speed_SetRampUp_EngineeringUnits,7326,Variable
FoamCuttingMachineType_ProcessMonitoring_Knifes_Knife_Nr_GrindDrives_Name___Nr_Speed_SetRampUp_InstrumentRange,7327,Variable
FoamCuttingMachineType_ProcessMonitoring_Knifes_Knife_Nr_GrindDrives_Name___Nr_Speed_SetRampUp_ValuePrecision,7328,Variable
FoamCuttingMachineType_ProcessMonitoring_Knifes_Knife_Nr_GrindDrives_Name___Nr_Speed_SetValue_Definition,7329,Variable
FoamCuttingMachineType_ProcessMonitoring_Knifes_Knife_Nr_GrindDrives_Name___Nr_Speed_SetValue_EngineeringUnits,7330,Variable
FoamCuttingMachineType_ProcessMonitoring_Knifes_Knife_Nr_GrindDrives_Name___Nr_Speed_SetValue_InstrumentRange,7331,Variable
FoamCuttingMachineType_ProcessMonitoring_Knifes_Knife_Nr_GrindDrives_Name___Nr_Speed_SetValue_ValuePrecision,7332,Variable
FoamCuttingMachineType_ProcessMonitoring_Knifes_Knife_Nr_GrindDrives_Name___Nr_Speed_Status_Definition,7333,Variable
FoamCuttingMachineType_ProcessMonitoring_Knifes_Knife_Nr_GrindDrives_Name___Nr_Speed_Status_ValuePrecision,7334,Variable
FoamCuttingMachineType_ProcessMonitoring_Knifes_Knife_Nr_GrindDrives_Name___Nr_Speed_UpperTolerance_Definition,7335,Variable
FoamCuttingMachineType_ProcessMonitoring_Knifes_Knife_Nr_GrindDrives_Name___Nr_Speed_UpperTolerance_EngineeringUnits,7336,Variable
FoamCuttingMachineType_ProcessMonitoring_Knifes_Knife_Nr_GrindDrives_Name___Nr_Speed_UpperTolerance_InstrumentRange,7337,Variable
FoamCuttingMachineType_ProcessMonitoring_Knifes_Knife_Nr_GrindDrives_Name___Nr_Speed_UpperTolerance_ValuePrecision,7338,Variable
FoamCuttingMachineType_ProcessMonitoring_Knifes_Knife_Nr_GrindDrives_Name___Nr_Speed_UpperTolerance2_Definition,7339,Variable
FoamCuttingMachineType_ProcessMonitoring_Knifes_Knife_Nr_GrindDrives_Name___Nr_Speed_UpperTolerance2_EngineeringUnits,7340,Variable
FoamCuttingMachineType_ProcessMonitoring_Knifes_Knife_Nr_GrindDrives_Name___Nr_Speed_UpperTolerance2_InstrumentRange,7341,Variable
FoamCuttingMachineType_ProcessMonitoring_Knifes_Knife_Nr_GrindDrives_Name___Nr_Speed_UpperTolerance2_ValuePrecision,7342,Variable
FoamCuttingMachineType_ProcessMonitoring_Knifes_Knife_Nr_GrindDrives_Name___Nr_Torque_ActualValue_Definition,7343,Variable
FoamCuttingMachineType_ProcessMonitoring_Knifes_Knife_Nr_GrindDrives_Name___Nr_Torque_ActualValue_EngineeringUnits,7344,Variable
FoamCuttingMachineType_ProcessMonitoring_Knifes_Knife_Nr_GrindDrives_Name___Nr_Torque_ActualValue_InstrumentRange,7345,Variable
FoamCuttingMachineType_ProcessMonitoring_Knifes_Knife_Nr_GrindDrives_Name___Nr_Torque_ActualValue_ValuePrecision,7346,Variable
FoamCuttingMachineType_ProcessMonitoring_Knifes_Knife_Nr_GrindDrives_Name___Nr_Torque_AlarmSuppression_Definition,7347,Variable
FoamCuttingMachineType_ProcessMonitoring_Knifes_Knife_Nr_GrindDrives_Name___Nr_Torque_AlarmSuppression_ValuePrecision,7348,Variable
FoamCuttingMachineType_ProcessMonitoring_Knifes_Knife_Nr_GrindDrives_Name___Nr_Torque_LowerTolerance_Definition,7349,Variable
FoamCuttingMachineType_ProcessMonitoring_Knifes_Knife_Nr_GrindDrives_Name___Nr_Torque_LowerTolerance_EngineeringUnits,7350,Variable
FoamCuttingMachineType_ProcessMonitoring_Knifes_Knife_Nr_GrindDrives_Name___Nr_Torque_LowerTolerance_InstrumentRange,7351,Variable
FoamCuttingMachineType_ProcessMonitoring_Knifes_Knife_Nr_GrindDrives_Name___Nr_Torque_LowerTolerance_ValuePrecision,7352,Variable
FoamCuttingMachineType_ProcessMonitoring_Knifes_Knife_Nr_GrindDrives_Name___Nr_Torque_LowerTolerance2_Definition,7353,Variable
FoamCuttingMachineType_ProcessMonitoring_Knifes_Knife_Nr_GrindDrives_Name___Nr_Torque_LowerTolerance2_EngineeringUnits,7354,Variable
FoamCuttingMachineType_ProcessMonitoring_Knifes_Knife_Nr_GrindDrives_Name___Nr_Torque_LowerTolerance2_InstrumentRange,7355,Variable
FoamCuttingMachineType_ProcessMonitoring_Knifes_Knife_Nr_GrindDrives_Name___Nr_Torque_LowerTolerance2_ValuePrecision,7356,Variable
FoamCuttingMachineType_ProcessMonitoring_Knifes_Knife_Nr_GrindDrives_Name___Nr_Torque_MaxValue_Definition,7357,Variable
FoamCuttingMachineType_ProcessMonitoring_Knifes_Knife_Nr_GrindDrives_Name___Nr_Torque_MaxValue_EngineeringUnits,7358,Variable
FoamCuttingMachineType_ProcessMonitoring_Knifes_Knife_Nr_GrindDrives_Name___Nr_Torque_MaxValue_InstrumentRange,7359,Variable
FoamCuttingMachineType_ProcessMonitoring_Knifes_Knife_Nr_GrindDrives_Name___Nr_Torque_MaxValue_ValuePrecision,7360,Variable
FoamCuttingMachineType_ProcessMonitoring_Knifes_Knife_Nr_GrindDrives_Name___Nr_Torque_MinValue_Definition,7361,Variable
FoamCuttingMachineType_ProcessMonitoring_Knifes_Knife_Nr_GrindDrives_Name___Nr_Torque_MinValue_EngineeringUnits,7362,Variable
FoamCuttingMachineType_ProcessMonitoring_Knifes_Knife_Nr_GrindDrives_Name___Nr_Torque_MinValue_InstrumentRange,7363,Variable
FoamCuttingMachineType_ProcessMonitoring_Knifes_Knife_Nr_GrindDrives_Name___Nr_Torque_MinValue_ValuePrecision,7364,Variable
FoamCuttingMachineType_ProcessMonitoring_Knifes_Knife_Nr_GrindDrives_Name___Nr_Torque_MonitoringSensitivity_Definition,7365,Variable
FoamCuttingMachineType_ProcessMonitoring_Knifes_Knife_Nr_GrindDrives_Name___Nr_Torque_MonitoringSensitivity_ValuePrecision,7366,Variable
FoamCuttingMachineType_ProcessMonitoring_Knifes_Knife_Nr_GrindDrives_Name___Nr_Torque_SetRampDown_Definition,7367,Variable
FoamCuttingMachineType_ProcessMonitoring_Knifes_Knife_Nr_GrindDrives_Name___Nr_Torque_SetRampDown_EngineeringUnits,7368,Variable
FoamCuttingMachineType_ProcessMonitoring_Knifes_Knife_Nr_GrindDrives_Name___Nr_Torque_SetRampDown_InstrumentRange,7369,Variable
FoamCuttingMachineType_ProcessMonitoring_Knifes_Knife_Nr_GrindDrives_Name___Nr_Torque_SetRampDown_ValuePrecision,7370,Variable
FoamCuttingMachineType_ProcessMonitoring_Knifes_Knife_Nr_GrindDrives_Name___Nr_Torque_SetRampUp_Definition,7371,Variable
FoamCuttingMachineType_ProcessMonitoring_Knifes_Knife_Nr_GrindDrives_Name___Nr_Torque_SetRampUp_EngineeringUnits,7372,Variable
FoamCuttingMachineType_ProcessMonitoring_Knifes_Knife_Nr_GrindDrives_Name___Nr_Torque_SetRampUp_InstrumentRange,7373,Variable
FoamCuttingMachineType_ProcessMonitoring_Knifes_Knife_Nr_GrindDrives_Name___Nr_Torque_SetRampUp_ValuePrecision,7374,Variable
FoamCuttingMachineType_ProcessMonitoring_Knifes_Knife_Nr_GrindDrives_Name___Nr_Torque_SetValue_Definition,7375,Variable
FoamCuttingMachineType_ProcessMonitoring_Knifes_Knife_Nr_GrindDrives_Name___Nr_Torque_SetValue_EngineeringUnits,7376,Variable
FoamCuttingMachineType_ProcessMonitoring_Knifes_Knife_Nr_GrindDrives_Name___Nr_Torque_SetValue_InstrumentRange,7377,Variable
FoamCuttingMachineType_ProcessMonitoring_Knifes_Knife_Nr_GrindDrives_Name___Nr_Torque_SetValue_ValuePrecision,7378,Variable
FoamCuttingMachineType_ProcessMonitoring_Knifes_Knife_Nr_GrindDrives_Name___Nr_Torque_Status_Definition,7379,Variable
FoamCuttingMachineType_ProcessMonitoring_Knifes_Knife_Nr_GrindDrives_Name___Nr_Torque_Status_ValuePrecision,7380,Variable
FoamCuttingMachineType_ProcessMonitoring_Knifes_Knife_Nr_GrindDrives_Name___Nr_Torque_UpperTolerance_Definition,7381,Variable
FoamCuttingMachineType_ProcessMonitoring_Knifes_Knife_Nr_GrindDrives_Name___Nr_Torque_UpperTolerance_EngineeringUnits,7382,Variable
FoamCuttingMachineType_ProcessMonitoring_Knifes_Knife_Nr_GrindDrives_Name___Nr_Torque_UpperTolerance_InstrumentRange,7383,Variable
FoamCuttingMachineType_ProcessMonitoring_Knifes_Knife_Nr_GrindDrives_Name___Nr_Torque_UpperTolerance_ValuePrecision,7384,Variable
FoamCuttingMachineType_ProcessMonitoring_Knifes_Knife_Nr_GrindDrives_Name___Nr_Torque_UpperTolerance2_Definition,7385,Variable
FoamCuttingMachineType_ProcessMonitoring_Knifes_Knife_Nr_GrindDrives_Name___Nr_Torque_UpperTolerance2_EngineeringUnits,7386,Variable
FoamCuttingMachineType_ProcessMonitoring_Knifes_Knife_Nr_GrindDrives_Name___Nr_Torque_UpperTolerance2_InstrumentRange,7387,Variable
FoamCuttingMachineType_ProcessMonitoring_Knifes_Knife_Nr_GrindDrives_Name___Nr_Torque_UpperTolerance2_ValuePrecision,7388,Variable
FoamCuttingMachineType_ProcessMonitoring_Knifes_Knife_Nr_KnifeDrives_Name___Nr_Energy_ActualPower,7389,Variable
FoamCuttingMachineType_ProcessMonitoring_Knifes_Knife_Nr_KnifeDrives_Name___Nr_Energy_ActualPower_EngineeringUnits,7390,Variable
FoamCuttingMachineType_ProcessMonitoring_Knifes_Knife_Nr_KnifeDrives_Name___Nr_Energy_ActualSpecificEnergy,7391,Variable
FoamCuttingMachineType_ProcessMonitoring_Knifes_Knife_Nr_KnifeDrives_Name___Nr_Energy_ActualSpecificEnergy_EngineeringUnits,7392,Variable
FoamCuttingMachineType_ProcessMonitoring_Knifes_Knife_Nr_KnifeDrives_Name___Nr_Energy_PowerConsumption,7393,Variable
FoamCuttingMachineType_ProcessMonitoring_Knifes_Knife_Nr_KnifeDrives_Name___Nr_Energy_PowerConsumption_EngineeringUnits,7394,Variable
FoamCuttingMachineType_ProcessMonitoring_Knifes_Knife_Nr_KnifeDrives_Name___Nr_Energy_PowerFactor,7395,Variable
FoamCuttingMachineType_ProcessMonitoring_Knifes_Knife_Nr_KnifeDrives_Name___Nr_Maintenance_AdditionalInformation,7396,Variable
FoamCuttingMachineType_ProcessMonitoring_Knifes_Knife_Nr_KnifeDrives_Name___Nr_Maintenance_Interval,7397,Variable
FoamCuttingMachineType_ProcessMonitoring_Knifes_Knife_Nr_KnifeDrives_Name___Nr_Maintenance_Interval_EURange,7398,Variable
FoamCuttingMachineType_ProcessMonitoring_Knifes_Knife_Nr_KnifeDrives_Name___Nr_Maintenance_RemainingInterval,7399,Variable
FoamCuttingMachineType_ProcessMonitoring_Knifes_Knife_Nr_KnifeDrives_Name___Nr_Maintenance_RemainingInterval_EURange,7400,Variable
FoamCuttingMachineType_ProcessMonitoring_Knifes_Knife_Nr_KnifeDrives_Name___Nr_Maintenance_TotalOperation,7401,Variable
FoamCuttingMachineType_ProcessMonitoring_Knifes_Knife_Nr_KnifeDrives_Name___Nr_Maintenance_TotalOperation_EURange,7402,Variable
FoamCuttingMachineType_ProcessMonitoring_Knifes_Knife_Nr_KnifeDrives_Name___Nr_Speed_AlarmSuppression,7403,Variable
FoamCuttingMachineType_ProcessMonitoring_Knifes_Knife_Nr_KnifeDrives_Name___Nr_Speed_AlarmSuppression_EnumValues,7404,Variable
FoamCuttingMachineType_ProcessMonitoring_Knifes_Knife_Nr_KnifeDrives_Name___Nr_Speed_AlarmSuppression_ValueAsText,7405,Variable
FoamCuttingMachineType_ProcessMonitoring_Knifes_Knife_Nr_KnifeDrives_Name___Nr_Speed_AutomaticMonitoring,7406,Variable
FoamCuttingMachineType_ProcessMonitoring_Knifes_Knife_Nr_KnifeDrives_Name___Nr_Speed_LowerTolerance,7407,Variable
FoamCuttingMachineType_ProcessMonitoring_Knifes_Knife_Nr_KnifeDrives_Name___Nr_Speed_LowerTolerance_EURange,7408,Variable
FoamCuttingMachineType_ProcessMonitoring_Knifes_Knife_Nr_KnifeDrives_Name___Nr_Speed_LowerTolerance2,7409,Variable
FoamCuttingMachineType_ProcessMonitoring_Knifes_Knife_Nr_KnifeDrives_Name___Nr_Speed_LowerTolerance2_EURange,7410,Variable
FoamCuttingMachineType_ProcessMonitoring_Knifes_Knife_Nr_KnifeDrives_Name___Nr_Speed_MaxValue,7411,Variable
FoamCuttingMachineType_ProcessMonitoring_Knifes_Knife_Nr_KnifeDrives_Name___Nr_Speed_MaxValue_EURange,7412,Variable
FoamCuttingMachineType_ProcessMonitoring_Knifes_Knife_Nr_KnifeDrives_Name___Nr_Speed_MinValue,7413,Variable
FoamCuttingMachineType_ProcessMonitoring_Knifes_Knife_Nr_KnifeDrives_Name___Nr_Speed_MinValue_EURange,7414,Variable
Server_Namespaces_http___opcfoundation_org_UA_PlasticsRubber_FlexiblePURFoam_Cutting__IsNamespaceSubset,7415,Variable
Server_Namespaces_http___opcfoundation_org_UA_PlasticsRubber_FlexiblePURFoam_Cutting__NamespacePublicationDate,7416,Variable
Server_Namespaces_http___opcfoundation_org_UA_PlasticsRubber_FlexiblePURFoam_Cutting__NamespaceUri,7417,Variable
Server_Namespaces_http___opcfoundation_org_UA_PlasticsRubber_FlexiblePURFoam_Cutting__NamespaceVersion,7418,Variable
Server_Namespaces_http___opcfoundation_org_UA_PlasticsRubber_FlexiblePURFoam_Cutting__StaticNodeIdTypes,7419,Variable
Server_Namespaces_http___opcfoundation_org_UA_PlasticsRubber_FlexiblePURFoam_Cutting__StaticNumericNodeIdRange,7420,Variable
Server_Namespaces_http___opcfoundation_org_UA_PlasticsRubber_FlexiblePURFoam_Cutting__StaticStringNodeIdPattern,7421,Variable
TypeDictionary_BinarySchema_ActiveVacuumUnitsDataType,7596,Variable
TypeDictionary_XmlSchema_ActiveVacuumUnitsDataType,7597,Variable
ConveyorProcessMonitoringType_Description,7598,Variable
ProcessMonitoringType_ConveyorProcessMonitoring_Conveyor_Nr_Description,7599,Variable
FoamCuttingMachineType_ProcessMonitoring_ConveyorProcessMonitoring_Conveyor_Nr_Description,7600,Variable
ConveyorConfigurationType_Description,7601,Variable
MachineConfigurationType_ConveyorConfigurations_Conveyor_Nr_Description,7602,Variable
FoamCuttingMachineType_MachineConfiguration_ConveyorConfigurations_Conveyor_Nr_Description,7603,Variable
KnifeType_KnifeRunning,7604,Variable
KnifeType_KnifeSpeed,7605,Variable
KnifeType_KnifeSpeed_EngineeringUnits,7606,Variable
KnifeType_WearStatus_Reset,7607,Method
KnifeType_WearStatus_Status,7608,Variable
KnifeType_GrindDrives_NodeVersion,7609,Variable
KnifeType_GrindingUnitState,7610,Variable
KnifeType_Readjustment,7611,Variable
KnifeType_Readjustment_EngineeringUnits,7612,Variable
KnifeType_KnifeDrives_NodeVersion,7613,Variable
FoamCuttingMachineType_ProcessMonitoring_Knifes_Knife_Nr_KnifeDrives_Name___Nr_Speed_MonitoringSensitivity,7614,Variable
FoamCuttingMachineType_ProcessMonitoring_Knifes_Knife_Nr_KnifeDrives_Name___Nr_Speed_MonitoringSensitivity_EnumValues,7615,Variable
FoamCuttingMachineType_ProcessMonitoring_Knifes_Knife_Nr_KnifeDrives_Name___Nr_Speed_MonitoringSensitivity_ValueAsText,7616,Variable
FoamCuttingMachineType_ProcessMonitoring_Knifes_Knife_Nr_KnifeDrives_Name___Nr_Speed_ResetMonitoring,7617,Method
FoamCuttingMachineType_ProcessMonitoring_Knifes_Knife_Nr_KnifeDrives_Name___Nr_Speed_SetRampDown,7618,Variable
FoamCuttingMachineType_ProcessMonitoring_Knifes_Knife_Nr_KnifeDrives_Name___Nr_Speed_SetRampDown_EURange,7619,Variable
FoamCuttingMachineType_ProcessMonitoring_Knifes_Knife_Nr_KnifeDrives_Name___Nr_Speed_SetRampUp,7620,Variable
FoamCuttingMachineType_ProcessMonitoring_Knifes_Knife_Nr_KnifeDrives_Name___Nr_Speed_SetRampUp_EURange,7621,Variable
FoamCuttingMachineType_ProcessMonitoring_Knifes_Knife_Nr_KnifeDrives_Name___Nr_Speed_SetValue,7622,Variable
FoamCuttingMachineType_ProcessMonitoring_Knifes_Knife_Nr_KnifeDrives_Name___Nr_Speed_SetValue_EURange,7623,Variable
FoamCuttingMachineType_ProcessMonitoring_Knifes_Knife_Nr_KnifeDrives_Name___Nr_Speed_Status,7624,Variable
FoamCuttingMachineType_ProcessMonitoring_Knifes_Knife_Nr_KnifeDrives_Name___Nr_Speed_Status_EnumValues,7625,Variable
FoamCuttingMachineType_ProcessMonitoring_Knifes_Knife_Nr_KnifeDrives_Name___Nr_Speed_Status_ValueAsText,7626,Variable
FoamCuttingMachineType_ProcessMonitoring_Knifes_Knife_Nr_KnifeDrives_Name___Nr_Speed_UpperTolerance,7627,Variable
FoamCuttingMachineType_ProcessMonitoring_Knifes_Knife_Nr_KnifeDrives_Name___Nr_Speed_UpperTolerance_EURange,7628,Variable
FoamCuttingMachineType_ProcessMonitoring_Knifes_Knife_Nr_KnifeDrives_Name___Nr_Speed_UpperTolerance2,7629,Variable
FoamCuttingMachineType_ProcessMonitoring_Knifes_Knife_Nr_KnifeDrives_Name___Nr_Speed_UpperTolerance2_EURange,7630,Variable
FoamCuttingMachineType_ProcessMonitoring_Knifes_Knife_Nr_KnifeDrives_Name___Nr_StartDrive_StartBlockedByClient,7631,Variable
FoamCuttingMachineType_ProcessMonitoring_Knifes_Knife_Nr_KnifeDrives_Name___Nr_StartDrive_StartRequest,7632,Method
FoamCuttingMachineType_ProcessMonitoring_Knifes_Knife_Nr_KnifeDrives_Name___Nr_StartDrive_StopRequest,7633,Method
FoamCuttingMachineType_ProcessMonitoring_Knifes_Knife_Nr_KnifeDrives_Name___Nr_Torque_AlarmSuppression,7634,Variable
FoamCuttingMachineType_ProcessMonitoring_Knifes_Knife_Nr_KnifeDrives_Name___Nr_Torque_AlarmSuppression_EnumValues,7635,Variable
FoamCuttingMachineType_ProcessMonitoring_Knifes_Knife_Nr_KnifeDrives_Name___Nr_Torque_AlarmSuppression_ValueAsText,7636,Variable
FoamCuttingMachineType_ProcessMonitoring_Knifes_Knife_Nr_KnifeDrives_Name___Nr_Torque_AutomaticMonitoring,7637,Variable
FoamCuttingMachineType_ProcessMonitoring_Knifes_Knife_Nr_KnifeDrives_Name___Nr_Torque_LowerTolerance,7638,Variable
FoamCuttingMachineType_ProcessMonitoring_Knifes_Knife_Nr_KnifeDrives_Name___Nr_Torque_LowerTolerance_EURange,7639,Variable
FoamCuttingMachineType_ProcessMonitoring_Knifes_Knife_Nr_KnifeDrives_Name___Nr_Torque_LowerTolerance2,7640,Variable
FoamCuttingMachineType_ProcessMonitoring_Knifes_Knife_Nr_KnifeDrives_Name___Nr_Torque_LowerTolerance2_EURange,7641,Variable
FoamCuttingMachineType_ProcessMonitoring_Knifes_Knife_Nr_KnifeDrives_Name___Nr_Torque_MaxValue,7642,Variable
FoamCuttingMachineType_ProcessMonitoring_Knifes_Knife_Nr_KnifeDrives_Name___Nr_Torque_MaxValue_EURange,7643,Variable
FoamCuttingMachineType_ProcessMonitoring_Knifes_Knife_Nr_KnifeDrives_Name___Nr_Torque_MinValue,7644,Variable
FoamCuttingMachineType_ProcessMonitoring_Knifes_Knife_Nr_KnifeDrives_Name___Nr_Torque_MinValue_EURange,7645,Variable
FoamCuttingMachineType_ProcessMonitoring_Knifes_Knife_Nr_KnifeDrives_Name___Nr_Torque_MonitoringSensitivity,7646,Variable
FoamCuttingMachineType_ProcessMonitoring_Knifes_Knife_Nr_KnifeDrives_Name___Nr_Torque_MonitoringSensitivity_EnumValues,7647,Variable
FoamCuttingMachineType_ProcessMonitoring_Knifes_Knife_Nr_KnifeDrives_Name___Nr_Torque_MonitoringSensitivity_ValueAsText,7648,Variable
FoamCuttingMachineType_ProcessMonitoring_Knifes_Knife_Nr_KnifeDrives_Name___Nr_Torque_ResetMonitoring,7649,Method
FoamCuttingMachineType_ProcessMonitoring_Knifes_Knife_Nr_KnifeDrives_Name___Nr_Torque_SetRampDown,7650,Variable
FoamCuttingMachineType_ProcessMonitoring_Knifes_Knife_Nr_KnifeDrives_Name___Nr_Torque_SetRampDown_EURange,7651,Variable
FoamCuttingMachineType_ProcessMonitoring_Knifes_Knife_Nr_KnifeDrives_Name___Nr_Torque_SetRampUp,7652,Variable
FoamCuttingMachineType_ProcessMonitoring_Knifes_Knife_Nr_KnifeDrives_Name___Nr_Torque_SetRampUp_EURange,7653,Variable
FoamCuttingMachineType_ProcessMonitoring_Knifes_Knife_Nr_KnifeDrives_Name___Nr_Torque_SetValue,7654,Variable
FoamCuttingMachineType_ProcessMonitoring_Knifes_Knife_Nr_KnifeDrives_Name___Nr_Torque_SetValue_EURange,7655,Variable
FoamCuttingMachineType_ProcessMonitoring_Knifes_Knife_Nr_KnifeDrives_Name___Nr_Torque_Status,7656,Variable
FoamCuttingMachineType_ProcessMonitoring_Knifes_Knife_Nr_KnifeDrives_Name___Nr_Torque_Status_EnumValues,7657,Variable
FoamCuttingMachineType_ProcessMonitoring_Knifes_Knife_Nr_KnifeDrives_Name___Nr_Torque_Status_ValueAsText,7658,Variable
FoamCuttingMachineType_ProcessMonitoring_Knifes_Knife_Nr_KnifeDrives_Name___Nr_Torque_UpperTolerance,7659,Variable
FoamCuttingMachineType_ProcessMonitoring_Knifes_Knife_Nr_KnifeDrives_Name___Nr_Torque_UpperTolerance_EURange,7660,Variable
FoamCuttingMachineType_ProcessMonitoring_Knifes_Knife_Nr_KnifeDrives_Name___Nr_Torque_UpperTolerance2,7661,Variable
FoamCuttingMachineType_ProcessMonitoring_Knifes_Knife_Nr_KnifeDrives_Name___Nr_Torque_UpperTolerance2_EURange,7662,Variable
FoamCuttingMachineType_ProcessMonitoring_Knifes_Knife_Nr_KnifeDrives_Name___Nr_Energy_ActualPower_Definition,7663,Variable
FoamCuttingMachineType_ProcessMonitoring_Knifes_Knife_Nr_KnifeDrives_Name___Nr_Energy_ActualPower_EURange,7664,Variable
FoamCuttingMachineType_ProcessMonitoring_Knifes_Knife_Nr_KnifeDrives_Name___Nr_Energy_ActualPower_InstrumentRange,7665,Variable
FoamCuttingMachineType_ProcessMonitoring_Knifes_Knife_Nr_KnifeDrives_Name___Nr_Energy_ActualPower_ValuePrecision,7666,Variable
FoamCuttingMachineType_ProcessMonitoring_Knifes_Knife_Nr_KnifeDrives_Name___Nr_Energy_ActualSpecificEnergy_Definition,7667,Variable
FoamCuttingMachineType_ProcessMonitoring_Knifes_Knife_Nr_KnifeDrives_Name___Nr_Energy_ActualSpecificEnergy_EURange,7668,Variable
FoamCuttingMachineType_ProcessMonitoring_Knifes_Knife_Nr_KnifeDrives_Name___Nr_Energy_ActualSpecificEnergy_InstrumentRange,7669,Variable
FoamCuttingMachineType_ProcessMonitoring_Knifes_Knife_Nr_KnifeDrives_Name___Nr_Energy_ActualSpecificEnergy_ValuePrecision,7670,Variable
FoamCuttingMachineType_ProcessMonitoring_Knifes_Knife_Nr_KnifeDrives_Name___Nr_Energy_PowerConsumption_Definition,7671,Variable
FoamCuttingMachineType_ProcessMonitoring_Knifes_Knife_Nr_KnifeDrives_Name___Nr_Energy_PowerConsumption_EURange,7672,Variable
FoamCuttingMachineType_ProcessMonitoring_Knifes_Knife_Nr_KnifeDrives_Name___Nr_Energy_PowerConsumption_InstrumentRange,7673,Variable
FoamCuttingMachineType_ProcessMonitoring_Knifes_Knife_Nr_KnifeDrives_Name___Nr_Energy_PowerConsumption_ValuePrecision,7674,Variable
FoamCuttingMachineType_ProcessMonitoring_Knifes_Knife_Nr_KnifeDrives_Name___Nr_Maintenance_Interval_Definition,7675,Variable
FoamCuttingMachineType_ProcessMonitoring_Knifes_Knife_Nr_KnifeDrives_Name___Nr_Maintenance_Interval_EngineeringUnits,7676,Variable
FoamCuttingMachineType_ProcessMonitoring_Knifes_Knife_Nr_KnifeDrives_Name___Nr_Maintenance_Interval_InstrumentRange,7677,Variable
FoamCuttingMachineType_ProcessMonitoring_Knifes_Knife_Nr_KnifeDrives_Name___Nr_Maintenance_Interval_ValuePrecision,7678,Variable
FoamCuttingMachineType_ProcessMonitoring_Knifes_Knife_Nr_KnifeDrives_Name___Nr_Maintenance_RemainingInterval_Definition,7679,Variable
FoamCuttingMachineType_ProcessMonitoring_Knifes_Knife_Nr_KnifeDrives_Name___Nr_Maintenance_RemainingInterval_EngineeringUnits,7680,Variable
FoamCuttingMachineType_ProcessMonitoring_Knifes_Knife_Nr_KnifeDrives_Name___Nr_Maintenance_RemainingInterval_InstrumentRange,7681,Variable
FoamCuttingMachineType_ProcessMonitoring_Knifes_Knife_Nr_KnifeDrives_Name___Nr_Maintenance_RemainingInterval_ValuePrecision,7682,Variable
FoamCuttingMachineType_ProcessMonitoring_Knifes_Knife_Nr_KnifeDrives_Name___Nr_Maintenance_TotalOperation_Definition,7683,Variable
FoamCuttingMachineType_ProcessMonitoring_Knifes_Knife_Nr_KnifeDrives_Name___Nr_Maintenance_TotalOperation_EngineeringUnits,7684,Variable
FoamCuttingMachineType_ProcessMonitoring_Knifes_Knife_Nr_KnifeDrives_Name___Nr_Maintenance_TotalOperation_InstrumentRange,7685,Variable
FoamCuttingMachineType_ProcessMonitoring_Knifes_Knife_Nr_KnifeDrives_Name___Nr_Maintenance_TotalOperation_ValuePrecision,7686,Variable
FoamCuttingMachineType_ProcessMonitoring_Knifes_Knife_Nr_KnifeDrives_Name___Nr_Speed_ActualValue_Definition,7687,Variable
FoamCuttingMachineType_ProcessMonitoring_Knifes_Knife_Nr_KnifeDrives_Name___Nr_Speed_ActualValue_EngineeringUnits,7688,Variable
FoamCuttingMachineType_ProcessMonitoring_Knifes_Knife_Nr_KnifeDrives_Name___Nr_Speed_ActualValue_InstrumentRange,7689,Variable
FoamCuttingMachineType_ProcessMonitoring_Knifes_Knife_Nr_KnifeDrives_Name___Nr_Speed_ActualValue_ValuePrecision,7690,Variable
FoamCuttingMachineType_ProcessMonitoring_Knifes_Knife_Nr_KnifeDrives_Name___Nr_Speed_AlarmSuppression_Definition,7691,Variable
FoamCuttingMachineType_ProcessMonitoring_Knifes_Knife_Nr_KnifeDrives_Name___Nr_Speed_AlarmSuppression_ValuePrecision,7692,Variable
FoamCuttingMachineType_ProcessMonitoring_Knifes_Knife_Nr_KnifeDrives_Name___Nr_Speed_LowerTolerance_Definition,7693,Variable
FoamCuttingMachineType_ProcessMonitoring_Knifes_Knife_Nr_KnifeDrives_Name___Nr_Speed_LowerTolerance_EngineeringUnits,7694,Variable
FoamCuttingMachineType_ProcessMonitoring_Knifes_Knife_Nr_KnifeDrives_Name___Nr_Speed_LowerTolerance_InstrumentRange,7695,Variable
FoamCuttingMachineType_ProcessMonitoring_Knifes_Knife_Nr_KnifeDrives_Name___Nr_Speed_LowerTolerance_ValuePrecision,7696,Variable
FoamCuttingMachineType_ProcessMonitoring_Knifes_Knife_Nr_KnifeDrives_Name___Nr_Speed_LowerTolerance2_Definition,7697,Variable
FoamCuttingMachineType_ProcessMonitoring_Knifes_Knife_Nr_KnifeDrives_Name___Nr_Speed_LowerTolerance2_EngineeringUnits,7698,Variable
FoamCuttingMachineType_ProcessMonitoring_Knifes_Knife_Nr_KnifeDrives_Name___Nr_Speed_LowerTolerance2_InstrumentRange,7699,Variable
FoamCuttingMachineType_ProcessMonitoring_Knifes_Knife_Nr_KnifeDrives_Name___Nr_Speed_LowerTolerance2_ValuePrecision,7700,Variable
FoamCuttingMachineType_ProcessMonitoring_Knifes_Knife_Nr_KnifeDrives_Name___Nr_Speed_MaxValue_Definition,7701,Variable
FoamCuttingMachineType_ProcessMonitoring_Knifes_Knife_Nr_KnifeDrives_Name___Nr_Speed_MaxValue_EngineeringUnits,7702,Variable
FoamCuttingMachineType_ProcessMonitoring_Knifes_Knife_Nr_KnifeDrives_Name___Nr_Speed_MaxValue_InstrumentRange,7703,Variable
FoamCuttingMachineType_ProcessMonitoring_Knifes_Knife_Nr_KnifeDrives_Name___Nr_Speed_MaxValue_ValuePrecision,7704,Variable
FoamCuttingMachineType_ProcessMonitoring_Knifes_Knife_Nr_KnifeDrives_Name___Nr_Speed_MinValue_Definition,7705,Variable
FoamCuttingMachineType_ProcessMonitoring_Knifes_Knife_Nr_KnifeDrives_Name___Nr_Speed_MinValue_EngineeringUnits,7706,Variable
FoamCuttingMachineType_ProcessMonitoring_Knifes_Knife_Nr_KnifeDrives_Name___Nr_Speed_MinValue_InstrumentRange,7707,Variable
FoamCuttingMachineType_ProcessMonitoring_Knifes_Knife_Nr_KnifeDrives_Name___Nr_Speed_MinValue_ValuePrecision,7708,Variable
FoamCuttingMachineType_ProcessMonitoring_Knifes_Knife_Nr_KnifeDrives_Name___Nr_Speed_MonitoringSensitivity_Definition,7709,Variable
FoamCuttingMachineType_ProcessMonitoring_Knifes_Knife_Nr_KnifeDrives_Name___Nr_Speed_MonitoringSensitivity_ValuePrecision,7710,Variable
FoamCuttingMachineType_ProcessMonitoring_Knifes_Knife_Nr_KnifeDrives_Name___Nr_Speed_SetRampDown_Definition,7711,Variable
FoamCuttingMachineType_ProcessMonitoring_Knifes_Knife_Nr_KnifeDrives_Name___Nr_Speed_SetRampDown_EngineeringUnits,7712,Variable
FoamCuttingMachineType_ProcessMonitoring_Knifes_Knife_Nr_KnifeDrives_Name___Nr_Speed_SetRampDown_InstrumentRange,7713,Variable
FoamCuttingMachineType_ProcessMonitoring_Knifes_Knife_Nr_KnifeDrives_Name___Nr_Speed_SetRampDown_ValuePrecision,7714,Variable
FoamCuttingMachineType_ProcessMonitoring_Knifes_Knife_Nr_KnifeDrives_Name___Nr_Speed_SetRampUp_Definition,7715,Variable
FoamCuttingMachineType_ProcessMonitoring_Knifes_Knife_Nr_KnifeDrives_Name___Nr_Speed_SetRampUp_EngineeringUnits,7716,Variable
FoamCuttingMachineType_ProcessMonitoring_Knifes_Knife_Nr_KnifeDrives_Name___Nr_Speed_SetRampUp_InstrumentRange,7717,Variable
FoamCuttingMachineType_ProcessMonitoring_Knifes_Knife_Nr_KnifeDrives_Name___Nr_Speed_SetRampUp_ValuePrecision,7718,Variable
FoamCuttingMachineType_ProcessMonitoring_Knifes_Knife_Nr_KnifeDrives_Name___Nr_Speed_SetValue_Definition,7719,Variable
FoamCuttingMachineType_ProcessMonitoring_Knifes_Knife_Nr_KnifeDrives_Name___Nr_Speed_SetValue_EngineeringUnits,7720,Variable
FoamCuttingMachineType_ProcessMonitoring_Knifes_Knife_Nr_KnifeDrives_Name___Nr_Speed_SetValue_InstrumentRange,7721,Variable
FoamCuttingMachineType_ProcessMonitoring_Knifes_Knife_Nr_KnifeDrives_Name___Nr_Speed_SetValue_ValuePrecision,7722,Variable
FoamCuttingMachineType_ProcessMonitoring_Knifes_Knife_Nr_KnifeDrives_Name___Nr_Speed_Status_Definition,7723,Variable
FoamCuttingMachineType_ProcessMonitoring_Knifes_Knife_Nr_KnifeDrives_Name___Nr_Speed_Status_ValuePrecision,7724,Variable
FoamCuttingMachineType_ProcessMonitoring_Knifes_Knife_Nr_KnifeDrives_Name___Nr_Speed_UpperTolerance_Definition,7725,Variable
FoamCuttingMachineType_ProcessMonitoring_Knifes_Knife_Nr_KnifeDrives_Name___Nr_Speed_UpperTolerance_EngineeringUnits,7726,Variable
FoamCuttingMachineType_ProcessMonitoring_Knifes_Knife_Nr_KnifeDrives_Name___Nr_Speed_UpperTolerance_InstrumentRange,7727,Variable
FoamCuttingMachineType_ProcessMonitoring_Knifes_Knife_Nr_KnifeDrives_Name___Nr_Speed_UpperTolerance_ValuePrecision,7728,Variable
FoamCuttingMachineType_ProcessMonitoring_Knifes_Knife_Nr_KnifeDrives_Name___Nr_Speed_UpperTolerance2_Definition,7729,Variable
FoamCuttingMachineType_ProcessMonitoring_Knifes_Knife_Nr_KnifeDrives_Name___Nr_Speed_UpperTolerance2_EngineeringUnits,7730,Variable
FoamCuttingMachineType_ProcessMonitoring_Knifes_Knife_Nr_KnifeDrives_Name___Nr_Speed_UpperTolerance2_InstrumentRange,7731,Variable
FoamCuttingMachineType_ProcessMonitoring_Knifes_Knife_Nr_KnifeDrives_Name___Nr_Speed_UpperTolerance2_ValuePrecision,7732,Variable
FoamCuttingMachineType_ProcessMonitoring_Knifes_Knife_Nr_KnifeDrives_Name___Nr_Torque_ActualValue_Definition,7733,Variable
FoamCuttingMachineType_ProcessMonitoring_Knifes_Knife_Nr_KnifeDrives_Name___Nr_Torque_ActualValue_EngineeringUnits,7734,Variable
FoamCuttingMachineType_ProcessMonitoring_Knifes_Knife_Nr_KnifeDrives_Name___Nr_Torque_ActualValue_InstrumentRange,7735,Variable
FoamCuttingMachineType_ProcessMonitoring_Knifes_Knife_Nr_KnifeDrives_Name___Nr_Torque_ActualValue_ValuePrecision,7736,Variable
FoamCuttingMachineType_ProcessMonitoring_Knifes_Knife_Nr_KnifeDrives_Name___Nr_Torque_AlarmSuppression_Definition,7737,Variable
FoamCuttingMachineType_ProcessMonitoring_Knifes_Knife_Nr_KnifeDrives_Name___Nr_Torque_AlarmSuppression_ValuePrecision,7738,Variable
FoamCuttingMachineType_ProcessMonitoring_Knifes_Knife_Nr_KnifeDrives_Name___Nr_Torque_LowerTolerance_Definition,7739,Variable
FoamCuttingMachineType_ProcessMonitoring_Knifes_Knife_Nr_KnifeDrives_Name___Nr_Torque_LowerTolerance_EngineeringUnits,7740,Variable
FoamCuttingMachineType_ProcessMonitoring_Knifes_Knife_Nr_KnifeDrives_Name___Nr_Torque_LowerTolerance_InstrumentRange,7741,Variable
FoamCuttingMachineType_ProcessMonitoring_Knifes_Knife_Nr_KnifeDrives_Name___Nr_Torque_LowerTolerance_ValuePrecision,7742,Variable
FoamCuttingMachineType_ProcessMonitoring_Knifes_Knife_Nr_KnifeDrives_Name___Nr_Torque_LowerTolerance2_Definition,7743,Variable
FoamCuttingMachineType_ProcessMonitoring_Knifes_Knife_Nr_KnifeDrives_Name___Nr_Torque_LowerTolerance2_EngineeringUnits,7744,Variable
FoamCuttingMachineType_ProcessMonitoring_Knifes_Knife_Nr_KnifeDrives_Name___Nr_Torque_LowerTolerance2_InstrumentRange,7745,Variable
FoamCuttingMachineType_ProcessMonitoring_Knifes_Knife_Nr_KnifeDrives_Name___Nr_Torque_LowerTolerance2_ValuePrecision,7746,Variable
FoamCuttingMachineType_ProcessMonitoring_Knifes_Knife_Nr_KnifeDrives_Name___Nr_Torque_MaxValue_Definition,7747,Variable
FoamCuttingMachineType_ProcessMonitoring_Knifes_Knife_Nr_KnifeDrives_Name___Nr_Torque_MaxValue_EngineeringUnits,7748,Variable
FoamCuttingMachineType_ProcessMonitoring_Knifes_Knife_Nr_KnifeDrives_Name___Nr_Torque_MaxValue_InstrumentRange,7749,Variable
FoamCuttingMachineType_ProcessMonitoring_Knifes_Knife_Nr_KnifeDrives_Name___Nr_Torque_MaxValue_ValuePrecision,7750,Variable
FoamCuttingMachineType_ProcessMonitoring_Knifes_Knife_Nr_KnifeDrives_Name___Nr_Torque_MinValue_Definition,7751,Variable
FoamCuttingMachineType_ProcessMonitoring_Knifes_Knife_Nr_KnifeDrives_Name___Nr_Torque_MinValue_EngineeringUnits,7752,Variable
FoamCuttingMachineType_ProcessMonitoring_Knifes_Knife_Nr_KnifeDrives_Name___Nr_Torque_MinValue_InstrumentRange,7753,Variable
FoamCuttingMachineType_ProcessMonitoring_Knifes_Knife_Nr_KnifeDrives_Name___Nr_Torque_MinValue_ValuePrecision,7754,Variable
FoamCuttingMachineType_ProcessMonitoring_Knifes_Knife_Nr_KnifeDrives_Name___Nr_Torque_MonitoringSensitivity_Definition,7755,Variable
FoamCuttingMachineType_ProcessMonitoring_Knifes_Knife_Nr_KnifeDrives_Name___Nr_Torque_MonitoringSensitivity_ValuePrecision,7756,Variable
FoamCuttingMachineType_ProcessMonitoring_Knifes_Knife_Nr_KnifeDrives_Name___Nr_Torque_SetRampDown_Definition,7757,Variable
FoamCuttingMachineType_ProcessMonitoring_Knifes_Knife_Nr_KnifeDrives_Name___Nr_Torque_SetRampDown_EngineeringUnits,7758,Variable
FoamCuttingMachineType_ProcessMonitoring_Knifes_Knife_Nr_KnifeDrives_Name___Nr_Torque_SetRampDown_InstrumentRange,7759,Variable
FoamCuttingMachineType_ProcessMonitoring_Knifes_Knife_Nr_KnifeDrives_Name___Nr_Torque_SetRampDown_ValuePrecision,7760,Variable
FoamCuttingMachineType_ProcessMonitoring_Knifes_Knife_Nr_KnifeDrives_Name___Nr_Torque_SetRampUp_Definition,7761,Variable
FoamCuttingMachineType_ProcessMonitoring_Knifes_Knife_Nr_KnifeDrives_Name___Nr_Torque_SetRampUp_EngineeringUnits,7762,Variable
FoamCuttingMachineType_ProcessMonitoring_Knifes_Knife_Nr_KnifeDrives_Name___Nr_Torque_SetRampUp_InstrumentRange,7763,Variable
FoamCuttingMachineType_ProcessMonitoring_Knifes_Knife_Nr_KnifeDrives_Name___Nr_Torque_SetRampUp_ValuePrecision,7764,Variable
FoamCuttingMachineType_ProcessMonitoring_Knifes_Knife_Nr_KnifeDrives_Name___Nr_Torque_SetValue_Definition,7765,Variable
FoamCuttingMachineType_ProcessMonitoring_Knifes_Knife_Nr_KnifeDrives_Name___Nr_Torque_SetValue_EngineeringUnits,7766,Variable
FoamCuttingMachineType_ProcessMonitoring_Knifes_Knife_Nr_KnifeDrives_Name___Nr_Torque_SetValue_InstrumentRange,7767,Variable
FoamCuttingMachineType_ProcessMonitoring_Knifes_Knife_Nr_KnifeDrives_Name___Nr_Torque_SetValue_ValuePrecision,7768,Variable
FoamCuttingMachineType_ProcessMonitoring_Knifes_Knife_Nr_KnifeDrives_Name___Nr_Torque_Status_Definition,7769,Variable
FoamCuttingMachineType_ProcessMonitoring_Knifes_Knife_Nr_KnifeDrives_Name___Nr_Torque_Status_ValuePrecision,7770,Variable
FoamCuttingMachineType_ProcessMonitoring_Knifes_Knife_Nr_KnifeDrives_Name___Nr_Torque_UpperTolerance_Definition,7771,Variable
FoamCuttingMachineType_ProcessMonitoring_Knifes_Knife_Nr_KnifeDrives_Name___Nr_Torque_UpperTolerance_EngineeringUnits,7772,Variable
FoamCuttingMachineType_ProcessMonitoring_Knifes_Knife_Nr_KnifeDrives_Name___Nr_Torque_UpperTolerance_InstrumentRange,7773,Variable
FoamCuttingMachineType_ProcessMonitoring_Knifes_Knife_Nr_KnifeDrives_Name___Nr_Torque_UpperTolerance_ValuePrecision,7774,Variable
FoamCuttingMachineType_ProcessMonitoring_Knifes_Knife_Nr_KnifeDrives_Name___Nr_Torque_UpperTolerance2_Definition,7775,Variable
FoamCuttingMachineType_ProcessMonitoring_Knifes_Knife_Nr_KnifeDrives_Name___Nr_Torque_UpperTolerance2_EngineeringUnits,7776,Variable
FoamCuttingMachineType_ProcessMonitoring_Knifes_Knife_Nr_KnifeDrives_Name___Nr_Torque_UpperTolerance2_InstrumentRange,7777,Variable
FoamCuttingMachineType_ProcessMonitoring_Knifes_Knife_Nr_KnifeDrives_Name___Nr_Torque_UpperTolerance2_ValuePrecision,7778,Variable
FoamCuttingMachineType_ProcessMonitoring_Knifes_Knife_Nr_WearStatus_AdditionalInformation,7779,Variable
FoamCuttingMachineType_ProcessMonitoring_Knifes_Knife_Nr_WearStatus_Interval,7780,Variable
FoamCuttingMachineType_ProcessMonitoring_Knifes_Knife_Nr_WearStatus_Interval_EURange,7781,Variable
FoamCuttingMachineType_ProcessMonitoring_Knifes_Knife_Nr_WearStatus_RemainingInterval,7782,Variable
FoamCuttingMachineType_ProcessMonitoring_Knifes_Knife_Nr_WearStatus_RemainingInterval_EURange,7783,Variable
FoamCuttingMachineType_ProcessMonitoring_Knifes_Knife_Nr_WearStatus_TotalOperation,7784,Variable
FoamCuttingMachineType_ProcessMonitoring_Knifes_Knife_Nr_WearStatus_TotalOperation_EURange,7785,Variable
FoamCuttingMachineType_ProcessMonitoring_ConveyorProcessMonitoring_Conveyor_Nr_Drives_Name___Nr_AdditionalMeasuringDevices_NodeVersion,7786,Variable
FoamCuttingMachineType_ProcessMonitoring_ConveyorProcessMonitoring_Conveyor_Nr_Drives_Name___Nr_Maintenance_Reset,7787,Method
FoamCuttingMachineType_ProcessMonitoring_ConveyorProcessMonitoring_Conveyor_Nr_Drives_Name___Nr_Maintenance_Status,7788,Variable
FoamCuttingMachineType_ProcessMonitoring_ConveyorProcessMonitoring_Conveyor_Nr_Drives_Name___Nr_Position,7789,Variable
FoamCuttingMachineType_ProcessMonitoring_ConveyorProcessMonitoring_Conveyor_Nr_Drives_Name___Nr_Speed_ActualValue,7790,Variable
FoamCuttingMachineType_ProcessMonitoring_ConveyorProcessMonitoring_Conveyor_Nr_Drives_Name___Nr_Speed_ActualValue_EURange,7791,Variable
FoamCuttingMachineType_ProcessMonitoring_ConveyorProcessMonitoring_Conveyor_Nr_Drives_Name___Nr_StartDrive_Status,7792,Variable
FoamCuttingMachineType_ProcessMonitoring_ConveyorProcessMonitoring_Conveyor_Nr_Drives_Name___Nr_Torque_ActualValue,7793,Variable
FoamCuttingMachineType_ProcessMonitoring_ConveyorProcessMonitoring_Conveyor_Nr_Drives_Name___Nr_Torque_ActualValue_EURange,7794,Variable
FoamCuttingMachineType_ProcessMonitoring_ConveyorProcessMonitoring_Conveyor_Nr_Drives_Name___Nr_Energy_ActualPower,7795,Variable
FoamCuttingMachineType_ProcessMonitoring_ConveyorProcessMonitoring_Conveyor_Nr_Drives_Name___Nr_Energy_ActualPower_EngineeringUnits,7796,Variable
FoamCuttingMachineType_ProcessMonitoring_ConveyorProcessMonitoring_Conveyor_Nr_Drives_Name___Nr_Energy_ActualSpecificEnergy,7797,Variable
FoamCuttingMachineType_ProcessMonitoring_ConveyorProcessMonitoring_Conveyor_Nr_Drives_Name___Nr_Energy_ActualSpecificEnergy_EngineeringUnits,7798,Variable
FoamCuttingMachineType_ProcessMonitoring_ConveyorProcessMonitoring_Conveyor_Nr_Drives_Name___Nr_Energy_PowerConsumption,7799,Variable
FoamCuttingMachineType_ProcessMonitoring_ConveyorProcessMonitoring_Conveyor_Nr_Drives_Name___Nr_Energy_PowerConsumption_EngineeringUnits,7800,Variable
FoamCuttingMachineType_ProcessMonitoring_ConveyorProcessMonitoring_Conveyor_Nr_Drives_Name___Nr_Energy_PowerFactor,7801,Variable
FoamCuttingMachineType_ProcessMonitoring_ConveyorProcessMonitoring_Conveyor_Nr_Drives_Name___Nr_Maintenance_AdditionalInformation,7802,Variable
FoamCuttingMachineType_ProcessMonitoring_ConveyorProcessMonitoring_Conveyor_Nr_Drives_Name___Nr_Maintenance_Interval,7803,Variable
FoamCuttingMachineType_ProcessMonitoring_ConveyorProcessMonitoring_Conveyor_Nr_Drives_Name___Nr_Maintenance_Interval_EURange,7804,Variable
FoamCuttingMachineType_ProcessMonitoring_ConveyorProcessMonitoring_Conveyor_Nr_Drives_Name___Nr_Maintenance_RemainingInterval,7805,Variable
FoamCuttingMachineType_ProcessMonitoring_ConveyorProcessMonitoring_Conveyor_Nr_Drives_Name___Nr_Maintenance_RemainingInterval_EURange,7806,Variable
FoamCuttingMachineType_ProcessMonitoring_ConveyorProcessMonitoring_Conveyor_Nr_Drives_Name___Nr_Maintenance_TotalOperation,7807,Variable
FoamCuttingMachineType_ProcessMonitoring_ConveyorProcessMonitoring_Conveyor_Nr_Drives_Name___Nr_Maintenance_TotalOperation_EURange,7808,Variable
FoamCuttingMachineType_ProcessMonitoring_ConveyorProcessMonitoring_Conveyor_Nr_Drives_Name___Nr_Speed_AlarmSuppression,7809,Variable
FoamCuttingMachineType_ProcessMonitoring_ConveyorProcessMonitoring_Conveyor_Nr_Drives_Name___Nr_Speed_AlarmSuppression_EnumValues,7810,Variable
FoamCuttingMachineType_ProcessMonitoring_ConveyorProcessMonitoring_Conveyor_Nr_Drives_Name___Nr_Speed_AlarmSuppression_ValueAsText,7811,Variable
FoamCuttingMachineType_ProcessMonitoring_ConveyorProcessMonitoring_Conveyor_Nr_Drives_Name___Nr_Speed_AutomaticMonitoring,7812,Variable
FoamCuttingMachineType_ProcessMonitoring_ConveyorProcessMonitoring_Conveyor_Nr_Drives_Name___Nr_Speed_LowerTolerance,7813,Variable
FoamCuttingMachineType_ProcessMonitoring_ConveyorProcessMonitoring_Conveyor_Nr_Drives_Name___Nr_Speed_LowerTolerance_EURange,7814,Variable
FoamCuttingMachineType_ProcessMonitoring_ConveyorProcessMonitoring_Conveyor_Nr_Drives_Name___Nr_Speed_LowerTolerance2,7815,Variable
FoamCuttingMachineType_ProcessMonitoring_ConveyorProcessMonitoring_Conveyor_Nr_Drives_Name___Nr_Speed_LowerTolerance2_EURange,7816,Variable
FoamCuttingMachineType_ProcessMonitoring_ConveyorProcessMonitoring_Conveyor_Nr_Drives_Name___Nr_Speed_MaxValue,7817,Variable
FoamCuttingMachineType_ProcessMonitoring_ConveyorProcessMonitoring_Conveyor_Nr_Drives_Name___Nr_Speed_MaxValue_EURange,7818,Variable
FoamCuttingMachineType_ProcessMonitoring_ConveyorProcessMonitoring_Conveyor_Nr_Drives_Name___Nr_Speed_MinValue,7819,Variable
FoamCuttingMachineType_ProcessMonitoring_ConveyorProcessMonitoring_Conveyor_Nr_Drives_Name___Nr_Speed_MinValue_EURange,7820,Variable
FoamCuttingMachineType_ProcessMonitoring_ConveyorProcessMonitoring_Conveyor_Nr_Drives_Name___Nr_Speed_MonitoringSensitivity,7821,Variable
FoamCuttingMachineType_ProcessMonitoring_ConveyorProcessMonitoring_Conveyor_Nr_Drives_Name___Nr_Speed_MonitoringSensitivity_EnumValues,7822,Variable
FoamCuttingMachineType_ProcessMonitoring_ConveyorProcessMonitoring_Conveyor_Nr_Drives_Name___Nr_Speed_MonitoringSensitivity_ValueAsText,7823,Variable
FoamCuttingMachineType_ProcessMonitoring_ConveyorProcessMonitoring_Conveyor_Nr_Drives_Name___Nr_Speed_ResetMonitoring,7824,Method
FoamCuttingMachineType_ProcessMonitoring_ConveyorProcessMonitoring_Conveyor_Nr_Drives_Name___Nr_Speed_SetRampDown,7825,Variable
FoamCuttingMachineType_ProcessMonitoring_ConveyorProcessMonitoring_Conveyor_Nr_Drives_Name___Nr_Speed_SetRampDown_EURange,7826,Variable
FoamCuttingMachineType_ProcessMonitoring_ConveyorProcessMonitoring_Conveyor_Nr_Drives_Name___Nr_Speed_SetRampUp,7827,Variable
FoamCuttingMachineType_ProcessMonitoring_ConveyorProcessMonitoring_Conveyor_Nr_Drives_Name___Nr_Speed_SetRampUp_EURange,7828,Variable
FoamCuttingMachineType_ProcessMonitoring_ConveyorProcessMonitoring_Conveyor_Nr_Drives_Name___Nr_Speed_SetValue,7829,Variable
FoamCuttingMachineType_ProcessMonitoring_ConveyorProcessMonitoring_Conveyor_Nr_Drives_Name___Nr_Speed_SetValue_EURange,7830,Variable
FoamCuttingMachineType_ProcessMonitoring_ConveyorProcessMonitoring_Conveyor_Nr_Drives_Name___Nr_Speed_Status,7831,Variable
FoamCuttingMachineType_ProcessMonitoring_ConveyorProcessMonitoring_Conveyor_Nr_Drives_Name___Nr_Speed_Status_EnumValues,7832,Variable
FoamCuttingMachineType_ProcessMonitoring_ConveyorProcessMonitoring_Conveyor_Nr_Drives_Name___Nr_Speed_Status_ValueAsText,7833,Variable
FoamCuttingMachineType_ProcessMonitoring_ConveyorProcessMonitoring_Conveyor_Nr_Drives_Name___Nr_Speed_UpperTolerance,7834,Variable
FoamCuttingMachineType_ProcessMonitoring_ConveyorProcessMonitoring_Conveyor_Nr_Drives_Name___Nr_Speed_UpperTolerance_EURange,7835,Variable
FoamCuttingMachineType_ProcessMonitoring_ConveyorProcessMonitoring_Conveyor_Nr_Drives_Name___Nr_Speed_UpperTolerance2,7836,Variable
FoamCuttingMachineType_ProcessMonitoring_ConveyorProcessMonitoring_Conveyor_Nr_Drives_Name___Nr_Speed_UpperTolerance2_EURange,7837,Variable
FoamCuttingMachineType_ProcessMonitoring_ConveyorProcessMonitoring_Conveyor_Nr_Drives_Name___Nr_StartDrive_StartBlockedByClient,7838,Variable
FoamCuttingMachineType_ProcessMonitoring_ConveyorProcessMonitoring_Conveyor_Nr_Drives_Name___Nr_StartDrive_StartRequest,7839,Method
FoamCuttingMachineType_ProcessMonitoring_ConveyorProcessMonitoring_Conveyor_Nr_Drives_Name___Nr_StartDrive_StopRequest,7840,Method
FoamCuttingMachineType_ProcessMonitoring_ConveyorProcessMonitoring_Conveyor_Nr_Drives_Name___Nr_Torque_AlarmSuppression,7841,Variable
FoamCuttingMachineType_ProcessMonitoring_ConveyorProcessMonitoring_Conveyor_Nr_Drives_Name___Nr_Torque_AlarmSuppression_EnumValues,7842,Variable
FoamCuttingMachineType_ProcessMonitoring_ConveyorProcessMonitoring_Conveyor_Nr_Drives_Name___Nr_Torque_AlarmSuppression_ValueAsText,7843,Variable
FoamCuttingMachineType_ProcessMonitoring_ConveyorProcessMonitoring_Conveyor_Nr_Drives_Name___Nr_Torque_AutomaticMonitoring,7844,Variable
FoamCuttingMachineType_ProcessMonitoring_ConveyorProcessMonitoring_Conveyor_Nr_Drives_Name___Nr_Torque_LowerTolerance,7845,Variable
FoamCuttingMachineType_ProcessMonitoring_ConveyorProcessMonitoring_Conveyor_Nr_Drives_Name___Nr_Torque_LowerTolerance_EURange,7846,Variable
FoamCuttingMachineType_ProcessMonitoring_ConveyorProcessMonitoring_Conveyor_Nr_Drives_Name___Nr_Torque_LowerTolerance2,7847,Variable
FoamCuttingMachineType_ProcessMonitoring_ConveyorProcessMonitoring_Conveyor_Nr_Drives_Name___Nr_Torque_LowerTolerance2_EURange,7848,Variable
FoamCuttingMachineType_ProcessMonitoring_ConveyorProcessMonitoring_Conveyor_Nr_Drives_Name___Nr_Torque_MaxValue,7849,Variable
FoamCuttingMachineType_ProcessMonitoring_ConveyorProcessMonitoring_Conveyor_Nr_Drives_Name___Nr_Torque_MaxValue_EURange,7850,Variable
FoamCuttingMachineType_ProcessMonitoring_ConveyorProcessMonitoring_Conveyor_Nr_Drives_Name___Nr_Torque_MinValue,7851,Variable
FoamCuttingMachineType_ProcessMonitoring_ConveyorProcessMonitoring_Conveyor_Nr_Drives_Name___Nr_Torque_MinValue_EURange,7852,Variable
FoamCuttingMachineType_ProcessMonitoring_ConveyorProcessMonitoring_Conveyor_Nr_Drives_Name___Nr_Torque_MonitoringSensitivity,7853,Variable
FoamCuttingMachineType_ProcessMonitoring_ConveyorProcessMonitoring_Conveyor_Nr_Drives_Name___Nr_Torque_MonitoringSensitivity_EnumValues,7854,Variable
FoamCuttingMachineType_ProcessMonitoring_ConveyorProcessMonitoring_Conveyor_Nr_Drives_Name___Nr_Torque_MonitoringSensitivity_ValueAsText,7855,Variable
FoamCuttingMachineType_ProcessMonitoring_ConveyorProcessMonitoring_Conveyor_Nr_Drives_Name___Nr_Torque_ResetMonitoring,7856,Method
FoamCuttingMachineType_ProcessMonitoring_ConveyorProcessMonitoring_Conveyor_Nr_Drives_Name___Nr_Torque_SetRampDown,7857,Variable
FoamCuttingMachineType_ProcessMonitoring_ConveyorProcessMonitoring_Conveyor_Nr_Drives_Name___Nr_Torque_SetRampDown_EURange,7858,Variable
FoamCuttingMachineType_ProcessMonitoring_ConveyorProcessMonitoring_Conveyor_Nr_Drives_Name___Nr_Torque_SetRampUp,7859,Variable
FoamCuttingMachineType_ProcessMonitoring_ConveyorProcessMonitoring_Conveyor_Nr_Drives_Name___Nr_Torque_SetRampUp_EURange,7860,Variable
FoamCuttingMachineType_ProcessMonitoring_ConveyorProcessMonitoring_Conveyor_Nr_Drives_Name___Nr_Torque_SetValue,7861,Variable
FoamCuttingMachineType_ProcessMonitoring_ConveyorProcessMonitoring_Conveyor_Nr_Drives_Name___Nr_Torque_SetValue_EURange,7862,Variable
FoamCuttingMachineType_ProcessMonitoring_ConveyorProcessMonitoring_Conveyor_Nr_Drives_Name___Nr_Torque_Status,7863,Variable
FoamCuttingMachineType_ProcessMonitoring_ConveyorProcessMonitoring_Conveyor_Nr_Drives_Name___Nr_Torque_Status_EnumValues,7864,Variable
FoamCuttingMachineType_ProcessMonitoring_ConveyorProcessMonitoring_Conveyor_Nr_Drives_Name___Nr_Torque_Status_ValueAsText,7865,Variable
FoamCuttingMachineType_ProcessMonitoring_ConveyorProcessMonitoring_Conveyor_Nr_Drives_Name___Nr_Torque_UpperTolerance,7866,Variable
FoamCuttingMachineType_ProcessMonitoring_ConveyorProcessMonitoring_Conveyor_Nr_Drives_Name___Nr_Torque_UpperTolerance_EURange,7867,Variable
FoamCuttingMachineType_ProcessMonitoring_ConveyorProcessMonitoring_Conveyor_Nr_Drives_Name___Nr_Torque_UpperTolerance2,7868,Variable
FoamCuttingMachineType_ProcessMonitoring_ConveyorProcessMonitoring_Conveyor_Nr_Drives_Name___Nr_Torque_UpperTolerance2_EURange,7869,Variable
FoamCuttingMachineType_ProcessMonitoring_ConveyorProcessMonitoring_Conveyor_Nr_Drives_Name___Nr_Energy_ActualPower_Definition,7870,Variable
FoamCuttingMachineType_ProcessMonitoring_ConveyorProcessMonitoring_Conveyor_Nr_Drives_Name___Nr_Energy_ActualPower_EURange,7871,Variable
FoamCuttingMachineType_ProcessMonitoring_ConveyorProcessMonitoring_Conveyor_Nr_Drives_Name___Nr_Energy_ActualPower_InstrumentRange,7872,Variable
FoamCuttingMachineType_ProcessMonitoring_ConveyorProcessMonitoring_Conveyor_Nr_Drives_Name___Nr_Energy_ActualPower_ValuePrecision,7873,Variable
FoamCuttingMachineType_ProcessMonitoring_ConveyorProcessMonitoring_Conveyor_Nr_Drives_Name___Nr_Energy_ActualSpecificEnergy_Definition,7874,Variable
FoamCuttingMachineType_ProcessMonitoring_ConveyorProcessMonitoring_Conveyor_Nr_Drives_Name___Nr_Energy_ActualSpecificEnergy_EURange,7875,Variable
FoamCuttingMachineType_ProcessMonitoring_ConveyorProcessMonitoring_Conveyor_Nr_Drives_Name___Nr_Energy_ActualSpecificEnergy_InstrumentRange,7876,Variable
FoamCuttingMachineType_ProcessMonitoring_ConveyorProcessMonitoring_Conveyor_Nr_Drives_Name___Nr_Energy_ActualSpecificEnergy_ValuePrecision,7877,Variable
FoamCuttingMachineType_ProcessMonitoring_ConveyorProcessMonitoring_Conveyor_Nr_Drives_Name___Nr_Energy_PowerConsumption_Definition,7878,Variable
FoamCuttingMachineType_ProcessMonitoring_ConveyorProcessMonitoring_Conveyor_Nr_Drives_Name___Nr_Energy_PowerConsumption_EURange,7879,Variable
FoamCuttingMachineType_ProcessMonitoring_ConveyorProcessMonitoring_Conveyor_Nr_Drives_Name___Nr_Energy_PowerConsumption_InstrumentRange,7880,Variable
FoamCuttingMachineType_ProcessMonitoring_ConveyorProcessMonitoring_Conveyor_Nr_Drives_Name___Nr_Energy_PowerConsumption_ValuePrecision,7881,Variable
FoamCuttingMachineType_ProcessMonitoring_ConveyorProcessMonitoring_Conveyor_Nr_Drives_Name___Nr_Maintenance_Interval_Definition,7882,Variable
FoamCuttingMachineType_ProcessMonitoring_ConveyorProcessMonitoring_Conveyor_Nr_Drives_Name___Nr_Maintenance_Interval_EngineeringUnits,7883,Variable
FoamCuttingMachineType_ProcessMonitoring_ConveyorProcessMonitoring_Conveyor_Nr_Drives_Name___Nr_Maintenance_Interval_InstrumentRange,7884,Variable
FoamCuttingMachineType_ProcessMonitoring_ConveyorProcessMonitoring_Conveyor_Nr_Drives_Name___Nr_Maintenance_Interval_ValuePrecision,7885,Variable
FoamCuttingMachineType_ProcessMonitoring_ConveyorProcessMonitoring_Conveyor_Nr_Drives_Name___Nr_Maintenance_RemainingInterval_Definition,7886,Variable
FoamCuttingMachineType_ProcessMonitoring_ConveyorProcessMonitoring_Conveyor_Nr_Drives_Name___Nr_Maintenance_RemainingInterval_EngineeringUnits,7887,Variable
FoamCuttingMachineType_ProcessMonitoring_ConveyorProcessMonitoring_Conveyor_Nr_Drives_Name___Nr_Maintenance_RemainingInterval_InstrumentRange,7888,Variable
FoamCuttingMachineType_ProcessMonitoring_ConveyorProcessMonitoring_Conveyor_Nr_Drives_Name___Nr_Maintenance_RemainingInterval_ValuePrecision,7889,Variable
FoamCuttingMachineType_ProcessMonitoring_ConveyorProcessMonitoring_Conveyor_Nr_Drives_Name___Nr_Maintenance_TotalOperation_Definition,7890,Variable
FoamCuttingMachineType_ProcessMonitoring_ConveyorProcessMonitoring_Conveyor_Nr_Drives_Name___Nr_Maintenance_TotalOperation_EngineeringUnits,7891,Variable
FoamCuttingMachineType_ProcessMonitoring_ConveyorProcessMonitoring_Conveyor_Nr_Drives_Name___Nr_Maintenance_TotalOperation_InstrumentRange,7892,Variable
FoamCuttingMachineType_ProcessMonitoring_ConveyorProcessMonitoring_Conveyor_Nr_Drives_Name___Nr_Maintenance_TotalOperation_ValuePrecision,7893,Variable
FoamCuttingMachineType_ProcessMonitoring_ConveyorProcessMonitoring_Conveyor_Nr_Drives_Name___Nr_Speed_ActualValue_Definition,7894,Variable
FoamCuttingMachineType_ProcessMonitoring_ConveyorProcessMonitoring_Conveyor_Nr_Drives_Name___Nr_Speed_ActualValue_EngineeringUnits,7895,Variable
FoamCuttingMachineType_ProcessMonitoring_ConveyorProcessMonitoring_Conveyor_Nr_Drives_Name___Nr_Speed_ActualValue_InstrumentRange,7896,Variable
FoamCuttingMachineType_ProcessMonitoring_ConveyorProcessMonitoring_Conveyor_Nr_Drives_Name___Nr_Speed_ActualValue_ValuePrecision,7897,Variable
FoamCuttingMachineType_ProcessMonitoring_ConveyorProcessMonitoring_Conveyor_Nr_Drives_Name___Nr_Speed_AlarmSuppression_Definition,7898,Variable
FoamCuttingMachineType_ProcessMonitoring_ConveyorProcessMonitoring_Conveyor_Nr_Drives_Name___Nr_Speed_AlarmSuppression_ValuePrecision,7899,Variable
FoamCuttingMachineType_ProcessMonitoring_ConveyorProcessMonitoring_Conveyor_Nr_Drives_Name___Nr_Speed_LowerTolerance_Definition,7900,Variable
FoamCuttingMachineType_ProcessMonitoring_ConveyorProcessMonitoring_Conveyor_Nr_Drives_Name___Nr_Speed_LowerTolerance_EngineeringUnits,7901,Variable
FoamCuttingMachineType_ProcessMonitoring_ConveyorProcessMonitoring_Conveyor_Nr_Drives_Name___Nr_Speed_LowerTolerance_InstrumentRange,7902,Variable
FoamCuttingMachineType_ProcessMonitoring_ConveyorProcessMonitoring_Conveyor_Nr_Drives_Name___Nr_Speed_LowerTolerance_ValuePrecision,7903,Variable
FoamCuttingMachineType_ProcessMonitoring_ConveyorProcessMonitoring_Conveyor_Nr_Drives_Name___Nr_Speed_LowerTolerance2_Definition,7904,Variable
FoamCuttingMachineType_ProcessMonitoring_ConveyorProcessMonitoring_Conveyor_Nr_Drives_Name___Nr_Speed_LowerTolerance2_EngineeringUnits,7905,Variable
FoamCuttingMachineType_ProcessMonitoring_ConveyorProcessMonitoring_Conveyor_Nr_Drives_Name___Nr_Speed_LowerTolerance2_InstrumentRange,7906,Variable
FoamCuttingMachineType_ProcessMonitoring_ConveyorProcessMonitoring_Conveyor_Nr_Drives_Name___Nr_Speed_LowerTolerance2_ValuePrecision,7907,Variable
FoamCuttingMachineType_ProcessMonitoring_ConveyorProcessMonitoring_Conveyor_Nr_Drives_Name___Nr_Speed_MaxValue_Definition,7908,Variable
FoamCuttingMachineType_ProcessMonitoring_ConveyorProcessMonitoring_Conveyor_Nr_Drives_Name___Nr_Speed_MaxValue_EngineeringUnits,7909,Variable
FoamCuttingMachineType_ProcessMonitoring_ConveyorProcessMonitoring_Conveyor_Nr_Drives_Name___Nr_Speed_MaxValue_InstrumentRange,7910,Variable
FoamCuttingMachineType_ProcessMonitoring_ConveyorProcessMonitoring_Conveyor_Nr_Drives_Name___Nr_Speed_MaxValue_ValuePrecision,7911,Variable
FoamCuttingMachineType_ProcessMonitoring_ConveyorProcessMonitoring_Conveyor_Nr_Drives_Name___Nr_Speed_MinValue_Definition,7912,Variable
FoamCuttingMachineType_ProcessMonitoring_ConveyorProcessMonitoring_Conveyor_Nr_Drives_Name___Nr_Speed_MinValue_EngineeringUnits,7913,Variable
FoamCuttingMachineType_ProcessMonitoring_ConveyorProcessMonitoring_Conveyor_Nr_Drives_Name___Nr_Speed_MinValue_InstrumentRange,7914,Variable
FoamCuttingMachineType_ProcessMonitoring_ConveyorProcessMonitoring_Conveyor_Nr_Drives_Name___Nr_Speed_MinValue_ValuePrecision,7915,Variable
FoamCuttingMachineType_ProcessMonitoring_ConveyorProcessMonitoring_Conveyor_Nr_Drives_Name___Nr_Speed_MonitoringSensitivity_Definition,7916,Variable
FoamCuttingMachineType_ProcessMonitoring_ConveyorProcessMonitoring_Conveyor_Nr_Drives_Name___Nr_Speed_MonitoringSensitivity_ValuePrecision,7917,Variable
FoamCuttingMachineType_ProcessMonitoring_ConveyorProcessMonitoring_Conveyor_Nr_Drives_Name___Nr_Speed_SetRampDown_Definition,7918,Variable
FoamCuttingMachineType_ProcessMonitoring_ConveyorProcessMonitoring_Conveyor_Nr_Drives_Name___Nr_Speed_SetRampDown_EngineeringUnits,7919,Variable
FoamCuttingMachineType_ProcessMonitoring_ConveyorProcessMonitoring_Conveyor_Nr_Drives_Name___Nr_Speed_SetRampDown_InstrumentRange,7920,Variable
FoamCuttingMachineType_ProcessMonitoring_ConveyorProcessMonitoring_Conveyor_Nr_Drives_Name___Nr_Speed_SetRampDown_ValuePrecision,7921,Variable
FoamCuttingMachineType_ProcessMonitoring_ConveyorProcessMonitoring_Conveyor_Nr_Drives_Name___Nr_Speed_SetRampUp_Definition,7922,Variable
FoamCuttingMachineType_ProcessMonitoring_ConveyorProcessMonitoring_Conveyor_Nr_Drives_Name___Nr_Speed_SetRampUp_EngineeringUnits,7923,Variable
FoamCuttingMachineType_ProcessMonitoring_ConveyorProcessMonitoring_Conveyor_Nr_Drives_Name___Nr_Speed_SetRampUp_InstrumentRange,7924,Variable
FoamCuttingMachineType_ProcessMonitoring_ConveyorProcessMonitoring_Conveyor_Nr_Drives_Name___Nr_Speed_SetRampUp_ValuePrecision,7925,Variable
FoamCuttingMachineType_ProcessMonitoring_ConveyorProcessMonitoring_Conveyor_Nr_Drives_Name___Nr_Speed_SetValue_Definition,7926,Variable
FoamCuttingMachineType_ProcessMonitoring_ConveyorProcessMonitoring_Conveyor_Nr_Drives_Name___Nr_Speed_SetValue_EngineeringUnits,7927,Variable
FoamCuttingMachineType_ProcessMonitoring_ConveyorProcessMonitoring_Conveyor_Nr_Drives_Name___Nr_Speed_SetValue_InstrumentRange,7928,Variable
FoamCuttingMachineType_ProcessMonitoring_ConveyorProcessMonitoring_Conveyor_Nr_Drives_Name___Nr_Speed_SetValue_ValuePrecision,7929,Variable
FoamCuttingMachineType_ProcessMonitoring_ConveyorProcessMonitoring_Conveyor_Nr_Drives_Name___Nr_Speed_Status_Definition,7930,Variable
FoamCuttingMachineType_ProcessMonitoring_ConveyorProcessMonitoring_Conveyor_Nr_Drives_Name___Nr_Speed_Status_ValuePrecision,7931,Variable
FoamCuttingMachineType_ProcessMonitoring_ConveyorProcessMonitoring_Conveyor_Nr_Drives_Name___Nr_Speed_UpperTolerance_Definition,7932,Variable
FoamCuttingMachineType_ProcessMonitoring_ConveyorProcessMonitoring_Conveyor_Nr_Drives_Name___Nr_Speed_UpperTolerance_EngineeringUnits,7933,Variable
FoamCuttingMachineType_ProcessMonitoring_ConveyorProcessMonitoring_Conveyor_Nr_Drives_Name___Nr_Speed_UpperTolerance_InstrumentRange,7934,Variable
FoamCuttingMachineType_ProcessMonitoring_ConveyorProcessMonitoring_Conveyor_Nr_Drives_Name___Nr_Speed_UpperTolerance_ValuePrecision,7935,Variable
FoamCuttingMachineType_ProcessMonitoring_ConveyorProcessMonitoring_Conveyor_Nr_Drives_Name___Nr_Speed_UpperTolerance2_Definition,7936,Variable
FoamCuttingMachineType_ProcessMonitoring_ConveyorProcessMonitoring_Conveyor_Nr_Drives_Name___Nr_Speed_UpperTolerance2_EngineeringUnits,7937,Variable
FoamCuttingMachineType_ProcessMonitoring_ConveyorProcessMonitoring_Conveyor_Nr_Drives_Name___Nr_Speed_UpperTolerance2_InstrumentRange,7938,Variable
FoamCuttingMachineType_ProcessMonitoring_ConveyorProcessMonitoring_Conveyor_Nr_Drives_Name___Nr_Speed_UpperTolerance2_ValuePrecision,7939,Variable
FoamCuttingMachineType_ProcessMonitoring_ConveyorProcessMonitoring_Conveyor_Nr_Drives_Name___Nr_Torque_ActualValue_Definition,7940,Variable
FoamCuttingMachineType_ProcessMonitoring_ConveyorProcessMonitoring_Conveyor_Nr_Drives_Name___Nr_Torque_ActualValue_EngineeringUnits,7941,Variable
FoamCuttingMachineType_ProcessMonitoring_ConveyorProcessMonitoring_Conveyor_Nr_Drives_Name___Nr_Torque_ActualValue_InstrumentRange,7942,Variable
FoamCuttingMachineType_ProcessMonitoring_ConveyorProcessMonitoring_Conveyor_Nr_Drives_Name___Nr_Torque_ActualValue_ValuePrecision,7943,Variable
FoamCuttingMachineType_ProcessMonitoring_ConveyorProcessMonitoring_Conveyor_Nr_Drives_Name___Nr_Torque_AlarmSuppression_Definition,7944,Variable
FoamCuttingMachineType_ProcessMonitoring_ConveyorProcessMonitoring_Conveyor_Nr_Drives_Name___Nr_Torque_AlarmSuppression_ValuePrecision,7945,Variable
FoamCuttingMachineType_ProcessMonitoring_ConveyorProcessMonitoring_Conveyor_Nr_Drives_Name___Nr_Torque_LowerTolerance_Definition,7946,Variable
FoamCuttingMachineType_ProcessMonitoring_ConveyorProcessMonitoring_Conveyor_Nr_Drives_Name___Nr_Torque_LowerTolerance_EngineeringUnits,7947,Variable
FoamCuttingMachineType_ProcessMonitoring_ConveyorProcessMonitoring_Conveyor_Nr_Drives_Name___Nr_Torque_LowerTolerance_InstrumentRange,7948,Variable
FoamCuttingMachineType_ProcessMonitoring_ConveyorProcessMonitoring_Conveyor_Nr_Drives_Name___Nr_Torque_LowerTolerance_ValuePrecision,7949,Variable
FoamCuttingMachineType_ProcessMonitoring_ConveyorProcessMonitoring_Conveyor_Nr_Drives_Name___Nr_Torque_LowerTolerance2_Definition,7950,Variable
FoamCuttingMachineType_ProcessMonitoring_ConveyorProcessMonitoring_Conveyor_Nr_Drives_Name___Nr_Torque_LowerTolerance2_EngineeringUnits,7951,Variable
FoamCuttingMachineType_ProcessMonitoring_ConveyorProcessMonitoring_Conveyor_Nr_Drives_Name___Nr_Torque_LowerTolerance2_InstrumentRange,7952,Variable
FoamCuttingMachineType_ProcessMonitoring_ConveyorProcessMonitoring_Conveyor_Nr_Drives_Name___Nr_Torque_LowerTolerance2_ValuePrecision,7953,Variable
FoamCuttingMachineType_ProcessMonitoring_ConveyorProcessMonitoring_Conveyor_Nr_Drives_Name___Nr_Torque_MaxValue_Definition,7954,Variable
FoamCuttingMachineType_ProcessMonitoring_ConveyorProcessMonitoring_Conveyor_Nr_Drives_Name___Nr_Torque_MaxValue_EngineeringUnits,7955,Variable
FoamCuttingMachineType_ProcessMonitoring_ConveyorProcessMonitoring_Conveyor_Nr_Drives_Name___Nr_Torque_MaxValue_InstrumentRange,7956,Variable
FoamCuttingMachineType_ProcessMonitoring_ConveyorProcessMonitoring_Conveyor_Nr_Drives_Name___Nr_Torque_MaxValue_ValuePrecision,7957,Variable
FoamCuttingMachineType_ProcessMonitoring_ConveyorProcessMonitoring_Conveyor_Nr_Drives_Name___Nr_Torque_MinValue_Definition,7958,Variable
FoamCuttingMachineType_ProcessMonitoring_ConveyorProcessMonitoring_Conveyor_Nr_Drives_Name___Nr_Torque_MinValue_EngineeringUnits,7959,Variable
FoamCuttingMachineType_ProcessMonitoring_ConveyorProcessMonitoring_Conveyor_Nr_Drives_Name___Nr_Torque_MinValue_InstrumentRange,7960,Variable
FoamCuttingMachineType_ProcessMonitoring_ConveyorProcessMonitoring_Conveyor_Nr_Drives_Name___Nr_Torque_MinValue_ValuePrecision,7961,Variable
FoamCuttingMachineType_ProcessMonitoring_ConveyorProcessMonitoring_Conveyor_Nr_Drives_Name___Nr_Torque_MonitoringSensitivity_Definition,7962,Variable
FoamCuttingMachineType_ProcessMonitoring_ConveyorProcessMonitoring_Conveyor_Nr_Drives_Name___Nr_Torque_MonitoringSensitivity_ValuePrecision,7963,Variable
FoamCuttingMachineType_ProcessMonitoring_ConveyorProcessMonitoring_Conveyor_Nr_Drives_Name___Nr_Torque_SetRampDown_Definition,7964,Variable
FoamCuttingMachineType_ProcessMonitoring_ConveyorProcessMonitoring_Conveyor_Nr_Drives_Name___Nr_Torque_SetRampDown_EngineeringUnits,7965,Variable
FoamCuttingMachineType_ProcessMonitoring_ConveyorProcessMonitoring_Conveyor_Nr_Drives_Name___Nr_Torque_SetRampDown_InstrumentRange,7966,Variable
FoamCuttingMachineType_ProcessMonitoring_ConveyorProcessMonitoring_Conveyor_Nr_Drives_Name___Nr_Torque_SetRampDown_ValuePrecision,7967,Variable
FoamCuttingMachineType_ProcessMonitoring_ConveyorProcessMonitoring_Conveyor_Nr_Drives_Name___Nr_Torque_SetRampUp_Definition,7968,Variable
FoamCuttingMachineType_ProcessMonitoring_ConveyorProcessMonitoring_Conveyor_Nr_Drives_Name___Nr_Torque_SetRampUp_EngineeringUnits,7969,Variable
FoamCuttingMachineType_ProcessMonitoring_ConveyorProcessMonitoring_Conveyor_Nr_Drives_Name___Nr_Torque_SetRampUp_InstrumentRange,7970,Variable
FoamCuttingMachineType_ProcessMonitoring_ConveyorProcessMonitoring_Conveyor_Nr_Drives_Name___Nr_Torque_SetRampUp_ValuePrecision,7971,Variable
FoamCuttingMachineType_ProcessMonitoring_ConveyorProcessMonitoring_Conveyor_Nr_Drives_Name___Nr_Torque_SetValue_Definition,7972,Variable
FoamCuttingMachineType_ProcessMonitoring_ConveyorProcessMonitoring_Conveyor_Nr_Drives_Name___Nr_Torque_SetValue_EngineeringUnits,7973,Variable
FoamCuttingMachineType_ProcessMonitoring_ConveyorProcessMonitoring_Conveyor_Nr_Drives_Name___Nr_Torque_SetValue_InstrumentRange,7974,Variable
FoamCuttingMachineType_ProcessMonitoring_ConveyorProcessMonitoring_Conveyor_Nr_Drives_Name___Nr_Torque_SetValue_ValuePrecision,7975,Variable
FoamCuttingMachineType_ProcessMonitoring_ConveyorProcessMonitoring_Conveyor_Nr_Drives_Name___Nr_Torque_Status_Definition,7976,Variable
FoamCuttingMachineType_ProcessMonitoring_ConveyorProcessMonitoring_Conveyor_Nr_Drives_Name___Nr_Torque_Status_ValuePrecision,7977,Variable
FoamCuttingMachineType_ProcessMonitoring_ConveyorProcessMonitoring_Conveyor_Nr_Drives_Name___Nr_Torque_UpperTolerance_Definition,7978,Variable
FoamCuttingMachineType_ProcessMonitoring_ConveyorProcessMonitoring_Conveyor_Nr_Drives_Name___Nr_Torque_UpperTolerance_EngineeringUnits,7979,Variable
FoamCuttingMachineType_ProcessMonitoring_ConveyorProcessMonitoring_Conveyor_Nr_Drives_Name___Nr_Torque_UpperTolerance_InstrumentRange,7980,Variable
FoamCuttingMachineType_ProcessMonitoring_ConveyorProcessMonitoring_Conveyor_Nr_Drives_Name___Nr_Torque_UpperTolerance_ValuePrecision,7981,Variable
FoamCuttingMachineType_ProcessMonitoring_ConveyorProcessMonitoring_Conveyor_Nr_Drives_Name___Nr_Torque_UpperTolerance2_Definition,7982,Variable
FoamCuttingMachineType_ProcessMonitoring_ConveyorProcessMonitoring_Conveyor_Nr_Drives_Name___Nr_Torque_UpperTolerance2_EngineeringUnits,7983,Variable
FoamCuttingMachineType_ProcessMonitoring_ConveyorProcessMonitoring_Conveyor_Nr_Drives_Name___Nr_Torque_UpperTolerance2_InstrumentRange,7984,Variable
FoamCuttingMachineType_ProcessMonitoring_ConveyorProcessMonitoring_Conveyor_Nr_Drives_Name___Nr_Torque_UpperTolerance2_ValuePrecision,7985,Variable
