UserLoginType,1003,ObjectType
BinsType,1004,ObjectType
DryerType,1005,ObjectType
MaintenanceAlarmType,1006,ObjectType
DesiccantBedsType,1007,ObjectType
DesiccantBedType,1008,ObjectType
GDDMaintenanceType,1009,ObjectType
OperationType,1011,ObjectType
MaintenanceInformationType,1012,ObjectType
BinType,1015,ObjectType
GranulateDryingDeviceType,1016,ObjectType
FunctionStatusEnumeration,3004,DataType
MainFailureBehaviourEnumeration,3005,DataType
AirSourceEnumeration,3007,DataType
AirFlowModeEnumeration,3011,DataType
DryingLevelEnumeration,3014,DataType
DryingModeEnumeration,3017,DataType
UserLoginType_ActualUser,5001,Object
GDDMaintenanceType_MaintenanceInstructions,5002,Object
MaintenanceInformationType_Maintenance_Nr,5003,Object
MaintenanceInformationType_Maintenance_Nr_MaintenanceInstructions,5004,Object
BinType_Temperature,5005,Object
BinType_AirFlow,5006,Object
BinType_DryAirTemperature,5007,Object
BinType_AmbientAirTemperature,5008,Object
BinType_TopTemperature,5009,Object
BinsType_Bin_Nr,5010,Object
BinsType_Bin_Nr_AmbientAirTemperature,5011,Object
BinsType_Bin_Nr_DryAirTemperature,5012,Object
BinsType_Bin_Nr_Temperature,5013,Object
BinsType_Bin_Nr_TopTemperature,5014,Object
BinsType_Bin_Nr_AirFlow,5015,Object
DesiccantBedType_DewPoint,5016,Object
DesiccantBedType_AirFlow,5017,Object
DesiccantBedType_TemperatureOfDesiccantBed,5018,Object
DesiccantBedType_TemperatureDesiccantBedOut,5019,Object
DesiccantBedType_TemperatureBackToDesiccantBed,5020,Object
DesiccantBedType_TotalEnergy,5021,Object
DesiccantBedType_AirFlow_ClosedLoopControl,5022,Object
DesiccantBedType_TemperatureOfDesiccantBed_ClosedLoopControl,5023,Object
DryerType_DesiccantBeds,5024,Object
DryerType_Bins,5025,Object
DryerType_Bins_Bin_Nr,5026,Object
DryerType_Bins_Bin_Nr_AmbientAirTemperature,5027,Object
DryerType_Bins_Bin_Nr_DryAirTemperature,5028,Object
DryerType_Bins_Bin_Nr_Temperature,5029,Object
DryerType_Bins_Bin_Nr_TopTemperature,5030,Object
DryerType_DesiccantBeds_DesiccantBed_Nr,5031,Object
DesiccantBedsType_DesiccantBed_Nr_AirFlow,5032,Object
DesiccantBedsType_DesiccantBed_Nr_DewPoint,5033,Object
DesiccantBedsType_DesiccantBed_Nr_TemperatureBackToDesiccantBed,5034,Object
DesiccantBedsType_DesiccantBed_Nr_TemperatureDesiccantBedOut,5035,Object
DesiccantBedsType_DesiccantBed_Nr_TemperatureOfDesiccantBed,5036,Object
DesiccantBedsType_DesiccantBed_Nr_TotalEnergy,5037,Object
DesiccantBedsType_DesiccantBed_Nr_AirFlow_ClosedLoopControl,5038,Object
DryerType_Bins_Bin_Nr_AirFlow,5039,Object
OperationType_TotalEnergy,5040,Object
OperationType_MaintenanceInformation,5041,Object
OperationType_MaintenanceInformation_Maintenance_Nr,5042,Object
OperationType_MaintenanceInformation_Maintenance_Nr_MaintenanceInstructions,5043,Object
GranulateDryingDeviceType_MachineConfiguration,5044,Object
GranulateDryingDeviceType_UserLogin,5045,Object
GranulateDryingDeviceType_UserLogin_ActualUser,5046,Object
GranulateDryingDeviceType_Operation,5047,Object
GranulateDryingDeviceType_Dryer,5048,Object
GranulateDryingDeviceType_Dryer_Bins,5049,Object
DryerType_Bins_Bin_Nr_TotalEnergy,5050,Object
DryerType_DesiccantBeds_DesiccantBed_Nr_AirFlow,5051,Object
DryerType_DesiccantBeds_DesiccantBed_Nr_DewPoint,5052,Object
DryerType_DesiccantBeds_DesiccantBed_Nr_TemperatureBackToDesiccantBed,5053,Object
DryerType_DesiccantBeds_DesiccantBed_Nr_TemperatureDesiccantBedOut,5054,Object
DesiccantBedsType_DesiccantBed_Nr_TemperatureOfDesiccantBed_ClosedLoopControl,5055,Object
DryerType_DesiccantBeds_DesiccantBed_Nr_TemperatureOfDesiccantBed,5056,Object
DryerType_DesiccantBeds_DesiccantBed_Nr_TotalEnergy,5057,Object
DryerType_DesiccantBeds_DesiccantBed_Nr_AirFlow_ClosedLoopControl,5058,Object
DryerType_DesiccantBeds_DesiccantBed_Nr_TemperatureOfDesiccantBed_ClosedLoopControl,5059,Object
GranulateDryingDeviceType_Dryer_DesiccantBeds,5060,Object
GranulateDryingDeviceType_Dryer_DesiccantBeds_DesiccantBed_Nr,5061,Object
GranulateDryingDeviceType_Dryer_Bins_Bin_Nr,5062,Object
GranulateDryingDeviceType_Dryer_Bins_Bin_Nr_Temperature,5063,Object
GranulateDryingDeviceType_Dryer_Bins_Bin_Nr_AirFlow,5064,Object
GranulateDryingDeviceType_Operation_MaintenanceInformation,5065,Object
GranulateDryingDeviceType_Operation_MaintenanceInformation_Maintenance_Nr,5066,Object
GranulateDryingDeviceType_Operation_TotalEnergy,5067,Object
GranulateDryingDeviceType_Operation_MaintenanceInformation_Maintenance_Nr_MaintenanceInstructions,5068,Object
GranulateDryingDeviceType_MachineryBuildingBlocks,5069,Object
GranulateDryingDeviceType_Identification,5070,Object
GranulateDryingDeviceType_MachineryBuildingBlocks_MachineryItemState,5071,Object
GranulateDryingDeviceType_MachineryBuildingBlocks_MachineryOperationMode,5072,Object
Server_Namespaces_http___opcfoundation_org_UA_PlasticsRubber_GDD_,5073,Object
BinType_TotalEnergy,5074,Object
BinsType_Bin_Nr_TotalEnergy,5075,Object
GranulateDryingDeviceType_Dryer_Bins_Bin_Nr_AmbientAirTemperature,5076,Object
GranulateDryingDeviceType_Dryer_Bins_Bin_Nr_DryAirTemperature,5077,Object
DesiccantBedsType_DesiccantBed_Nr,5078,Object
GranulateDryingDeviceType_Dryer_Bins_Bin_Nr_TopTemperature,5079,Object
GranulateDryingDeviceType_Dryer_Bins_Bin_Nr_TotalEnergy,5080,Object
GranulateDryingDeviceType_Dryer_DesiccantBeds_DesiccantBed_Nr_AirFlow,5081,Object
GranulateDryingDeviceType_Dryer_DesiccantBeds_DesiccantBed_Nr_DewPoint,5082,Object
GranulateDryingDeviceType_Dryer_DesiccantBeds_DesiccantBed_Nr_TemperatureBackToDesiccantBed,5083,Object
GranulateDryingDeviceType_Dryer_DesiccantBeds_DesiccantBed_Nr_TemperatureDesiccantBedOut,5084,Object
GranulateDryingDeviceType_Dryer_DesiccantBeds_DesiccantBed_Nr_TemperatureOfDesiccantBed,5085,Object
GranulateDryingDeviceType_Dryer_DesiccantBeds_DesiccantBed_Nr_TotalEnergy,5086,Object
GranulateDryingDeviceType_Dryer_DesiccantBeds_DesiccantBed_Nr_AirFlow_ClosedLoopControl,5087,Object
GranulateDryingDeviceType_Dryer_DesiccantBeds_DesiccantBed_Nr_TemperatureOfDesiccantBed_ClosedLoopControl,5088,Object
BinType_ConeTemperature,5089,Object
BinType_CylinderTemperature,5090,Object
GranulateDryingDeviceType_Dryer_Bins_Bin_Nr_ConeTemperature,5091,Object
GranulateDryingDeviceType_Dryer_Bins_Bin_Nr_CylinderTemperature,5092,Object
UserLoginType_ActualUser_Id,6001,Variable
UserLoginType_ActualUser_IsPresent,6002,Variable
UserLoginType_ActualUser_Name,6003,Variable
UserLoginType_ActualUser_CardUid,6004,Variable
UserLoginType_ActualUser_Language,6005,Variable
UserLoginType_ActualUser_UserLevel,6006,Variable
UserLoginType_ActualUser_UserRole,6007,Variable
UserLoginType_LoginMachineUser_InputArguments,6008,Variable
MaintenanceAlarmType_Status,6009,Variable
MaintenanceAlarmType_RemainingInterval,6010,Variable
MaintenanceAlarmType_RemainingInterval_EngineeringUnits,6011,Variable
MaintenanceAlarmType_Id,6012,Variable
MaintenanceAlarmType_RemainingInterval_Definition,6013,Variable
MaintenanceAlarmType_RemainingInterval_EURange,6014,Variable
MaintenanceAlarmType_RemainingInterval_InstrumentRange,6015,Variable
MaintenanceAlarmType_RemainingInterval_ValuePrecision,6016,Variable
GDDMaintenanceType_Id,6017,Variable
GDDMaintenanceType_GDDMaintenanceReset_InputArguments,6018,Variable
GDDMaintenanceType_MaintenanceInstructions_Close_InputArguments,6019,Variable
GDDMaintenanceType_MaintenanceInstructions_GetPosition_InputArguments,6020,Variable
GDDMaintenanceType_MaintenanceInstructions_GetPosition_OutputArguments,6021,Variable
GDDMaintenanceType_MaintenanceInstructions_Open_InputArguments,6022,Variable
GDDMaintenanceType_MaintenanceInstructions_Open_OutputArguments,6023,Variable
GDDMaintenanceType_MaintenanceInstructions_OpenCount,6024,Variable
GDDMaintenanceType_MaintenanceInstructions_Read_InputArguments,6025,Variable
GDDMaintenanceType_MaintenanceInstructions_Read_OutputArguments,6026,Variable
GDDMaintenanceType_MaintenanceInstructions_SetPosition_InputArguments,6027,Variable
GDDMaintenanceType_MaintenanceInstructions_Size,6028,Variable
GDDMaintenanceType_MaintenanceInstructions_UserWritable,6029,Variable
GDDMaintenanceType_MaintenanceInstructions_Writable,6030,Variable
GDDMaintenanceType_MaintenanceInstructions_Write_InputArguments,6031,Variable
GDDMaintenanceType_MaintenanceInstructions_LastModifiedTime,6032,Variable
GDDMaintenanceType_MaintenanceInstructions_MaxByteStringLength,6033,Variable
GDDMaintenanceType_MaintenanceInstructions_MimeType,6034,Variable
MaintenanceInformationType_NodeVersion,6035,Variable
MaintenanceInformationType_Maintenance_Nr_GDDMaintenanceReset_InputArguments,6036,Variable
MaintenanceInformationType_Maintenance_Nr_Id,6037,Variable
MaintenanceInformationType_Maintenance_Nr_Status,6038,Variable
MaintenanceInformationType_Maintenance_Nr_AdditionalInformation,6039,Variable
MaintenanceInformationType_Maintenance_Nr_Interval,6040,Variable
MaintenanceInformationType_Maintenance_Nr_Interval_EURange,6041,Variable
MaintenanceInformationType_Maintenance_Nr_MaintenanceInstructions_Close_InputArguments,6042,Variable
MaintenanceInformationType_Maintenance_Nr_MaintenanceInstructions_GetPosition_InputArguments,6043,Variable
MaintenanceInformationType_Maintenance_Nr_MaintenanceInstructions_GetPosition_OutputArguments,6044,Variable
MaintenanceInformationType_Maintenance_Nr_MaintenanceInstructions_Open_InputArguments,6045,Variable
MaintenanceInformationType_Maintenance_Nr_MaintenanceInstructions_Open_OutputArguments,6046,Variable
MaintenanceInformationType_Maintenance_Nr_MaintenanceInstructions_OpenCount,6047,Variable
MaintenanceInformationType_Maintenance_Nr_MaintenanceInstructions_Read_InputArguments,6048,Variable
MaintenanceInformationType_Maintenance_Nr_MaintenanceInstructions_Read_OutputArguments,6049,Variable
MaintenanceInformationType_Maintenance_Nr_MaintenanceInstructions_SetPosition_InputArguments,6050,Variable
MaintenanceInformationType_Maintenance_Nr_MaintenanceInstructions_Size,6051,Variable
MaintenanceInformationType_Maintenance_Nr_MaintenanceInstructions_UserWritable,6052,Variable
MaintenanceInformationType_Maintenance_Nr_MaintenanceInstructions_Writable,6053,Variable
MaintenanceInformationType_Maintenance_Nr_MaintenanceInstructions_Write_InputArguments,6054,Variable
MaintenanceInformationType_Maintenance_Nr_RemainingInterval,6055,Variable
MaintenanceInformationType_Maintenance_Nr_RemainingInterval_EURange,6056,Variable
MaintenanceInformationType_Maintenance_Nr_TotalOperation,6057,Variable
MaintenanceInformationType_Maintenance_Nr_TotalOperation_EURange,6058,Variable
MaintenanceInformationType_Maintenance_Nr_Interval_Definition,6059,Variable
MaintenanceInformationType_Maintenance_Nr_Interval_EngineeringUnits,6060,Variable
MaintenanceInformationType_Maintenance_Nr_Interval_InstrumentRange,6061,Variable
MaintenanceInformationType_Maintenance_Nr_Interval_ValuePrecision,6062,Variable
MaintenanceInformationType_Maintenance_Nr_MaintenanceInstructions_LastModifiedTime,6063,Variable
MaintenanceInformationType_Maintenance_Nr_MaintenanceInstructions_MaxByteStringLength,6064,Variable
MaintenanceInformationType_Maintenance_Nr_MaintenanceInstructions_MimeType,6065,Variable
MaintenanceInformationType_Maintenance_Nr_RemainingInterval_Definition,6066,Variable
MaintenanceInformationType_Maintenance_Nr_RemainingInterval_EngineeringUnits,6067,Variable
MaintenanceInformationType_Maintenance_Nr_RemainingInterval_InstrumentRange,6068,Variable
MaintenanceInformationType_Maintenance_Nr_RemainingInterval_ValuePrecision,6069,Variable
MaintenanceInformationType_Maintenance_Nr_TotalOperation_Definition,6070,Variable
MaintenanceInformationType_Maintenance_Nr_TotalOperation_EngineeringUnits,6071,Variable
MaintenanceInformationType_Maintenance_Nr_TotalOperation_InstrumentRange,6072,Variable
MaintenanceInformationType_Maintenance_Nr_TotalOperation_ValuePrecision,6073,Variable
FunctionStatusEnumeration_EnumValues,6074,Variable
TypeDictionary_BinarySchema,6075,Variable
TypeDictionary_BinarySchema_NamespaceUri,6076,Variable
TypeDictionary_BinarySchema_Deprecated,6077,Variable
TypeDictionary_XmlSchema,6078,Variable
TypeDictionary_XmlSchema_NamespaceUri,6079,Variable
TypeDictionary_XmlSchema_Deprecated,6080,Variable
AirSourceEnumeration_EnumValues,6081,Variable
AirFlowModeEnumeration_EnumValues,6082,Variable
DryingLevelEnumeration_EnumValues,6083,Variable
DryingModeEnumeration_EnumValues,6084,Variable
BinType_MaterialIdentification,6085,Variable
BinType_BatchNumber,6086,Variable
BinType_Temperature_ActualValue,6087,Variable
BinType_Temperature_ActualValue_EURange,6088,Variable
BinType_MaterialDryingTime,6089,Variable
BinType_RemainingMaterialDryingTime,6090,Variable
BinType_ExpiredDryingTime,6091,Variable
BinType_TemperatureReduction,6092,Variable
BinType_TemperatureReduction_EngineeringUnits,6093,Variable
BinType_TemperatureReduction_EURange,6094,Variable
BinType_DryingProtectionStatus,6095,Variable
BinType_MaterialAvailableDryer,6096,Variable
BinType_MaterialAvailableMachine,6097,Variable
BinType_MaterialFeederDryerStatus,6098,Variable
BinType_MaterialFeederMachineStatus,6099,Variable
BinType_TemperatureControllerStatus,6100,Variable
BinType_DustRemovalPulses,6101,Variable
BinType_DryingMode,6102,Variable
BinType_DryingLevel,6103,Variable
BinType_AirFlowMode,6104,Variable
BinType_IntervalTimeOn,6105,Variable
BinType_IntervalTimeOff,6106,Variable
BinType_InitialFillingActive,6107,Variable
BinType_ResetDryingTimeResponseStatus,6108,Variable
BinType_AirSource,6109,Variable
BinType_AirFlow_ActualValue,6110,Variable
BinType_AirFlow_ActualValue_EURange,6111,Variable
BinType_TotalAirConsumption,6112,Variable
BinType_TotalAirConsumption_EngineeringUnits,6113,Variable
BinType_DewPoint,6114,Variable
BinType_DewPoint_EngineeringUnits,6115,Variable
BinType_DryingProtectionAirVolumeFlowMode,6116,Variable
BinType_DryAirTemperature_ActualValue,6117,Variable
BinType_DryAirTemperature_ActualValue_EURange,6118,Variable
BinType_AmbientAirTemperature_ActualValue,6119,Variable
BinType_AmbientAirTemperature_ActualValue_EURange,6120,Variable
BinType_TopTemperature_ActualValue,6121,Variable
BinType_TopTemperature_ActualValue_EURange,6122,Variable
BinType_LooseningAid,6123,Variable
BinType_AirFlow_ActualValue_Definition,6124,Variable
BinType_AirFlow_ActualValue_EngineeringUnits,6125,Variable
BinType_AirFlow_ActualValue_InstrumentRange,6126,Variable
BinType_AirFlow_ActualValue_ValuePrecision,6127,Variable
BinType_AirFlow_AlarmSuppression,6128,Variable
BinType_AirFlow_AlarmSuppression_EnumValues,6129,Variable
BinType_AirFlow_AlarmSuppression_ValueAsText,6130,Variable
BinType_AirFlow_AutomaticMonitoring,6131,Variable
BinType_AirFlow_LowerTolerance,6132,Variable
BinType_AirFlow_LowerTolerance_EURange,6133,Variable
BinType_AirFlow_LowerTolerance2,6134,Variable
BinType_AirFlow_LowerTolerance2_EURange,6135,Variable
BinType_AirFlow_MaxValue,6136,Variable
BinType_AirFlow_MaxValue_EURange,6137,Variable
BinType_AirFlow_MinValue,6138,Variable
BinType_AirFlow_MinValue_EURange,6139,Variable
BinType_AirFlow_MonitoringSensitivity,6140,Variable
BinType_AirFlow_MonitoringSensitivity_EnumValues,6141,Variable
BinType_AirFlow_MonitoringSensitivity_ValueAsText,6142,Variable
BinType_AirFlow_SetRampDown,6143,Variable
BinType_AirFlow_SetRampDown_EURange,6144,Variable
BinType_AirFlow_SetRampUp,6145,Variable
BinType_AirFlow_SetRampUp_EURange,6146,Variable
BinType_AirFlow_SetValue,6147,Variable
BinType_AirFlow_SetValue_EURange,6148,Variable
BinType_AirFlow_Status,6149,Variable
BinType_AirFlow_Status_EnumValues,6150,Variable
BinType_AirFlow_Status_ValueAsText,6151,Variable
BinType_AirFlow_UpperTolerance,6152,Variable
BinType_AirFlow_UpperTolerance_EURange,6153,Variable
BinType_AirFlow_UpperTolerance2,6154,Variable
BinType_AirFlow_UpperTolerance2_EURange,6155,Variable
BinType_AirFlow_AlarmSuppression_Definition,6156,Variable
BinType_AirFlow_AlarmSuppression_ValuePrecision,6157,Variable
BinType_AirFlow_LowerTolerance_Definition,6158,Variable
BinType_AirFlow_LowerTolerance_EngineeringUnits,6159,Variable
BinType_AirFlow_LowerTolerance_InstrumentRange,6160,Variable
BinType_AirFlow_LowerTolerance_ValuePrecision,6161,Variable
BinType_AirFlow_LowerTolerance2_Definition,6162,Variable
BinType_AirFlow_LowerTolerance2_EngineeringUnits,6163,Variable
BinType_AirFlow_LowerTolerance2_InstrumentRange,6164,Variable
BinType_AirFlow_LowerTolerance2_ValuePrecision,6165,Variable
BinType_AirFlow_MaxValue_Definition,6166,Variable
BinType_AirFlow_MaxValue_EngineeringUnits,6167,Variable
BinType_AirFlow_MaxValue_InstrumentRange,6168,Variable
BinType_AirFlow_MaxValue_ValuePrecision,6169,Variable
BinType_AirFlow_MinValue_Definition,6170,Variable
BinType_AirFlow_MinValue_EngineeringUnits,6171,Variable
BinType_AirFlow_MinValue_InstrumentRange,6172,Variable
BinType_AirFlow_MinValue_ValuePrecision,6173,Variable
BinType_AirFlow_MonitoringSensitivity_Definition,6174,Variable
BinType_AirFlow_MonitoringSensitivity_ValuePrecision,6175,Variable
BinType_AirFlow_SetRampDown_Definition,6176,Variable
BinType_AirFlow_SetRampDown_EngineeringUnits,6177,Variable
BinType_AirFlow_SetRampDown_InstrumentRange,6178,Variable
BinType_AirFlow_SetRampDown_ValuePrecision,6179,Variable
BinType_AirFlow_SetRampUp_Definition,6180,Variable
BinType_AirFlow_SetRampUp_EngineeringUnits,6181,Variable
BinType_AirFlow_SetRampUp_InstrumentRange,6182,Variable
BinType_AirFlow_SetRampUp_ValuePrecision,6183,Variable
BinType_AirFlow_SetValue_Definition,6184,Variable
BinType_AirFlow_SetValue_EngineeringUnits,6185,Variable
BinType_AirFlow_SetValue_InstrumentRange,6186,Variable
BinType_AirFlow_SetValue_ValuePrecision,6187,Variable
BinType_AirFlow_Status_Definition,6188,Variable
BinType_AirFlow_Status_ValuePrecision,6189,Variable
BinType_AirFlow_UpperTolerance_Definition,6190,Variable
BinType_AirFlow_UpperTolerance_EngineeringUnits,6191,Variable
BinType_AirFlow_UpperTolerance_InstrumentRange,6192,Variable
BinType_AirFlow_UpperTolerance_ValuePrecision,6193,Variable
BinType_AirFlow_UpperTolerance2_Definition,6194,Variable
BinType_AirFlow_UpperTolerance2_EngineeringUnits,6195,Variable
BinType_AirFlow_UpperTolerance2_InstrumentRange,6196,Variable
BinType_AirFlow_UpperTolerance2_ValuePrecision,6197,Variable
BinType_AmbientAirTemperature_ActualValue_Definition,6198,Variable
BinType_AmbientAirTemperature_ActualValue_EngineeringUnits,6199,Variable
BinType_AmbientAirTemperature_ActualValue_InstrumentRange,6200,Variable
BinType_AmbientAirTemperature_ActualValue_ValuePrecision,6201,Variable
BinType_AmbientAirTemperature_AlarmSuppression,6202,Variable
BinType_AmbientAirTemperature_AlarmSuppression_EnumValues,6203,Variable
BinType_AmbientAirTemperature_AlarmSuppression_ValueAsText,6204,Variable
BinType_AmbientAirTemperature_AutomaticMonitoring,6205,Variable
BinType_AmbientAirTemperature_LowerTolerance,6206,Variable
BinType_AmbientAirTemperature_LowerTolerance_EURange,6207,Variable
BinType_AmbientAirTemperature_LowerTolerance2,6208,Variable
BinType_AmbientAirTemperature_LowerTolerance2_EURange,6209,Variable
BinType_AmbientAirTemperature_MaxValue,6210,Variable
BinType_AmbientAirTemperature_MaxValue_EURange,6211,Variable
BinType_AmbientAirTemperature_MinValue,6212,Variable
BinType_AmbientAirTemperature_MinValue_EURange,6213,Variable
BinType_AmbientAirTemperature_MonitoringSensitivity,6214,Variable
BinType_AmbientAirTemperature_MonitoringSensitivity_EnumValues,6215,Variable
BinType_AmbientAirTemperature_MonitoringSensitivity_ValueAsText,6216,Variable
BinType_AmbientAirTemperature_SetRampDown,6217,Variable
BinType_AmbientAirTemperature_SetRampDown_EURange,6218,Variable
BinType_AmbientAirTemperature_SetRampUp,6219,Variable
BinType_AmbientAirTemperature_SetRampUp_EURange,6220,Variable
BinType_AmbientAirTemperature_SetValue,6221,Variable
BinType_AmbientAirTemperature_SetValue_EURange,6222,Variable
BinType_AmbientAirTemperature_Status,6223,Variable
BinType_AmbientAirTemperature_Status_EnumValues,6224,Variable
BinType_AmbientAirTemperature_Status_ValueAsText,6225,Variable
BinType_AmbientAirTemperature_UpperTolerance,6226,Variable
BinType_AmbientAirTemperature_UpperTolerance_EURange,6227,Variable
BinType_AmbientAirTemperature_UpperTolerance2,6228,Variable
BinType_AmbientAirTemperature_UpperTolerance2_EURange,6229,Variable
BinType_AmbientAirTemperature_AlarmSuppression_Definition,6230,Variable
BinType_AmbientAirTemperature_AlarmSuppression_ValuePrecision,6231,Variable
BinType_AmbientAirTemperature_LowerTolerance_Definition,6232,Variable
BinType_AmbientAirTemperature_LowerTolerance_EngineeringUnits,6233,Variable
BinType_AmbientAirTemperature_LowerTolerance_InstrumentRange,6234,Variable
BinType_AmbientAirTemperature_LowerTolerance_ValuePrecision,6235,Variable
BinType_AmbientAirTemperature_LowerTolerance2_Definition,6236,Variable
BinType_AmbientAirTemperature_LowerTolerance2_EngineeringUnits,6237,Variable
BinType_AmbientAirTemperature_LowerTolerance2_InstrumentRange,6238,Variable
BinType_AmbientAirTemperature_LowerTolerance2_ValuePrecision,6239,Variable
BinType_AmbientAirTemperature_MaxValue_Definition,6240,Variable
BinType_AmbientAirTemperature_MaxValue_EngineeringUnits,6241,Variable
BinType_AmbientAirTemperature_MaxValue_InstrumentRange,6242,Variable
BinType_AmbientAirTemperature_MaxValue_ValuePrecision,6243,Variable
BinType_AmbientAirTemperature_MinValue_Definition,6244,Variable
BinType_AmbientAirTemperature_MinValue_EngineeringUnits,6245,Variable
BinType_AmbientAirTemperature_MinValue_InstrumentRange,6246,Variable
BinType_AmbientAirTemperature_MinValue_ValuePrecision,6247,Variable
BinType_AmbientAirTemperature_MonitoringSensitivity_Definition,6248,Variable
BinType_AmbientAirTemperature_MonitoringSensitivity_ValuePrecision,6249,Variable
BinType_AmbientAirTemperature_SetRampDown_Definition,6250,Variable
BinType_AmbientAirTemperature_SetRampDown_EngineeringUnits,6251,Variable
BinType_AmbientAirTemperature_SetRampDown_InstrumentRange,6252,Variable
BinType_AmbientAirTemperature_SetRampDown_ValuePrecision,6253,Variable
BinType_AmbientAirTemperature_SetRampUp_Definition,6254,Variable
BinType_AmbientAirTemperature_SetRampUp_EngineeringUnits,6255,Variable
BinType_AmbientAirTemperature_SetRampUp_InstrumentRange,6256,Variable
BinType_AmbientAirTemperature_SetRampUp_ValuePrecision,6257,Variable
BinType_AmbientAirTemperature_SetValue_Definition,6258,Variable
BinType_AmbientAirTemperature_SetValue_EngineeringUnits,6259,Variable
BinType_AmbientAirTemperature_SetValue_InstrumentRange,6260,Variable
BinType_AmbientAirTemperature_SetValue_ValuePrecision,6261,Variable
BinType_AmbientAirTemperature_Status_Definition,6262,Variable
BinType_AmbientAirTemperature_Status_ValuePrecision,6263,Variable
BinType_AmbientAirTemperature_UpperTolerance_Definition,6264,Variable
BinType_AmbientAirTemperature_UpperTolerance_EngineeringUnits,6265,Variable
BinType_AmbientAirTemperature_UpperTolerance_InstrumentRange,6266,Variable
BinType_AmbientAirTemperature_UpperTolerance_ValuePrecision,6267,Variable
BinType_AmbientAirTemperature_UpperTolerance2_Definition,6268,Variable
BinType_AmbientAirTemperature_UpperTolerance2_EngineeringUnits,6269,Variable
BinType_AmbientAirTemperature_UpperTolerance2_InstrumentRange,6270,Variable
BinType_AmbientAirTemperature_UpperTolerance2_ValuePrecision,6271,Variable
BinType_DewPoint_Definition,6272,Variable
BinType_DewPoint_EURange,6273,Variable
BinType_DewPoint_InstrumentRange,6274,Variable
BinType_DewPoint_ValuePrecision,6275,Variable
BinType_DryAirTemperature_ActualValue_Definition,6276,Variable
BinType_DryAirTemperature_ActualValue_EngineeringUnits,6277,Variable
BinType_DryAirTemperature_ActualValue_InstrumentRange,6278,Variable
BinType_DryAirTemperature_ActualValue_ValuePrecision,6279,Variable
BinType_DryAirTemperature_AlarmSuppression,6280,Variable
BinType_DryAirTemperature_AlarmSuppression_EnumValues,6281,Variable
BinType_DryAirTemperature_AlarmSuppression_ValueAsText,6282,Variable
BinType_DryAirTemperature_AutomaticMonitoring,6283,Variable
BinType_DryAirTemperature_LowerTolerance,6284,Variable
BinType_DryAirTemperature_LowerTolerance_EURange,6285,Variable
BinType_DryAirTemperature_LowerTolerance2,6286,Variable
BinType_DryAirTemperature_LowerTolerance2_EURange,6287,Variable
BinType_DryAirTemperature_MaxValue,6288,Variable
BinType_DryAirTemperature_MaxValue_EURange,6289,Variable
BinType_DryAirTemperature_MinValue,6290,Variable
BinType_DryAirTemperature_MinValue_EURange,6291,Variable
BinType_DryAirTemperature_MonitoringSensitivity,6292,Variable
BinType_DryAirTemperature_MonitoringSensitivity_EnumValues,6293,Variable
BinType_DryAirTemperature_MonitoringSensitivity_ValueAsText,6294,Variable
BinType_DryAirTemperature_SetRampDown,6295,Variable
BinType_DryAirTemperature_SetRampDown_EURange,6296,Variable
BinType_DryAirTemperature_SetRampUp,6297,Variable
BinType_DryAirTemperature_SetRampUp_EURange,6298,Variable
BinType_DryAirTemperature_SetValue,6299,Variable
BinType_DryAirTemperature_SetValue_EURange,6300,Variable
BinType_DryAirTemperature_Status,6301,Variable
BinType_DryAirTemperature_Status_EnumValues,6302,Variable
BinType_DryAirTemperature_Status_ValueAsText,6303,Variable
BinType_DryAirTemperature_UpperTolerance,6304,Variable
BinType_DryAirTemperature_UpperTolerance_EURange,6305,Variable
BinType_DryAirTemperature_UpperTolerance2,6306,Variable
BinType_DryAirTemperature_UpperTolerance2_EURange,6307,Variable
BinType_DryAirTemperature_AlarmSuppression_Definition,6308,Variable
BinType_DryAirTemperature_AlarmSuppression_ValuePrecision,6309,Variable
BinType_DryAirTemperature_LowerTolerance_Definition,6310,Variable
BinType_DryAirTemperature_LowerTolerance_EngineeringUnits,6311,Variable
BinType_DryAirTemperature_LowerTolerance_InstrumentRange,6312,Variable
BinType_DryAirTemperature_LowerTolerance_ValuePrecision,6313,Variable
BinType_DryAirTemperature_LowerTolerance2_Definition,6314,Variable
BinType_DryAirTemperature_LowerTolerance2_EngineeringUnits,6315,Variable
BinType_DryAirTemperature_LowerTolerance2_InstrumentRange,6316,Variable
BinType_DryAirTemperature_LowerTolerance2_ValuePrecision,6317,Variable
BinType_DryAirTemperature_MaxValue_Definition,6318,Variable
BinType_DryAirTemperature_MaxValue_EngineeringUnits,6319,Variable
BinType_DryAirTemperature_MaxValue_InstrumentRange,6320,Variable
BinType_DryAirTemperature_MaxValue_ValuePrecision,6321,Variable
BinType_DryAirTemperature_MinValue_Definition,6322,Variable
BinType_DryAirTemperature_MinValue_EngineeringUnits,6323,Variable
BinType_DryAirTemperature_MinValue_InstrumentRange,6324,Variable
BinType_DryAirTemperature_MinValue_ValuePrecision,6325,Variable
BinType_DryAirTemperature_MonitoringSensitivity_Definition,6326,Variable
BinType_DryAirTemperature_MonitoringSensitivity_ValuePrecision,6327,Variable
BinType_DryAirTemperature_SetRampDown_Definition,6328,Variable
BinType_DryAirTemperature_SetRampDown_EngineeringUnits,6329,Variable
BinType_DryAirTemperature_SetRampDown_InstrumentRange,6330,Variable
BinType_DryAirTemperature_SetRampDown_ValuePrecision,6331,Variable
BinType_DryAirTemperature_SetRampUp_Definition,6332,Variable
BinType_DryAirTemperature_SetRampUp_EngineeringUnits,6333,Variable
BinType_DryAirTemperature_SetRampUp_InstrumentRange,6334,Variable
BinType_DryAirTemperature_SetRampUp_ValuePrecision,6335,Variable
BinType_DryAirTemperature_SetValue_Definition,6336,Variable
BinType_DryAirTemperature_SetValue_EngineeringUnits,6337,Variable
BinType_DryAirTemperature_SetValue_InstrumentRange,6338,Variable
BinType_DryAirTemperature_SetValue_ValuePrecision,6339,Variable
BinType_DryAirTemperature_Status_Definition,6340,Variable
BinType_DryAirTemperature_Status_ValuePrecision,6341,Variable
BinType_DryAirTemperature_UpperTolerance_Definition,6342,Variable
BinType_DryAirTemperature_UpperTolerance_EngineeringUnits,6343,Variable
BinType_DryAirTemperature_UpperTolerance_InstrumentRange,6344,Variable
BinType_DryAirTemperature_UpperTolerance_ValuePrecision,6345,Variable
BinType_DryAirTemperature_UpperTolerance2_Definition,6346,Variable
BinType_DryAirTemperature_UpperTolerance2_EngineeringUnits,6347,Variable
BinType_DryAirTemperature_UpperTolerance2_InstrumentRange,6348,Variable
BinType_DryAirTemperature_UpperTolerance2_ValuePrecision,6349,Variable
BinType_Temperature_ActualValue_Definition,6350,Variable
BinType_Temperature_ActualValue_EngineeringUnits,6351,Variable
BinType_Temperature_ActualValue_InstrumentRange,6352,Variable
BinType_Temperature_ActualValue_ValuePrecision,6353,Variable
BinType_Temperature_AlarmSuppression,6354,Variable
BinType_Temperature_AlarmSuppression_EnumValues,6355,Variable
BinType_Temperature_AlarmSuppression_ValueAsText,6356,Variable
BinType_Temperature_AutomaticMonitoring,6357,Variable
BinType_Temperature_LowerTolerance,6358,Variable
BinType_Temperature_LowerTolerance_EURange,6359,Variable
BinType_Temperature_LowerTolerance2,6360,Variable
BinType_Temperature_LowerTolerance2_EURange,6361,Variable
BinType_Temperature_MaxValue,6362,Variable
BinType_Temperature_MaxValue_EURange,6363,Variable
BinType_Temperature_MinValue,6364,Variable
BinType_Temperature_MinValue_EURange,6365,Variable
BinType_Temperature_MonitoringSensitivity,6366,Variable
BinType_Temperature_MonitoringSensitivity_EnumValues,6367,Variable
BinType_Temperature_MonitoringSensitivity_ValueAsText,6368,Variable
BinType_Temperature_SetRampDown,6369,Variable
BinType_Temperature_SetRampDown_EURange,6370,Variable
BinType_Temperature_SetRampUp,6371,Variable
BinType_Temperature_SetRampUp_EURange,6372,Variable
BinType_Temperature_SetValue,6373,Variable
BinType_Temperature_SetValue_EURange,6374,Variable
BinType_Temperature_Status,6375,Variable
BinType_Temperature_Status_EnumValues,6376,Variable
BinType_Temperature_Status_ValueAsText,6377,Variable
BinType_Temperature_UpperTolerance,6378,Variable
BinType_Temperature_UpperTolerance_EURange,6379,Variable
BinType_Temperature_UpperTolerance2,6380,Variable
BinType_Temperature_UpperTolerance2_EURange,6381,Variable
BinType_Temperature_AlarmSuppression_Definition,6382,Variable
BinType_Temperature_AlarmSuppression_ValuePrecision,6383,Variable
BinType_Temperature_LowerTolerance_Definition,6384,Variable
BinType_Temperature_LowerTolerance_EngineeringUnits,6385,Variable
BinType_Temperature_LowerTolerance_InstrumentRange,6386,Variable
BinType_Temperature_LowerTolerance_ValuePrecision,6387,Variable
BinType_Temperature_LowerTolerance2_Definition,6388,Variable
BinType_Temperature_LowerTolerance2_EngineeringUnits,6389,Variable
BinType_Temperature_LowerTolerance2_InstrumentRange,6390,Variable
BinType_Temperature_LowerTolerance2_ValuePrecision,6391,Variable
BinType_Temperature_MaxValue_Definition,6392,Variable
BinType_Temperature_MaxValue_EngineeringUnits,6393,Variable
BinType_Temperature_MaxValue_InstrumentRange,6394,Variable
BinType_Temperature_MaxValue_ValuePrecision,6395,Variable
BinType_Temperature_MinValue_Definition,6396,Variable
BinType_Temperature_MinValue_EngineeringUnits,6397,Variable
BinType_Temperature_MinValue_InstrumentRange,6398,Variable
BinType_Temperature_MinValue_ValuePrecision,6399,Variable
BinType_Temperature_MonitoringSensitivity_Definition,6400,Variable
BinType_Temperature_MonitoringSensitivity_ValuePrecision,6401,Variable
BinType_Temperature_SetRampDown_Definition,6402,Variable
BinType_Temperature_SetRampDown_EngineeringUnits,6403,Variable
BinType_Temperature_SetRampDown_InstrumentRange,6404,Variable
BinType_Temperature_SetRampDown_ValuePrecision,6405,Variable
BinType_Temperature_SetRampUp_Definition,6406,Variable
BinType_Temperature_SetRampUp_EngineeringUnits,6407,Variable
BinType_Temperature_SetRampUp_InstrumentRange,6408,Variable
BinType_Temperature_SetRampUp_ValuePrecision,6409,Variable
BinType_Temperature_SetValue_Definition,6410,Variable
BinType_Temperature_SetValue_EngineeringUnits,6411,Variable
BinType_Temperature_SetValue_InstrumentRange,6412,Variable
BinType_Temperature_SetValue_ValuePrecision,6413,Variable
BinType_Temperature_Status_Definition,6414,Variable
BinType_Temperature_Status_ValuePrecision,6415,Variable
BinType_Temperature_UpperTolerance_Definition,6416,Variable
BinType_Temperature_UpperTolerance_EngineeringUnits,6417,Variable
BinType_Temperature_UpperTolerance_InstrumentRange,6418,Variable
BinType_Temperature_UpperTolerance_ValuePrecision,6419,Variable
BinType_Temperature_UpperTolerance2_Definition,6420,Variable
BinType_Temperature_UpperTolerance2_EngineeringUnits,6421,Variable
BinType_Temperature_UpperTolerance2_InstrumentRange,6422,Variable
BinType_Temperature_UpperTolerance2_ValuePrecision,6423,Variable
BinType_TemperatureReduction_Definition,6424,Variable
BinType_TemperatureReduction_InstrumentRange,6425,Variable
BinType_TemperatureReduction_ValuePrecision,6426,Variable
BinType_TopTemperature_ActualValue_Definition,6427,Variable
BinType_TopTemperature_ActualValue_EngineeringUnits,6428,Variable
BinType_TopTemperature_ActualValue_InstrumentRange,6429,Variable
BinType_TopTemperature_ActualValue_ValuePrecision,6430,Variable
BinType_TopTemperature_AlarmSuppression,6431,Variable
BinType_TopTemperature_AlarmSuppression_EnumValues,6432,Variable
BinType_TopTemperature_AlarmSuppression_ValueAsText,6433,Variable
BinType_TopTemperature_AutomaticMonitoring,6434,Variable
BinType_TopTemperature_LowerTolerance,6435,Variable
BinType_TopTemperature_LowerTolerance_EURange,6436,Variable
BinType_TopTemperature_LowerTolerance2,6437,Variable
BinType_TopTemperature_LowerTolerance2_EURange,6438,Variable
BinType_TopTemperature_MaxValue,6439,Variable
BinType_TopTemperature_MaxValue_EURange,6440,Variable
BinType_TopTemperature_MinValue,6441,Variable
BinType_TopTemperature_MinValue_EURange,6442,Variable
BinType_TopTemperature_MonitoringSensitivity,6443,Variable
BinType_TopTemperature_MonitoringSensitivity_EnumValues,6444,Variable
BinType_TopTemperature_MonitoringSensitivity_ValueAsText,6445,Variable
BinType_TopTemperature_SetRampDown,6446,Variable
BinType_TopTemperature_SetRampDown_EURange,6447,Variable
BinType_TopTemperature_SetRampUp,6448,Variable
BinType_TopTemperature_SetRampUp_EURange,6449,Variable
BinType_TopTemperature_SetValue,6450,Variable
BinType_TopTemperature_SetValue_EURange,6451,Variable
BinType_TopTemperature_Status,6452,Variable
BinType_TopTemperature_Status_EnumValues,6453,Variable
BinType_TopTemperature_Status_ValueAsText,6454,Variable
BinType_TopTemperature_UpperTolerance,6455,Variable
BinType_TopTemperature_UpperTolerance_EURange,6456,Variable
BinType_TopTemperature_UpperTolerance2,6457,Variable
BinType_TopTemperature_UpperTolerance2_EURange,6458,Variable
BinType_TopTemperature_AlarmSuppression_Definition,6459,Variable
BinType_TopTemperature_AlarmSuppression_ValuePrecision,6460,Variable
BinType_TopTemperature_LowerTolerance_Definition,6461,Variable
BinType_TopTemperature_LowerTolerance_EngineeringUnits,6462,Variable
BinType_TopTemperature_LowerTolerance_InstrumentRange,6463,Variable
BinType_TopTemperature_LowerTolerance_ValuePrecision,6464,Variable
BinType_TopTemperature_LowerTolerance2_Definition,6465,Variable
BinType_TopTemperature_LowerTolerance2_EngineeringUnits,6466,Variable
BinType_TopTemperature_LowerTolerance2_InstrumentRange,6467,Variable
BinType_TopTemperature_LowerTolerance2_ValuePrecision,6468,Variable
BinType_TopTemperature_MaxValue_Definition,6469,Variable
BinType_TopTemperature_MaxValue_EngineeringUnits,6470,Variable
BinType_TopTemperature_MaxValue_InstrumentRange,6471,Variable
BinType_TopTemperature_MaxValue_ValuePrecision,6472,Variable
BinType_TopTemperature_MinValue_Definition,6473,Variable
BinType_TopTemperature_MinValue_EngineeringUnits,6474,Variable
BinType_TopTemperature_MinValue_InstrumentRange,6475,Variable
BinType_TopTemperature_MinValue_ValuePrecision,6476,Variable
BinType_TopTemperature_MonitoringSensitivity_Definition,6477,Variable
BinType_TopTemperature_MonitoringSensitivity_ValuePrecision,6478,Variable
BinType_TopTemperature_SetRampDown_Definition,6479,Variable
BinType_TopTemperature_SetRampDown_EngineeringUnits,6480,Variable
BinType_TopTemperature_SetRampDown_InstrumentRange,6481,Variable
BinType_TopTemperature_SetRampDown_ValuePrecision,6482,Variable
BinType_TopTemperature_SetRampUp_Definition,6483,Variable
BinType_TopTemperature_SetRampUp_EngineeringUnits,6484,Variable
BinType_TopTemperature_SetRampUp_InstrumentRange,6485,Variable
BinType_TopTemperature_SetRampUp_ValuePrecision,6486,Variable
BinType_TopTemperature_SetValue_Definition,6487,Variable
BinType_TopTemperature_SetValue_EngineeringUnits,6488,Variable
BinType_TopTemperature_SetValue_InstrumentRange,6489,Variable
BinType_TopTemperature_SetValue_ValuePrecision,6490,Variable
BinType_TopTemperature_Status_Definition,6491,Variable
BinType_TopTemperature_Status_ValuePrecision,6492,Variable
BinType_TopTemperature_UpperTolerance_Definition,6493,Variable
BinType_TopTemperature_UpperTolerance_EngineeringUnits,6494,Variable
BinType_TopTemperature_UpperTolerance_InstrumentRange,6495,Variable
BinType_TopTemperature_UpperTolerance_ValuePrecision,6496,Variable
BinType_TopTemperature_UpperTolerance2_Definition,6497,Variable
BinType_TopTemperature_UpperTolerance2_EngineeringUnits,6498,Variable
BinType_TopTemperature_UpperTolerance2_InstrumentRange,6499,Variable
BinType_TopTemperature_UpperTolerance2_ValuePrecision,6500,Variable
BinType_TotalAirConsumption_Definition,6501,Variable
BinType_TotalAirConsumption_EURange,6502,Variable
BinType_TotalAirConsumption_InstrumentRange,6503,Variable
BinType_TotalAirConsumption_ValuePrecision,6504,Variable
DryerType_DesiccantBeds_DesiccantBed_Nr_AirFlow_ActualValue,6505,Variable
BinsType_Bin_Nr_AmbientAirTemperature_ActualValue,6506,Variable
BinsType_Bin_Nr_AmbientAirTemperature_ActualValue_EURange,6507,Variable
BinsType_Bin_Nr_DryAirTemperature_ActualValue,6508,Variable
BinsType_Bin_Nr_DryAirTemperature_ActualValue_EURange,6509,Variable
BinsType_Bin_Nr_Temperature_ActualValue,6510,Variable
BinsType_Bin_Nr_Temperature_ActualValue_EURange,6511,Variable
BinsType_Bin_Nr_TopTemperature_ActualValue,6512,Variable
BinsType_Bin_Nr_TopTemperature_ActualValue_EURange,6513,Variable
BinsType_Bin_Nr_AirFlow_ActualValue,6514,Variable
BinsType_Bin_Nr_AirFlow_ActualValue_EURange,6515,Variable
BinsType_Bin_Nr_AirFlowMode,6516,Variable
BinsType_Bin_Nr_AirSource,6517,Variable
BinsType_Bin_Nr_BatchNumber,6518,Variable
BinsType_Bin_Nr_DewPoint,6519,Variable
BinsType_Bin_Nr_DewPoint_EngineeringUnits,6520,Variable
BinsType_Bin_Nr_DryingLevel,6521,Variable
BinsType_Bin_Nr_DryingMode,6522,Variable
BinsType_Bin_Nr_DryingProtectionAirVolumeFlowMode,6523,Variable
BinsType_Bin_Nr_DryingProtectionStatus,6524,Variable
BinsType_Bin_Nr_DustRemovalPulses,6525,Variable
BinsType_Bin_Nr_ExpiredDryingTime,6526,Variable
BinsType_Bin_Nr_InitialFillingActive,6527,Variable
BinsType_Bin_Nr_IntervalTimeOff,6528,Variable
BinsType_Bin_Nr_IntervalTimeOn,6529,Variable
BinsType_Bin_Nr_LooseningAid,6530,Variable
BinsType_Bin_Nr_MaterialAvailableDryer,6531,Variable
BinsType_Bin_Nr_MaterialAvailableMachine,6532,Variable
BinsType_Bin_Nr_MaterialDryingTime,6533,Variable
BinsType_Bin_Nr_MaterialFeederDryerStatus,6534,Variable
BinsType_Bin_Nr_MaterialFeederMachineStatus,6535,Variable
BinsType_Bin_Nr_MaterialIdentification,6536,Variable
BinsType_Bin_Nr_RemainingMaterialDryingTime,6537,Variable
BinsType_Bin_Nr_ResetDryingTimeResponseStatus,6538,Variable
BinsType_Bin_Nr_TemperatureControllerStatus,6539,Variable
BinsType_Bin_Nr_TemperatureReduction,6540,Variable
BinsType_Bin_Nr_TemperatureReduction_EngineeringUnits,6541,Variable
BinsType_Bin_Nr_TemperatureReduction_EURange,6542,Variable
BinsType_Bin_Nr_TotalAirConsumption,6543,Variable
BinsType_Bin_Nr_TotalAirConsumption_EngineeringUnits,6544,Variable
BinsType_Bin_Nr_AirFlow_AlarmSuppression,6545,Variable
BinsType_Bin_Nr_AirFlow_AlarmSuppression_EnumValues,6546,Variable
BinsType_Bin_Nr_AirFlow_AlarmSuppression_ValueAsText,6547,Variable
BinsType_Bin_Nr_AirFlow_AutomaticMonitoring,6548,Variable
BinsType_Bin_Nr_AirFlow_LowerTolerance,6549,Variable
BinsType_Bin_Nr_AirFlow_LowerTolerance_EURange,6550,Variable
BinsType_Bin_Nr_AirFlow_LowerTolerance2,6551,Variable
BinsType_Bin_Nr_AirFlow_LowerTolerance2_EURange,6552,Variable
BinsType_Bin_Nr_AirFlow_MaxValue,6553,Variable
BinsType_Bin_Nr_AirFlow_MaxValue_EURange,6554,Variable
BinsType_Bin_Nr_AirFlow_MinValue,6555,Variable
BinsType_Bin_Nr_AirFlow_MinValue_EURange,6556,Variable
BinsType_Bin_Nr_AirFlow_MonitoringSensitivity,6557,Variable
BinsType_Bin_Nr_AirFlow_MonitoringSensitivity_EnumValues,6558,Variable
BinsType_Bin_Nr_AirFlow_MonitoringSensitivity_ValueAsText,6559,Variable
BinsType_Bin_Nr_AirFlow_SetRampDown,6560,Variable
BinsType_Bin_Nr_AirFlow_SetRampDown_EURange,6561,Variable
BinsType_Bin_Nr_AirFlow_SetRampUp,6562,Variable
BinsType_Bin_Nr_AirFlow_SetRampUp_EURange,6563,Variable
BinsType_Bin_Nr_AirFlow_SetValue,6564,Variable
BinsType_Bin_Nr_AirFlow_SetValue_EURange,6565,Variable
BinsType_Bin_Nr_AirFlow_Status,6566,Variable
BinsType_Bin_Nr_AirFlow_Status_EnumValues,6567,Variable
BinsType_Bin_Nr_AirFlow_Status_ValueAsText,6568,Variable
BinsType_Bin_Nr_AirFlow_UpperTolerance,6569,Variable
BinsType_Bin_Nr_AirFlow_UpperTolerance_EURange,6570,Variable
BinsType_Bin_Nr_AirFlow_UpperTolerance2,6571,Variable
BinsType_Bin_Nr_AirFlow_UpperTolerance2_EURange,6572,Variable
BinsType_Bin_Nr_AmbientAirTemperature_AlarmSuppression,6573,Variable
BinsType_Bin_Nr_AmbientAirTemperature_AlarmSuppression_EnumValues,6574,Variable
BinsType_Bin_Nr_AmbientAirTemperature_AlarmSuppression_ValueAsText,6575,Variable
BinsType_Bin_Nr_AmbientAirTemperature_AutomaticMonitoring,6576,Variable
BinsType_Bin_Nr_AmbientAirTemperature_LowerTolerance,6577,Variable
BinsType_Bin_Nr_AmbientAirTemperature_LowerTolerance_EURange,6578,Variable
BinsType_Bin_Nr_AmbientAirTemperature_LowerTolerance2,6579,Variable
BinsType_Bin_Nr_AmbientAirTemperature_LowerTolerance2_EURange,6580,Variable
BinsType_Bin_Nr_AmbientAirTemperature_MaxValue,6581,Variable
BinsType_Bin_Nr_AmbientAirTemperature_MaxValue_EURange,6582,Variable
BinsType_Bin_Nr_AmbientAirTemperature_MinValue,6583,Variable
BinsType_Bin_Nr_AmbientAirTemperature_MinValue_EURange,6584,Variable
BinsType_Bin_Nr_AmbientAirTemperature_MonitoringSensitivity,6585,Variable
BinsType_Bin_Nr_AmbientAirTemperature_MonitoringSensitivity_EnumValues,6586,Variable
BinsType_Bin_Nr_AmbientAirTemperature_MonitoringSensitivity_ValueAsText,6587,Variable
BinsType_Bin_Nr_AmbientAirTemperature_SetRampDown,6588,Variable
BinsType_Bin_Nr_AmbientAirTemperature_SetRampDown_EURange,6589,Variable
BinsType_Bin_Nr_AmbientAirTemperature_SetRampUp,6590,Variable
BinsType_Bin_Nr_AmbientAirTemperature_SetRampUp_EURange,6591,Variable
BinsType_Bin_Nr_AmbientAirTemperature_SetValue,6592,Variable
BinsType_Bin_Nr_AmbientAirTemperature_SetValue_EURange,6593,Variable
BinsType_Bin_Nr_AmbientAirTemperature_Status,6594,Variable
BinsType_Bin_Nr_AmbientAirTemperature_Status_EnumValues,6595,Variable
BinsType_Bin_Nr_AmbientAirTemperature_Status_ValueAsText,6596,Variable
BinsType_Bin_Nr_AmbientAirTemperature_UpperTolerance,6597,Variable
BinsType_Bin_Nr_AmbientAirTemperature_UpperTolerance_EURange,6598,Variable
BinsType_Bin_Nr_AmbientAirTemperature_UpperTolerance2,6599,Variable
BinsType_Bin_Nr_AmbientAirTemperature_UpperTolerance2_EURange,6600,Variable
BinsType_Bin_Nr_DewPoint_Definition,6601,Variable
BinsType_Bin_Nr_DewPoint_EURange,6602,Variable
BinsType_Bin_Nr_DewPoint_InstrumentRange,6603,Variable
BinsType_Bin_Nr_DewPoint_ValuePrecision,6604,Variable
BinsType_Bin_Nr_DryAirTemperature_AlarmSuppression,6605,Variable
BinsType_Bin_Nr_DryAirTemperature_AlarmSuppression_EnumValues,6606,Variable
BinsType_Bin_Nr_DryAirTemperature_AlarmSuppression_ValueAsText,6607,Variable
BinsType_Bin_Nr_DryAirTemperature_AutomaticMonitoring,6608,Variable
BinsType_Bin_Nr_DryAirTemperature_LowerTolerance,6609,Variable
BinsType_Bin_Nr_DryAirTemperature_LowerTolerance_EURange,6610,Variable
BinsType_Bin_Nr_DryAirTemperature_LowerTolerance2,6611,Variable
BinsType_Bin_Nr_DryAirTemperature_LowerTolerance2_EURange,6612,Variable
BinsType_Bin_Nr_DryAirTemperature_MaxValue,6613,Variable
BinsType_Bin_Nr_DryAirTemperature_MaxValue_EURange,6614,Variable
BinsType_Bin_Nr_DryAirTemperature_MinValue,6615,Variable
BinsType_Bin_Nr_DryAirTemperature_MinValue_EURange,6616,Variable
BinsType_Bin_Nr_DryAirTemperature_MonitoringSensitivity,6617,Variable
BinsType_Bin_Nr_DryAirTemperature_MonitoringSensitivity_EnumValues,6618,Variable
BinsType_Bin_Nr_DryAirTemperature_MonitoringSensitivity_ValueAsText,6619,Variable
BinsType_Bin_Nr_DryAirTemperature_SetRampDown,6620,Variable
BinsType_Bin_Nr_DryAirTemperature_SetRampDown_EURange,6621,Variable
BinsType_Bin_Nr_DryAirTemperature_SetRampUp,6622,Variable
BinsType_Bin_Nr_DryAirTemperature_SetRampUp_EURange,6623,Variable
BinsType_Bin_Nr_DryAirTemperature_SetValue,6624,Variable
BinsType_Bin_Nr_DryAirTemperature_SetValue_EURange,6625,Variable
BinsType_Bin_Nr_DryAirTemperature_Status,6626,Variable
BinsType_Bin_Nr_DryAirTemperature_Status_EnumValues,6627,Variable
BinsType_Bin_Nr_DryAirTemperature_Status_ValueAsText,6628,Variable
BinsType_Bin_Nr_DryAirTemperature_UpperTolerance,6629,Variable
BinsType_Bin_Nr_DryAirTemperature_UpperTolerance_EURange,6630,Variable
BinsType_Bin_Nr_DryAirTemperature_UpperTolerance2,6631,Variable
BinsType_Bin_Nr_DryAirTemperature_UpperTolerance2_EURange,6632,Variable
BinsType_Bin_Nr_Temperature_AlarmSuppression,6633,Variable
BinsType_Bin_Nr_Temperature_AlarmSuppression_EnumValues,6634,Variable
BinsType_Bin_Nr_Temperature_AlarmSuppression_ValueAsText,6635,Variable
BinsType_Bin_Nr_Temperature_AutomaticMonitoring,6636,Variable
BinsType_Bin_Nr_Temperature_LowerTolerance,6637,Variable
BinsType_Bin_Nr_Temperature_LowerTolerance_EURange,6638,Variable
BinsType_Bin_Nr_Temperature_LowerTolerance2,6639,Variable
BinsType_Bin_Nr_Temperature_LowerTolerance2_EURange,6640,Variable
BinsType_Bin_Nr_Temperature_MaxValue,6641,Variable
BinsType_Bin_Nr_Temperature_MaxValue_EURange,6642,Variable
BinsType_Bin_Nr_Temperature_MinValue,6643,Variable
BinsType_Bin_Nr_Temperature_MinValue_EURange,6644,Variable
BinsType_Bin_Nr_Temperature_MonitoringSensitivity,6645,Variable
BinsType_Bin_Nr_Temperature_MonitoringSensitivity_EnumValues,6646,Variable
BinsType_Bin_Nr_Temperature_MonitoringSensitivity_ValueAsText,6647,Variable
BinsType_Bin_Nr_Temperature_SetRampDown,6648,Variable
BinsType_Bin_Nr_Temperature_SetRampDown_EURange,6649,Variable
BinsType_Bin_Nr_Temperature_SetRampUp,6650,Variable
BinsType_Bin_Nr_Temperature_SetRampUp_EURange,6651,Variable
BinsType_Bin_Nr_Temperature_SetValue,6652,Variable
BinsType_Bin_Nr_Temperature_SetValue_EURange,6653,Variable
BinsType_Bin_Nr_Temperature_Status,6654,Variable
BinsType_Bin_Nr_Temperature_Status_EnumValues,6655,Variable
BinsType_Bin_Nr_Temperature_Status_ValueAsText,6656,Variable
BinsType_Bin_Nr_Temperature_UpperTolerance,6657,Variable
BinsType_Bin_Nr_Temperature_UpperTolerance_EURange,6658,Variable
BinsType_Bin_Nr_Temperature_UpperTolerance2,6659,Variable
BinsType_Bin_Nr_Temperature_UpperTolerance2_EURange,6660,Variable
BinsType_Bin_Nr_TemperatureReduction_Definition,6661,Variable
BinsType_Bin_Nr_TemperatureReduction_InstrumentRange,6662,Variable
BinsType_Bin_Nr_TemperatureReduction_ValuePrecision,6663,Variable
BinsType_Bin_Nr_TopTemperature_AlarmSuppression,6664,Variable
BinsType_Bin_Nr_TopTemperature_AlarmSuppression_EnumValues,6665,Variable
BinsType_Bin_Nr_TopTemperature_AlarmSuppression_ValueAsText,6666,Variable
BinsType_Bin_Nr_TopTemperature_AutomaticMonitoring,6667,Variable
BinsType_Bin_Nr_TopTemperature_LowerTolerance,6668,Variable
BinsType_Bin_Nr_TopTemperature_LowerTolerance_EURange,6669,Variable
BinsType_Bin_Nr_TopTemperature_LowerTolerance2,6670,Variable
BinsType_Bin_Nr_TopTemperature_LowerTolerance2_EURange,6671,Variable
BinsType_Bin_Nr_TopTemperature_MaxValue,6672,Variable
BinsType_Bin_Nr_TopTemperature_MaxValue_EURange,6673,Variable
BinsType_Bin_Nr_TopTemperature_MinValue,6674,Variable
BinsType_Bin_Nr_TopTemperature_MinValue_EURange,6675,Variable
BinsType_Bin_Nr_TopTemperature_MonitoringSensitivity,6676,Variable
BinsType_Bin_Nr_TopTemperature_MonitoringSensitivity_EnumValues,6677,Variable
BinsType_Bin_Nr_TopTemperature_MonitoringSensitivity_ValueAsText,6678,Variable
BinsType_Bin_Nr_TopTemperature_SetRampDown,6679,Variable
BinsType_Bin_Nr_TopTemperature_SetRampDown_EURange,6680,Variable
BinsType_Bin_Nr_TopTemperature_SetRampUp,6681,Variable
BinsType_Bin_Nr_TopTemperature_SetRampUp_EURange,6682,Variable
BinsType_Bin_Nr_TopTemperature_SetValue,6683,Variable
BinsType_Bin_Nr_TopTemperature_SetValue_EURange,6684,Variable
BinsType_Bin_Nr_TopTemperature_Status,6685,Variable
BinsType_Bin_Nr_TopTemperature_Status_EnumValues,6686,Variable
BinsType_Bin_Nr_TopTemperature_Status_ValueAsText,6687,Variable
BinsType_Bin_Nr_TopTemperature_UpperTolerance,6688,Variable
BinsType_Bin_Nr_TopTemperature_UpperTolerance_EURange,6689,Variable
BinsType_Bin_Nr_TopTemperature_UpperTolerance2,6690,Variable
BinsType_Bin_Nr_TopTemperature_UpperTolerance2_EURange,6691,Variable
BinsType_Bin_Nr_TotalAirConsumption_Definition,6692,Variable
BinsType_Bin_Nr_TotalAirConsumption_EURange,6693,Variable
BinsType_Bin_Nr_TotalAirConsumption_InstrumentRange,6694,Variable
BinsType_Bin_Nr_TotalAirConsumption_ValuePrecision,6695,Variable
BinsType_Bin_Nr_AirFlow_ActualValue_Definition,6696,Variable
BinsType_Bin_Nr_AirFlow_ActualValue_EngineeringUnits,6697,Variable
BinsType_Bin_Nr_AirFlow_ActualValue_InstrumentRange,6698,Variable
BinsType_Bin_Nr_AirFlow_ActualValue_ValuePrecision,6699,Variable
BinsType_Bin_Nr_AirFlow_AlarmSuppression_Definition,6700,Variable
BinsType_Bin_Nr_AirFlow_AlarmSuppression_ValuePrecision,6701,Variable
BinsType_Bin_Nr_AirFlow_LowerTolerance_Definition,6702,Variable
BinsType_Bin_Nr_AirFlow_LowerTolerance_EngineeringUnits,6703,Variable
BinsType_Bin_Nr_AirFlow_LowerTolerance_InstrumentRange,6704,Variable
BinsType_Bin_Nr_AirFlow_LowerTolerance_ValuePrecision,6705,Variable
BinsType_Bin_Nr_AirFlow_LowerTolerance2_Definition,6706,Variable
BinsType_Bin_Nr_AirFlow_LowerTolerance2_EngineeringUnits,6707,Variable
BinsType_Bin_Nr_AirFlow_LowerTolerance2_InstrumentRange,6708,Variable
BinsType_Bin_Nr_AirFlow_LowerTolerance2_ValuePrecision,6709,Variable
BinsType_Bin_Nr_AirFlow_MaxValue_Definition,6710,Variable
BinsType_Bin_Nr_AirFlow_MaxValue_EngineeringUnits,6711,Variable
BinsType_Bin_Nr_AirFlow_MaxValue_InstrumentRange,6712,Variable
BinsType_Bin_Nr_AirFlow_MaxValue_ValuePrecision,6713,Variable
BinsType_Bin_Nr_AirFlow_MinValue_Definition,6714,Variable
BinsType_Bin_Nr_AirFlow_MinValue_EngineeringUnits,6715,Variable
BinsType_Bin_Nr_AirFlow_MinValue_InstrumentRange,6716,Variable
BinsType_Bin_Nr_AirFlow_MinValue_ValuePrecision,6717,Variable
BinsType_Bin_Nr_AirFlow_MonitoringSensitivity_Definition,6718,Variable
BinsType_Bin_Nr_AirFlow_MonitoringSensitivity_ValuePrecision,6719,Variable
BinsType_Bin_Nr_AirFlow_SetRampDown_Definition,6720,Variable
BinsType_Bin_Nr_AirFlow_SetRampDown_EngineeringUnits,6721,Variable
BinsType_Bin_Nr_AirFlow_SetRampDown_InstrumentRange,6722,Variable
BinsType_Bin_Nr_AirFlow_SetRampDown_ValuePrecision,6723,Variable
BinsType_Bin_Nr_AirFlow_SetRampUp_Definition,6724,Variable
BinsType_Bin_Nr_AirFlow_SetRampUp_EngineeringUnits,6725,Variable
BinsType_Bin_Nr_AirFlow_SetRampUp_InstrumentRange,6726,Variable
BinsType_Bin_Nr_AirFlow_SetRampUp_ValuePrecision,6727,Variable
BinsType_Bin_Nr_AirFlow_SetValue_Definition,6728,Variable
BinsType_Bin_Nr_AirFlow_SetValue_EngineeringUnits,6729,Variable
BinsType_Bin_Nr_AirFlow_SetValue_InstrumentRange,6730,Variable
BinsType_Bin_Nr_AirFlow_SetValue_ValuePrecision,6731,Variable
BinsType_Bin_Nr_AirFlow_Status_Definition,6732,Variable
BinsType_Bin_Nr_AirFlow_Status_ValuePrecision,6733,Variable
BinsType_Bin_Nr_AirFlow_UpperTolerance_Definition,6734,Variable
BinsType_Bin_Nr_AirFlow_UpperTolerance_EngineeringUnits,6735,Variable
BinsType_Bin_Nr_AirFlow_UpperTolerance_InstrumentRange,6736,Variable
BinsType_Bin_Nr_AirFlow_UpperTolerance_ValuePrecision,6737,Variable
BinsType_Bin_Nr_AirFlow_UpperTolerance2_Definition,6738,Variable
BinsType_Bin_Nr_AirFlow_UpperTolerance2_EngineeringUnits,6739,Variable
BinsType_Bin_Nr_AirFlow_UpperTolerance2_InstrumentRange,6740,Variable
BinsType_Bin_Nr_AirFlow_UpperTolerance2_ValuePrecision,6741,Variable
BinsType_Bin_Nr_AmbientAirTemperature_ActualValue_Definition,6742,Variable
BinsType_Bin_Nr_AmbientAirTemperature_ActualValue_EngineeringUnits,6743,Variable
BinsType_Bin_Nr_AmbientAirTemperature_ActualValue_InstrumentRange,6744,Variable
BinsType_Bin_Nr_AmbientAirTemperature_ActualValue_ValuePrecision,6745,Variable
BinsType_Bin_Nr_AmbientAirTemperature_AlarmSuppression_Definition,6746,Variable
BinsType_Bin_Nr_AmbientAirTemperature_AlarmSuppression_ValuePrecision,6747,Variable
BinsType_Bin_Nr_AmbientAirTemperature_LowerTolerance_Definition,6748,Variable
BinsType_Bin_Nr_AmbientAirTemperature_LowerTolerance_EngineeringUnits,6749,Variable
BinsType_Bin_Nr_AmbientAirTemperature_LowerTolerance_InstrumentRange,6750,Variable
BinsType_Bin_Nr_AmbientAirTemperature_LowerTolerance_ValuePrecision,6751,Variable
BinsType_Bin_Nr_AmbientAirTemperature_LowerTolerance2_Definition,6752,Variable
BinsType_Bin_Nr_AmbientAirTemperature_LowerTolerance2_EngineeringUnits,6753,Variable
BinsType_Bin_Nr_AmbientAirTemperature_LowerTolerance2_InstrumentRange,6754,Variable
BinsType_Bin_Nr_AmbientAirTemperature_LowerTolerance2_ValuePrecision,6755,Variable
BinsType_Bin_Nr_AmbientAirTemperature_MaxValue_Definition,6756,Variable
BinsType_Bin_Nr_AmbientAirTemperature_MaxValue_EngineeringUnits,6757,Variable
BinsType_Bin_Nr_AmbientAirTemperature_MaxValue_InstrumentRange,6758,Variable
BinsType_Bin_Nr_AmbientAirTemperature_MaxValue_ValuePrecision,6759,Variable
BinsType_Bin_Nr_AmbientAirTemperature_MinValue_Definition,6760,Variable
BinsType_Bin_Nr_AmbientAirTemperature_MinValue_EngineeringUnits,6761,Variable
BinsType_Bin_Nr_AmbientAirTemperature_MinValue_InstrumentRange,6762,Variable
BinsType_Bin_Nr_AmbientAirTemperature_MinValue_ValuePrecision,6763,Variable
BinsType_Bin_Nr_AmbientAirTemperature_MonitoringSensitivity_Definition,6764,Variable
BinsType_Bin_Nr_AmbientAirTemperature_MonitoringSensitivity_ValuePrecision,6765,Variable
BinsType_Bin_Nr_AmbientAirTemperature_SetRampDown_Definition,6766,Variable
BinsType_Bin_Nr_AmbientAirTemperature_SetRampDown_EngineeringUnits,6767,Variable
BinsType_Bin_Nr_AmbientAirTemperature_SetRampDown_InstrumentRange,6768,Variable
BinsType_Bin_Nr_AmbientAirTemperature_SetRampDown_ValuePrecision,6769,Variable
BinsType_Bin_Nr_AmbientAirTemperature_SetRampUp_Definition,6770,Variable
BinsType_Bin_Nr_AmbientAirTemperature_SetRampUp_EngineeringUnits,6771,Variable
BinsType_Bin_Nr_AmbientAirTemperature_SetRampUp_InstrumentRange,6772,Variable
BinsType_Bin_Nr_AmbientAirTemperature_SetRampUp_ValuePrecision,6773,Variable
BinsType_Bin_Nr_AmbientAirTemperature_SetValue_Definition,6774,Variable
BinsType_Bin_Nr_AmbientAirTemperature_SetValue_EngineeringUnits,6775,Variable
BinsType_Bin_Nr_AmbientAirTemperature_SetValue_InstrumentRange,6776,Variable
BinsType_Bin_Nr_AmbientAirTemperature_SetValue_ValuePrecision,6777,Variable
BinsType_Bin_Nr_AmbientAirTemperature_Status_Definition,6778,Variable
BinsType_Bin_Nr_AmbientAirTemperature_Status_ValuePrecision,6779,Variable
BinsType_Bin_Nr_AmbientAirTemperature_UpperTolerance_Definition,6780,Variable
BinsType_Bin_Nr_AmbientAirTemperature_UpperTolerance_EngineeringUnits,6781,Variable
BinsType_Bin_Nr_AmbientAirTemperature_UpperTolerance_InstrumentRange,6782,Variable
BinsType_Bin_Nr_AmbientAirTemperature_UpperTolerance_ValuePrecision,6783,Variable
BinsType_Bin_Nr_AmbientAirTemperature_UpperTolerance2_Definition,6784,Variable
BinsType_Bin_Nr_AmbientAirTemperature_UpperTolerance2_EngineeringUnits,6785,Variable
BinsType_Bin_Nr_AmbientAirTemperature_UpperTolerance2_InstrumentRange,6786,Variable
BinsType_Bin_Nr_AmbientAirTemperature_UpperTolerance2_ValuePrecision,6787,Variable
BinsType_Bin_Nr_DryAirTemperature_ActualValue_Definition,6788,Variable
BinsType_Bin_Nr_DryAirTemperature_ActualValue_EngineeringUnits,6789,Variable
BinsType_Bin_Nr_DryAirTemperature_ActualValue_InstrumentRange,6790,Variable
BinsType_Bin_Nr_DryAirTemperature_ActualValue_ValuePrecision,6791,Variable
BinsType_Bin_Nr_DryAirTemperature_AlarmSuppression_Definition,6792,Variable
BinsType_Bin_Nr_DryAirTemperature_AlarmSuppression_ValuePrecision,6793,Variable
BinsType_Bin_Nr_DryAirTemperature_LowerTolerance_Definition,6794,Variable
BinsType_Bin_Nr_DryAirTemperature_LowerTolerance_EngineeringUnits,6795,Variable
BinsType_Bin_Nr_DryAirTemperature_LowerTolerance_InstrumentRange,6796,Variable
BinsType_Bin_Nr_DryAirTemperature_LowerTolerance_ValuePrecision,6797,Variable
BinsType_Bin_Nr_DryAirTemperature_LowerTolerance2_Definition,6798,Variable
BinsType_Bin_Nr_DryAirTemperature_LowerTolerance2_EngineeringUnits,6799,Variable
BinsType_Bin_Nr_DryAirTemperature_LowerTolerance2_InstrumentRange,6800,Variable
BinsType_Bin_Nr_DryAirTemperature_LowerTolerance2_ValuePrecision,6801,Variable
BinsType_Bin_Nr_DryAirTemperature_MaxValue_Definition,6802,Variable
BinsType_Bin_Nr_DryAirTemperature_MaxValue_EngineeringUnits,6803,Variable
BinsType_Bin_Nr_DryAirTemperature_MaxValue_InstrumentRange,6804,Variable
BinsType_Bin_Nr_DryAirTemperature_MaxValue_ValuePrecision,6805,Variable
BinsType_Bin_Nr_DryAirTemperature_MinValue_Definition,6806,Variable
BinsType_Bin_Nr_DryAirTemperature_MinValue_EngineeringUnits,6807,Variable
BinsType_Bin_Nr_DryAirTemperature_MinValue_InstrumentRange,6808,Variable
BinsType_Bin_Nr_DryAirTemperature_MinValue_ValuePrecision,6809,Variable
BinsType_Bin_Nr_DryAirTemperature_MonitoringSensitivity_Definition,6810,Variable
BinsType_Bin_Nr_DryAirTemperature_MonitoringSensitivity_ValuePrecision,6811,Variable
BinsType_Bin_Nr_DryAirTemperature_SetRampDown_Definition,6812,Variable
BinsType_Bin_Nr_DryAirTemperature_SetRampDown_EngineeringUnits,6813,Variable
BinsType_Bin_Nr_DryAirTemperature_SetRampDown_InstrumentRange,6814,Variable
BinsType_Bin_Nr_DryAirTemperature_SetRampDown_ValuePrecision,6815,Variable
BinsType_Bin_Nr_DryAirTemperature_SetRampUp_Definition,6816,Variable
BinsType_Bin_Nr_DryAirTemperature_SetRampUp_EngineeringUnits,6817,Variable
BinsType_Bin_Nr_DryAirTemperature_SetRampUp_InstrumentRange,6818,Variable
BinsType_Bin_Nr_DryAirTemperature_SetRampUp_ValuePrecision,6819,Variable
BinsType_Bin_Nr_DryAirTemperature_SetValue_Definition,6820,Variable
BinsType_Bin_Nr_DryAirTemperature_SetValue_EngineeringUnits,6821,Variable
BinsType_Bin_Nr_DryAirTemperature_SetValue_InstrumentRange,6822,Variable
BinsType_Bin_Nr_DryAirTemperature_SetValue_ValuePrecision,6823,Variable
BinsType_Bin_Nr_DryAirTemperature_Status_Definition,6824,Variable
BinsType_Bin_Nr_DryAirTemperature_Status_ValuePrecision,6825,Variable
BinsType_Bin_Nr_DryAirTemperature_UpperTolerance_Definition,6826,Variable
BinsType_Bin_Nr_DryAirTemperature_UpperTolerance_EngineeringUnits,6827,Variable
BinsType_Bin_Nr_DryAirTemperature_UpperTolerance_InstrumentRange,6828,Variable
BinsType_Bin_Nr_DryAirTemperature_UpperTolerance_ValuePrecision,6829,Variable
BinsType_Bin_Nr_DryAirTemperature_UpperTolerance2_Definition,6830,Variable
BinsType_Bin_Nr_DryAirTemperature_UpperTolerance2_EngineeringUnits,6831,Variable
BinsType_Bin_Nr_DryAirTemperature_UpperTolerance2_InstrumentRange,6832,Variable
BinsType_Bin_Nr_DryAirTemperature_UpperTolerance2_ValuePrecision,6833,Variable
BinsType_Bin_Nr_Temperature_ActualValue_Definition,6834,Variable
BinsType_Bin_Nr_Temperature_ActualValue_EngineeringUnits,6835,Variable
BinsType_Bin_Nr_Temperature_ActualValue_InstrumentRange,6836,Variable
BinsType_Bin_Nr_Temperature_ActualValue_ValuePrecision,6837,Variable
BinsType_Bin_Nr_Temperature_AlarmSuppression_Definition,6838,Variable
BinsType_Bin_Nr_Temperature_AlarmSuppression_ValuePrecision,6839,Variable
BinsType_Bin_Nr_Temperature_LowerTolerance_Definition,6840,Variable
BinsType_Bin_Nr_Temperature_LowerTolerance_EngineeringUnits,6841,Variable
BinsType_Bin_Nr_Temperature_LowerTolerance_InstrumentRange,6842,Variable
BinsType_Bin_Nr_Temperature_LowerTolerance_ValuePrecision,6843,Variable
BinsType_Bin_Nr_Temperature_LowerTolerance2_Definition,6844,Variable
BinsType_Bin_Nr_Temperature_LowerTolerance2_EngineeringUnits,6845,Variable
BinsType_Bin_Nr_Temperature_LowerTolerance2_InstrumentRange,6846,Variable
BinsType_Bin_Nr_Temperature_LowerTolerance2_ValuePrecision,6847,Variable
BinsType_Bin_Nr_Temperature_MaxValue_Definition,6848,Variable
BinsType_Bin_Nr_Temperature_MaxValue_EngineeringUnits,6849,Variable
BinsType_Bin_Nr_Temperature_MaxValue_InstrumentRange,6850,Variable
BinsType_Bin_Nr_Temperature_MaxValue_ValuePrecision,6851,Variable
BinsType_Bin_Nr_Temperature_MinValue_Definition,6852,Variable
BinsType_Bin_Nr_Temperature_MinValue_EngineeringUnits,6853,Variable
BinsType_Bin_Nr_Temperature_MinValue_InstrumentRange,6854,Variable
BinsType_Bin_Nr_Temperature_MinValue_ValuePrecision,6855,Variable
BinsType_Bin_Nr_Temperature_MonitoringSensitivity_Definition,6856,Variable
BinsType_Bin_Nr_Temperature_MonitoringSensitivity_ValuePrecision,6857,Variable
BinsType_Bin_Nr_Temperature_SetRampDown_Definition,6858,Variable
BinsType_Bin_Nr_Temperature_SetRampDown_EngineeringUnits,6859,Variable
BinsType_Bin_Nr_Temperature_SetRampDown_InstrumentRange,6860,Variable
BinsType_Bin_Nr_Temperature_SetRampDown_ValuePrecision,6861,Variable
BinsType_Bin_Nr_Temperature_SetRampUp_Definition,6862,Variable
BinsType_Bin_Nr_Temperature_SetRampUp_EngineeringUnits,6863,Variable
BinsType_Bin_Nr_Temperature_SetRampUp_InstrumentRange,6864,Variable
BinsType_Bin_Nr_Temperature_SetRampUp_ValuePrecision,6865,Variable
BinsType_Bin_Nr_Temperature_SetValue_Definition,6866,Variable
BinsType_Bin_Nr_Temperature_SetValue_EngineeringUnits,6867,Variable
BinsType_Bin_Nr_Temperature_SetValue_InstrumentRange,6868,Variable
BinsType_Bin_Nr_Temperature_SetValue_ValuePrecision,6869,Variable
BinsType_Bin_Nr_Temperature_Status_Definition,6870,Variable
BinsType_Bin_Nr_Temperature_Status_ValuePrecision,6871,Variable
BinsType_Bin_Nr_Temperature_UpperTolerance_Definition,6872,Variable
BinsType_Bin_Nr_Temperature_UpperTolerance_EngineeringUnits,6873,Variable
BinsType_Bin_Nr_Temperature_UpperTolerance_InstrumentRange,6874,Variable
BinsType_Bin_Nr_Temperature_UpperTolerance_ValuePrecision,6875,Variable
BinsType_Bin_Nr_Temperature_UpperTolerance2_Definition,6876,Variable
BinsType_Bin_Nr_Temperature_UpperTolerance2_EngineeringUnits,6877,Variable
BinsType_Bin_Nr_Temperature_UpperTolerance2_InstrumentRange,6878,Variable
BinsType_Bin_Nr_Temperature_UpperTolerance2_ValuePrecision,6879,Variable
BinsType_Bin_Nr_TopTemperature_ActualValue_Definition,6880,Variable
BinsType_Bin_Nr_TopTemperature_ActualValue_EngineeringUnits,6881,Variable
BinsType_Bin_Nr_TopTemperature_ActualValue_InstrumentRange,6882,Variable
BinsType_Bin_Nr_TopTemperature_ActualValue_ValuePrecision,6883,Variable
BinsType_Bin_Nr_TopTemperature_AlarmSuppression_Definition,6884,Variable
BinsType_Bin_Nr_TopTemperature_AlarmSuppression_ValuePrecision,6885,Variable
BinsType_Bin_Nr_TopTemperature_LowerTolerance_Definition,6886,Variable
BinsType_Bin_Nr_TopTemperature_LowerTolerance_EngineeringUnits,6887,Variable
BinsType_Bin_Nr_TopTemperature_LowerTolerance_InstrumentRange,6888,Variable
BinsType_Bin_Nr_TopTemperature_LowerTolerance_ValuePrecision,6889,Variable
BinsType_Bin_Nr_TopTemperature_LowerTolerance2_Definition,6890,Variable
BinsType_Bin_Nr_TopTemperature_LowerTolerance2_EngineeringUnits,6891,Variable
BinsType_Bin_Nr_TopTemperature_LowerTolerance2_InstrumentRange,6892,Variable
BinsType_Bin_Nr_TopTemperature_LowerTolerance2_ValuePrecision,6893,Variable
BinsType_Bin_Nr_TopTemperature_MaxValue_Definition,6894,Variable
BinsType_Bin_Nr_TopTemperature_MaxValue_EngineeringUnits,6895,Variable
BinsType_Bin_Nr_TopTemperature_MaxValue_InstrumentRange,6896,Variable
BinsType_Bin_Nr_TopTemperature_MaxValue_ValuePrecision,6897,Variable
BinsType_Bin_Nr_TopTemperature_MinValue_Definition,6898,Variable
BinsType_Bin_Nr_TopTemperature_MinValue_EngineeringUnits,6899,Variable
BinsType_Bin_Nr_TopTemperature_MinValue_InstrumentRange,6900,Variable
BinsType_Bin_Nr_TopTemperature_MinValue_ValuePrecision,6901,Variable
BinsType_Bin_Nr_TopTemperature_MonitoringSensitivity_Definition,6902,Variable
BinsType_Bin_Nr_TopTemperature_MonitoringSensitivity_ValuePrecision,6903,Variable
BinsType_Bin_Nr_TopTemperature_SetRampDown_Definition,6904,Variable
BinsType_Bin_Nr_TopTemperature_SetRampDown_EngineeringUnits,6905,Variable
BinsType_Bin_Nr_TopTemperature_SetRampDown_InstrumentRange,6906,Variable
BinsType_Bin_Nr_TopTemperature_SetRampDown_ValuePrecision,6907,Variable
BinsType_Bin_Nr_TopTemperature_SetRampUp_Definition,6908,Variable
BinsType_Bin_Nr_TopTemperature_SetRampUp_EngineeringUnits,6909,Variable
BinsType_Bin_Nr_TopTemperature_SetRampUp_InstrumentRange,6910,Variable
BinsType_Bin_Nr_TopTemperature_SetRampUp_ValuePrecision,6911,Variable
BinsType_Bin_Nr_TopTemperature_SetValue_Definition,6912,Variable
BinsType_Bin_Nr_TopTemperature_SetValue_EngineeringUnits,6913,Variable
BinsType_Bin_Nr_TopTemperature_SetValue_InstrumentRange,6914,Variable
BinsType_Bin_Nr_TopTemperature_SetValue_ValuePrecision,6915,Variable
BinsType_Bin_Nr_TopTemperature_Status_Definition,6916,Variable
BinsType_Bin_Nr_TopTemperature_Status_ValuePrecision,6917,Variable
BinsType_Bin_Nr_TopTemperature_UpperTolerance_Definition,6918,Variable
BinsType_Bin_Nr_TopTemperature_UpperTolerance_EngineeringUnits,6919,Variable
BinsType_Bin_Nr_TopTemperature_UpperTolerance_InstrumentRange,6920,Variable
BinsType_Bin_Nr_TopTemperature_UpperTolerance_ValuePrecision,6921,Variable
BinsType_Bin_Nr_TopTemperature_UpperTolerance2_Definition,6922,Variable
BinsType_Bin_Nr_TopTemperature_UpperTolerance2_EngineeringUnits,6923,Variable
BinsType_Bin_Nr_TopTemperature_UpperTolerance2_InstrumentRange,6924,Variable
BinsType_Bin_Nr_TopTemperature_UpperTolerance2_ValuePrecision,6925,Variable
DesiccantBedType_DewPoint_ActualValue,6926,Variable
DesiccantBedType_DewPoint_ActualValue_EURange,6927,Variable
DesiccantBedType_AirFlow_ActualValue,6928,Variable
DesiccantBedType_AirFlow_ActualValue_EURange,6929,Variable
DesiccantBedType_TemperatureOfDesiccantBed_ActualValue,6930,Variable
DesiccantBedType_TemperatureOfDesiccantBed_ActualValue_EURange,6931,Variable
DesiccantBedType_TemperatureDesiccantBedOut_ActualValue,6932,Variable
DesiccantBedType_TemperatureDesiccantBedOut_ActualValue_EURange,6933,Variable
DesiccantBedType_TemperatureBackToDesiccantBed_ActualValue,6934,Variable
DesiccantBedType_TemperatureBackToDesiccantBed_ActualValue_EURange,6935,Variable
DesiccantBedType_EnergyConsumptionResettable,6936,Variable
DesiccantBedType_EnergyConsumptionResettable_EngineeringUnits,6937,Variable
DesiccantBedType_DesiccantBedControllerStatus,6938,Variable
DesiccantBedType_AirFlow_ActualValue_Definition,6939,Variable
DesiccantBedType_AirFlow_ActualValue_EngineeringUnits,6940,Variable
DesiccantBedType_AirFlow_ActualValue_InstrumentRange,6941,Variable
DesiccantBedType_AirFlow_ActualValue_ValuePrecision,6942,Variable
DesiccantBedType_AirFlow_AlarmSuppression,6943,Variable
DesiccantBedType_AirFlow_AlarmSuppression_EnumValues,6944,Variable
DesiccantBedType_AirFlow_AlarmSuppression_ValueAsText,6945,Variable
DesiccantBedType_AirFlow_AutomaticMonitoring,6946,Variable
DesiccantBedType_AirFlow_LowerTolerance,6947,Variable
DesiccantBedType_AirFlow_LowerTolerance_EURange,6948,Variable
DesiccantBedType_AirFlow_LowerTolerance2,6949,Variable
DesiccantBedType_AirFlow_LowerTolerance2_EURange,6950,Variable
DesiccantBedType_AirFlow_MaxValue,6951,Variable
DesiccantBedType_AirFlow_MaxValue_EURange,6952,Variable
DesiccantBedType_AirFlow_MinValue,6953,Variable
DesiccantBedType_AirFlow_MinValue_EURange,6954,Variable
DesiccantBedType_AirFlow_MonitoringSensitivity,6955,Variable
DesiccantBedType_AirFlow_MonitoringSensitivity_EnumValues,6956,Variable
DesiccantBedType_AirFlow_MonitoringSensitivity_ValueAsText,6957,Variable
DesiccantBedType_AirFlow_SetRampDown,6958,Variable
DesiccantBedType_AirFlow_SetRampDown_EURange,6959,Variable
DesiccantBedType_AirFlow_SetRampUp,6960,Variable
DesiccantBedType_AirFlow_SetRampUp_EURange,6961,Variable
DesiccantBedType_AirFlow_SetValue,6962,Variable
DesiccantBedType_AirFlow_SetValue_EURange,6963,Variable
DesiccantBedType_AirFlow_Status,6964,Variable
DesiccantBedType_AirFlow_Status_EnumValues,6965,Variable
DesiccantBedType_AirFlow_Status_ValueAsText,6966,Variable
DesiccantBedType_AirFlow_UpperTolerance,6967,Variable
DesiccantBedType_AirFlow_UpperTolerance_EURange,6968,Variable
DesiccantBedType_AirFlow_UpperTolerance2,6969,Variable
DesiccantBedType_AirFlow_UpperTolerance2_EURange,6970,Variable
DesiccantBedType_AirFlow_AlarmSuppression_Definition,6971,Variable
DesiccantBedType_AirFlow_AlarmSuppression_ValuePrecision,6972,Variable
DesiccantBedType_AirFlow_ClosedLoopControl_AutoTuningActive,6973,Variable
DesiccantBedType_AirFlow_ClosedLoopControl_AutomaticControllerMode,6974,Variable
DesiccantBedType_AirFlow_ClosedLoopControl_PIDParameters,6975,Variable
DesiccantBedType_AirFlow_LowerTolerance_Definition,6976,Variable
DesiccantBedType_AirFlow_LowerTolerance_EngineeringUnits,6977,Variable
DesiccantBedType_AirFlow_LowerTolerance_InstrumentRange,6978,Variable
DesiccantBedType_AirFlow_LowerTolerance_ValuePrecision,6979,Variable
DesiccantBedType_AirFlow_LowerTolerance2_Definition,6980,Variable
DesiccantBedType_AirFlow_LowerTolerance2_EngineeringUnits,6981,Variable
DesiccantBedType_AirFlow_LowerTolerance2_InstrumentRange,6982,Variable
DesiccantBedType_AirFlow_LowerTolerance2_ValuePrecision,6983,Variable
DesiccantBedType_AirFlow_MaxValue_Definition,6984,Variable
DesiccantBedType_AirFlow_MaxValue_EngineeringUnits,6985,Variable
DesiccantBedType_AirFlow_MaxValue_InstrumentRange,6986,Variable
DesiccantBedType_AirFlow_MaxValue_ValuePrecision,6987,Variable
DesiccantBedType_AirFlow_MinValue_Definition,6988,Variable
DesiccantBedType_AirFlow_MinValue_EngineeringUnits,6989,Variable
DesiccantBedType_AirFlow_MinValue_InstrumentRange,6990,Variable
DesiccantBedType_AirFlow_MinValue_ValuePrecision,6991,Variable
DesiccantBedType_AirFlow_MonitoringSensitivity_Definition,6992,Variable
DesiccantBedType_AirFlow_MonitoringSensitivity_ValuePrecision,6993,Variable
DesiccantBedType_AirFlow_SetRampDown_Definition,6994,Variable
DesiccantBedType_AirFlow_SetRampDown_EngineeringUnits,6995,Variable
DesiccantBedType_AirFlow_SetRampDown_InstrumentRange,6996,Variable
DesiccantBedType_AirFlow_SetRampDown_ValuePrecision,6997,Variable
DesiccantBedType_AirFlow_SetRampUp_Definition,6998,Variable
DesiccantBedType_AirFlow_SetRampUp_EngineeringUnits,6999,Variable
DesiccantBedType_AirFlow_SetRampUp_InstrumentRange,7000,Variable
UserLoginType_LoginMachineUser,7001,Method
UserLoginType_LogoutMachineUser,7002,Method
GDDMaintenanceType_GDDMaintenanceReset,7003,Method
GDDMaintenanceType_MaintenanceInstructions_Close,7004,Method
GDDMaintenanceType_MaintenanceInstructions_GetPosition,7005,Method
GDDMaintenanceType_MaintenanceInstructions_Open,7006,Method
GDDMaintenanceType_MaintenanceInstructions_Read,7007,Method
GDDMaintenanceType_MaintenanceInstructions_SetPosition,7008,Method
GDDMaintenanceType_MaintenanceInstructions_Write,7009,Method
MaintenanceInformationType_Maintenance_Nr_GDDMaintenanceReset,7010,Method
MaintenanceInformationType_Maintenance_Nr_Reset,7011,Method
MaintenanceInformationType_Maintenance_Nr_MaintenanceInstructions_Close,7012,Method
MaintenanceInformationType_Maintenance_Nr_MaintenanceInstructions_GetPosition,7013,Method
MaintenanceInformationType_Maintenance_Nr_MaintenanceInstructions_Open,7014,Method
MaintenanceInformationType_Maintenance_Nr_MaintenanceInstructions_Read,7015,Method
MaintenanceInformationType_Maintenance_Nr_MaintenanceInstructions_SetPosition,7016,Method
MaintenanceInformationType_Maintenance_Nr_MaintenanceInstructions_Write,7017,Method
BinType_ActivateDryingProtection,7018,Method
BinType_DeactivateDryingProtection,7019,Method
BinType_ActivateMaterialFeederDryer,7020,Method
BinType_DeactivateMaterialFeederDryer,7021,Method
BinType_ActivateMaterialFeederMachine,7022,Method
BinType_DeactivateMaterialFeederMachine,7023,Method
BinType_ActivateAllFeeders,7024,Method
BinType_DeactivateAllFeeders,7025,Method
BinType_ActivateTemperatureController,7026,Method
BinType_DeactivateTemperatureController,7027,Method
BinType_ResetDryingTime,7028,Method
BinType_ActivateDryingProtectionAirVolumeFlowReduction,7029,Method
BinType_DeactivateDryingProtectionAirVolumeFlowReduction,7030,Method
BinType_AirFlow_ResetMonitoring,7031,Method
BinType_AmbientAirTemperature_ResetMonitoring,7032,Method
BinType_DryAirTemperature_ResetMonitoring,7033,Method
BinType_Temperature_ResetMonitoring,7034,Method
BinType_TopTemperature_ResetMonitoring,7035,Method
BinsType_Bin_Nr_ActivateAllFeeders,7036,Method
BinsType_Bin_Nr_ActivateDryingProtection,7037,Method
BinsType_Bin_Nr_ActivateDryingProtectionAirVolumeFlowReduction,7038,Method
BinsType_Bin_Nr_ActivateMaterialFeederDryer,7039,Method
BinsType_Bin_Nr_ActivateMaterialFeederMachine,7040,Method
BinsType_Bin_Nr_ActivateTemperatureController,7041,Method
BinsType_Bin_Nr_DeactivateAllFeeders,7042,Method
BinsType_Bin_Nr_DeactivateDryingProtection,7043,Method
BinsType_Bin_Nr_DeactivateDryingProtectionAirVolumeFlowReduction,7044,Method
BinsType_Bin_Nr_DeactivateMaterialFeederDryer,7045,Method
BinsType_Bin_Nr_DeactivateMaterialFeederMachine,7046,Method
BinsType_Bin_Nr_DeactivateTemperatureController,7047,Method
BinsType_Bin_Nr_ResetDryingTime,7048,Method
BinsType_Bin_Nr_AirFlow_ResetMonitoring,7049,Method
BinsType_Bin_Nr_AmbientAirTemperature_ResetMonitoring,7050,Method
BinsType_Bin_Nr_DryAirTemperature_ResetMonitoring,7051,Method
BinsType_Bin_Nr_Temperature_ResetMonitoring,7052,Method
BinsType_Bin_Nr_TopTemperature_ResetMonitoring,7053,Method
DesiccantBedType_ActivateDesiccantBedController,7054,Method
DesiccantBedType_DeactivateDesiccantBedController,7055,Method
DesiccantBedType_AirFlow_ResetMonitoring,7056,Method
DesiccantBedType_AirFlow_ClosedLoopControl_AutoTuningOff,7057,Method
DesiccantBedType_AirFlow_ClosedLoopControl_AutoTuningOn,7058,Method
DesiccantBedType_AirFlow_SetRampUp_ValuePrecision,7059,Variable
DesiccantBedType_AirFlow_SetValue_Definition,7060,Variable
DesiccantBedType_AirFlow_SetValue_EngineeringUnits,7061,Variable
DesiccantBedType_AirFlow_SetValue_InstrumentRange,7062,Variable
DesiccantBedType_AirFlow_SetValue_ValuePrecision,7063,Variable
DesiccantBedType_AirFlow_Status_Definition,7064,Variable
DesiccantBedType_AirFlow_Status_ValuePrecision,7065,Variable
DesiccantBedType_AirFlow_UpperTolerance_Definition,7066,Variable
DesiccantBedType_AirFlow_UpperTolerance_EngineeringUnits,7067,Variable
DesiccantBedType_AirFlow_UpperTolerance_InstrumentRange,7068,Variable
DesiccantBedType_AirFlow_UpperTolerance_ValuePrecision,7069,Variable
DesiccantBedType_AirFlow_UpperTolerance2_Definition,7070,Variable
DesiccantBedType_AirFlow_UpperTolerance2_EngineeringUnits,7071,Variable
DesiccantBedType_AirFlow_UpperTolerance2_InstrumentRange,7072,Variable
DesiccantBedType_AirFlow_UpperTolerance2_ValuePrecision,7073,Variable
DesiccantBedType_DewPoint_ActualValue_Definition,7074,Variable
DesiccantBedType_DewPoint_ActualValue_EngineeringUnits,7075,Variable
DesiccantBedType_DewPoint_ActualValue_InstrumentRange,7076,Variable
DesiccantBedType_DewPoint_ActualValue_ValuePrecision,7077,Variable
DesiccantBedType_DewPoint_AlarmSuppression,7078,Variable
DesiccantBedType_DewPoint_AlarmSuppression_EnumValues,7079,Variable
DesiccantBedType_DewPoint_AlarmSuppression_ValueAsText,7080,Variable
DesiccantBedType_DewPoint_AutomaticMonitoring,7081,Variable
DesiccantBedType_DewPoint_LowerTolerance,7082,Variable
DesiccantBedType_DewPoint_LowerTolerance_EURange,7083,Variable
DesiccantBedType_DewPoint_LowerTolerance2,7084,Variable
DesiccantBedType_DewPoint_LowerTolerance2_EURange,7085,Variable
DesiccantBedType_DewPoint_MaxValue,7086,Variable
DesiccantBedType_DewPoint_MaxValue_EURange,7087,Variable
DesiccantBedType_DewPoint_MinValue,7088,Variable
DesiccantBedType_DewPoint_MinValue_EURange,7089,Variable
DesiccantBedType_DewPoint_MonitoringSensitivity,7090,Variable
DesiccantBedType_DewPoint_MonitoringSensitivity_EnumValues,7091,Variable
DesiccantBedType_DewPoint_MonitoringSensitivity_ValueAsText,7092,Variable
DesiccantBedType_DewPoint_ResetMonitoring,7093,Method
DesiccantBedType_DewPoint_SetRampDown,7094,Variable
DesiccantBedType_DewPoint_SetRampDown_EURange,7095,Variable
DesiccantBedType_DewPoint_SetRampUp,7096,Variable
DesiccantBedType_DewPoint_SetRampUp_EURange,7097,Variable
DesiccantBedType_DewPoint_SetValue,7098,Variable
DesiccantBedType_DewPoint_SetValue_EURange,7099,Variable
DesiccantBedType_DewPoint_Status,7100,Variable
DesiccantBedType_DewPoint_Status_EnumValues,7101,Variable
DesiccantBedType_DewPoint_Status_ValueAsText,7102,Variable
DesiccantBedType_DewPoint_UpperTolerance,7103,Variable
DesiccantBedType_DewPoint_UpperTolerance_EURange,7104,Variable
DesiccantBedType_DewPoint_UpperTolerance2,7105,Variable
DesiccantBedType_DewPoint_UpperTolerance2_EURange,7106,Variable
DesiccantBedType_DewPoint_AlarmSuppression_Definition,7107,Variable
DesiccantBedType_DewPoint_AlarmSuppression_ValuePrecision,7108,Variable
DesiccantBedType_DewPoint_LowerTolerance_Definition,7109,Variable
DesiccantBedType_DewPoint_LowerTolerance_EngineeringUnits,7110,Variable
DesiccantBedType_DewPoint_LowerTolerance_InstrumentRange,7111,Variable
DesiccantBedType_DewPoint_LowerTolerance_ValuePrecision,7112,Variable
DesiccantBedType_DewPoint_LowerTolerance2_Definition,7113,Variable
DesiccantBedType_DewPoint_LowerTolerance2_EngineeringUnits,7114,Variable
DesiccantBedType_DewPoint_LowerTolerance2_InstrumentRange,7115,Variable
DesiccantBedType_DewPoint_LowerTolerance2_ValuePrecision,7116,Variable
DesiccantBedType_DewPoint_MaxValue_Definition,7117,Variable
DesiccantBedType_DewPoint_MaxValue_EngineeringUnits,7118,Variable
DesiccantBedType_DewPoint_MaxValue_InstrumentRange,7119,Variable
DesiccantBedType_DewPoint_MaxValue_ValuePrecision,7120,Variable
DesiccantBedType_DewPoint_MinValue_Definition,7121,Variable
DesiccantBedType_DewPoint_MinValue_EngineeringUnits,7122,Variable
DesiccantBedType_DewPoint_MinValue_InstrumentRange,7123,Variable
DesiccantBedType_DewPoint_MinValue_ValuePrecision,7124,Variable
DesiccantBedType_DewPoint_MonitoringSensitivity_Definition,7125,Variable
DesiccantBedType_DewPoint_MonitoringSensitivity_ValuePrecision,7126,Variable
DesiccantBedType_DewPoint_SetRampDown_Definition,7127,Variable
DesiccantBedType_DewPoint_SetRampDown_EngineeringUnits,7128,Variable
DesiccantBedType_DewPoint_SetRampDown_InstrumentRange,7129,Variable
DesiccantBedType_DewPoint_SetRampDown_ValuePrecision,7130,Variable
DesiccantBedType_DewPoint_SetRampUp_Definition,7131,Variable
DesiccantBedType_DewPoint_SetRampUp_EngineeringUnits,7132,Variable
DesiccantBedType_DewPoint_SetRampUp_InstrumentRange,7133,Variable
DesiccantBedType_DewPoint_SetRampUp_ValuePrecision,7134,Variable
DesiccantBedType_DewPoint_SetValue_Definition,7135,Variable
DesiccantBedType_DewPoint_SetValue_EngineeringUnits,7136,Variable
DesiccantBedType_DewPoint_SetValue_InstrumentRange,7137,Variable
DesiccantBedType_DewPoint_SetValue_ValuePrecision,7138,Variable
DesiccantBedType_DewPoint_Status_Definition,7139,Variable
DesiccantBedType_DewPoint_Status_ValuePrecision,7140,Variable
DesiccantBedType_DewPoint_UpperTolerance_Definition,7141,Variable
DesiccantBedType_DewPoint_UpperTolerance_EngineeringUnits,7142,Variable
DesiccantBedType_DewPoint_UpperTolerance_InstrumentRange,7143,Variable
DesiccantBedType_DewPoint_UpperTolerance_ValuePrecision,7144,Variable
DesiccantBedType_DewPoint_UpperTolerance2_Definition,7145,Variable
DesiccantBedType_DewPoint_UpperTolerance2_EngineeringUnits,7146,Variable
DesiccantBedType_DewPoint_UpperTolerance2_InstrumentRange,7147,Variable
DesiccantBedType_DewPoint_UpperTolerance2_ValuePrecision,7148,Variable
DesiccantBedType_EnergyConsumptionResettable_Definition,7149,Variable
DesiccantBedType_EnergyConsumptionResettable_EURange,7150,Variable
DesiccantBedType_EnergyConsumptionResettable_InstrumentRange,7151,Variable
DesiccantBedType_EnergyConsumptionResettable_ValuePrecision,7152,Variable
DesiccantBedType_TemperatureBackToDesiccantBed_ActualValue_Definition,7153,Variable
DesiccantBedType_TemperatureBackToDesiccantBed_ActualValue_EngineeringUnits,7154,Variable
DesiccantBedType_TemperatureBackToDesiccantBed_ActualValue_InstrumentRange,7155,Variable
DesiccantBedType_TemperatureBackToDesiccantBed_ActualValue_ValuePrecision,7156,Variable
DesiccantBedType_TemperatureBackToDesiccantBed_AlarmSuppression,7157,Variable
DesiccantBedType_TemperatureBackToDesiccantBed_AlarmSuppression_EnumValues,7158,Variable
DesiccantBedType_TemperatureBackToDesiccantBed_AlarmSuppression_ValueAsText,7159,Variable
DesiccantBedType_TemperatureBackToDesiccantBed_AutomaticMonitoring,7160,Variable
DesiccantBedType_TemperatureBackToDesiccantBed_LowerTolerance,7161,Variable
DesiccantBedType_TemperatureBackToDesiccantBed_LowerTolerance_EURange,7162,Variable
DesiccantBedType_TemperatureBackToDesiccantBed_LowerTolerance2,7163,Variable
DesiccantBedType_TemperatureBackToDesiccantBed_LowerTolerance2_EURange,7164,Variable
DesiccantBedType_TemperatureBackToDesiccantBed_MaxValue,7165,Variable
DesiccantBedType_TemperatureBackToDesiccantBed_MaxValue_EURange,7166,Variable
DesiccantBedType_TemperatureBackToDesiccantBed_MinValue,7167,Variable
DesiccantBedType_TemperatureBackToDesiccantBed_MinValue_EURange,7168,Variable
DesiccantBedType_TemperatureBackToDesiccantBed_MonitoringSensitivity,7169,Variable
DesiccantBedType_TemperatureBackToDesiccantBed_MonitoringSensitivity_EnumValues,7170,Variable
DesiccantBedType_TemperatureBackToDesiccantBed_MonitoringSensitivity_ValueAsText,7171,Variable
DesiccantBedType_TemperatureBackToDesiccantBed_ResetMonitoring,7172,Method
DesiccantBedType_TemperatureBackToDesiccantBed_SetRampDown,7173,Variable
DesiccantBedType_TemperatureBackToDesiccantBed_SetRampDown_EURange,7174,Variable
DesiccantBedType_TemperatureBackToDesiccantBed_SetRampUp,7175,Variable
DesiccantBedType_TemperatureBackToDesiccantBed_SetRampUp_EURange,7176,Variable
DesiccantBedType_TemperatureBackToDesiccantBed_SetValue,7177,Variable
DesiccantBedType_TemperatureBackToDesiccantBed_SetValue_EURange,7178,Variable
DesiccantBedType_TemperatureBackToDesiccantBed_Status,7179,Variable
DesiccantBedType_TemperatureBackToDesiccantBed_Status_EnumValues,7180,Variable
DesiccantBedType_TemperatureBackToDesiccantBed_Status_ValueAsText,7181,Variable
DesiccantBedType_TemperatureBackToDesiccantBed_UpperTolerance,7182,Variable
DesiccantBedType_TemperatureBackToDesiccantBed_UpperTolerance_EURange,7183,Variable
DesiccantBedType_TemperatureBackToDesiccantBed_UpperTolerance2,7184,Variable
DesiccantBedType_TemperatureBackToDesiccantBed_UpperTolerance2_EURange,7185,Variable
DesiccantBedType_TemperatureBackToDesiccantBed_AlarmSuppression_Definition,7186,Variable
DesiccantBedType_TemperatureBackToDesiccantBed_AlarmSuppression_ValuePrecision,7187,Variable
DesiccantBedType_TemperatureBackToDesiccantBed_LowerTolerance_Definition,7188,Variable
DesiccantBedType_TemperatureBackToDesiccantBed_LowerTolerance_EngineeringUnits,7189,Variable
DesiccantBedType_TemperatureBackToDesiccantBed_LowerTolerance_InstrumentRange,7190,Variable
DesiccantBedType_TemperatureBackToDesiccantBed_LowerTolerance_ValuePrecision,7191,Variable
DesiccantBedType_TemperatureBackToDesiccantBed_LowerTolerance2_Definition,7192,Variable
DesiccantBedType_TemperatureBackToDesiccantBed_LowerTolerance2_EngineeringUnits,7193,Variable
DesiccantBedType_TemperatureBackToDesiccantBed_LowerTolerance2_InstrumentRange,7194,Variable
DesiccantBedType_TemperatureBackToDesiccantBed_LowerTolerance2_ValuePrecision,7195,Variable
DesiccantBedType_TemperatureBackToDesiccantBed_MaxValue_Definition,7196,Variable
DesiccantBedType_TemperatureBackToDesiccantBed_MaxValue_EngineeringUnits,7197,Variable
DesiccantBedType_TemperatureBackToDesiccantBed_MaxValue_InstrumentRange,7198,Variable
DesiccantBedType_TemperatureBackToDesiccantBed_MaxValue_ValuePrecision,7199,Variable
DesiccantBedType_TemperatureBackToDesiccantBed_MinValue_Definition,7200,Variable
DesiccantBedType_TemperatureBackToDesiccantBed_MinValue_EngineeringUnits,7201,Variable
DesiccantBedType_TemperatureBackToDesiccantBed_MinValue_InstrumentRange,7202,Variable
DesiccantBedType_TemperatureBackToDesiccantBed_MinValue_ValuePrecision,7203,Variable
DesiccantBedType_TemperatureBackToDesiccantBed_MonitoringSensitivity_Definition,7204,Variable
DesiccantBedType_TemperatureBackToDesiccantBed_MonitoringSensitivity_ValuePrecision,7205,Variable
DesiccantBedType_TemperatureBackToDesiccantBed_SetRampDown_Definition,7206,Variable
DesiccantBedType_TemperatureBackToDesiccantBed_SetRampDown_EngineeringUnits,7207,Variable
DesiccantBedType_TemperatureBackToDesiccantBed_SetRampDown_InstrumentRange,7208,Variable
DesiccantBedType_TemperatureBackToDesiccantBed_SetRampDown_ValuePrecision,7209,Variable
DesiccantBedType_TemperatureBackToDesiccantBed_SetRampUp_Definition,7210,Variable
DesiccantBedType_TemperatureBackToDesiccantBed_SetRampUp_EngineeringUnits,7211,Variable
DesiccantBedType_TemperatureBackToDesiccantBed_SetRampUp_InstrumentRange,7212,Variable
DesiccantBedType_TemperatureBackToDesiccantBed_SetRampUp_ValuePrecision,7213,Variable
DesiccantBedType_TemperatureBackToDesiccantBed_SetValue_Definition,7214,Variable
DesiccantBedType_TemperatureBackToDesiccantBed_SetValue_EngineeringUnits,7215,Variable
DesiccantBedType_TemperatureBackToDesiccantBed_SetValue_InstrumentRange,7216,Variable
DesiccantBedType_TemperatureBackToDesiccantBed_SetValue_ValuePrecision,7217,Variable
DesiccantBedType_TemperatureBackToDesiccantBed_Status_Definition,7218,Variable
DesiccantBedType_TemperatureBackToDesiccantBed_Status_ValuePrecision,7219,Variable
DesiccantBedType_TemperatureBackToDesiccantBed_UpperTolerance_Definition,7220,Variable
DesiccantBedType_TemperatureBackToDesiccantBed_UpperTolerance_EngineeringUnits,7221,Variable
DesiccantBedType_TemperatureBackToDesiccantBed_UpperTolerance_InstrumentRange,7222,Variable
DesiccantBedType_TemperatureBackToDesiccantBed_UpperTolerance_ValuePrecision,7223,Variable
DesiccantBedType_TemperatureBackToDesiccantBed_UpperTolerance2_Definition,7224,Variable
DesiccantBedType_TemperatureBackToDesiccantBed_UpperTolerance2_EngineeringUnits,7225,Variable
DesiccantBedType_TemperatureBackToDesiccantBed_UpperTolerance2_InstrumentRange,7226,Variable
DesiccantBedType_TemperatureBackToDesiccantBed_UpperTolerance2_ValuePrecision,7227,Variable
DesiccantBedType_TemperatureDesiccantBedOut_ActualValue_Definition,7228,Variable
DesiccantBedType_TemperatureDesiccantBedOut_ActualValue_EngineeringUnits,7229,Variable
DesiccantBedType_TemperatureDesiccantBedOut_ActualValue_InstrumentRange,7230,Variable
DesiccantBedType_TemperatureDesiccantBedOut_ActualValue_ValuePrecision,7231,Variable
DesiccantBedType_TemperatureDesiccantBedOut_AlarmSuppression,7232,Variable
DesiccantBedType_TemperatureDesiccantBedOut_AlarmSuppression_EnumValues,7233,Variable
DesiccantBedType_TemperatureDesiccantBedOut_AlarmSuppression_ValueAsText,7234,Variable
DesiccantBedType_TemperatureDesiccantBedOut_AutomaticMonitoring,7235,Variable
DesiccantBedType_TemperatureDesiccantBedOut_LowerTolerance,7236,Variable
DesiccantBedType_TemperatureDesiccantBedOut_LowerTolerance_EURange,7237,Variable
DesiccantBedType_TemperatureDesiccantBedOut_LowerTolerance2,7238,Variable
DesiccantBedType_TemperatureDesiccantBedOut_LowerTolerance2_EURange,7239,Variable
DesiccantBedType_TemperatureDesiccantBedOut_MaxValue,7240,Variable
DesiccantBedType_TemperatureDesiccantBedOut_MaxValue_EURange,7241,Variable
DesiccantBedType_TemperatureDesiccantBedOut_MinValue,7242,Variable
DesiccantBedType_TemperatureDesiccantBedOut_MinValue_EURange,7243,Variable
DesiccantBedType_TemperatureDesiccantBedOut_MonitoringSensitivity,7244,Variable
DesiccantBedType_TemperatureDesiccantBedOut_MonitoringSensitivity_EnumValues,7245,Variable
DesiccantBedType_TemperatureDesiccantBedOut_MonitoringSensitivity_ValueAsText,7246,Variable
DesiccantBedType_TemperatureDesiccantBedOut_ResetMonitoring,7247,Method
DesiccantBedType_TemperatureDesiccantBedOut_SetRampDown,7248,Variable
DesiccantBedType_TemperatureDesiccantBedOut_SetRampDown_EURange,7249,Variable
DesiccantBedType_TemperatureDesiccantBedOut_SetRampUp,7250,Variable
DesiccantBedType_TemperatureDesiccantBedOut_SetRampUp_EURange,7251,Variable
DesiccantBedType_TemperatureDesiccantBedOut_SetValue,7252,Variable
DesiccantBedType_TemperatureDesiccantBedOut_SetValue_EURange,7253,Variable
DesiccantBedType_TemperatureDesiccantBedOut_Status,7254,Variable
DesiccantBedType_TemperatureDesiccantBedOut_Status_EnumValues,7255,Variable
DesiccantBedType_TemperatureDesiccantBedOut_Status_ValueAsText,7256,Variable
DesiccantBedType_TemperatureDesiccantBedOut_UpperTolerance,7257,Variable
DesiccantBedType_TemperatureDesiccantBedOut_UpperTolerance_EURange,7258,Variable
DesiccantBedType_TemperatureDesiccantBedOut_UpperTolerance2,7259,Variable
DesiccantBedType_TemperatureDesiccantBedOut_UpperTolerance2_EURange,7260,Variable
DesiccantBedType_TemperatureDesiccantBedOut_AlarmSuppression_Definition,7261,Variable
DesiccantBedType_TemperatureDesiccantBedOut_AlarmSuppression_ValuePrecision,7262,Variable
DesiccantBedType_TemperatureDesiccantBedOut_LowerTolerance_Definition,7263,Variable
DesiccantBedType_TemperatureDesiccantBedOut_LowerTolerance_EngineeringUnits,7264,Variable
DesiccantBedType_TemperatureDesiccantBedOut_LowerTolerance_InstrumentRange,7265,Variable
DesiccantBedType_TemperatureDesiccantBedOut_LowerTolerance_ValuePrecision,7266,Variable
DesiccantBedType_TemperatureDesiccantBedOut_LowerTolerance2_Definition,7267,Variable
DesiccantBedType_TemperatureDesiccantBedOut_LowerTolerance2_EngineeringUnits,7268,Variable
DesiccantBedType_TemperatureDesiccantBedOut_LowerTolerance2_InstrumentRange,7269,Variable
DesiccantBedType_TemperatureDesiccantBedOut_LowerTolerance2_ValuePrecision,7270,Variable
DesiccantBedType_TemperatureDesiccantBedOut_MaxValue_Definition,7271,Variable
DesiccantBedType_TemperatureDesiccantBedOut_MaxValue_EngineeringUnits,7272,Variable
DesiccantBedType_TemperatureDesiccantBedOut_MaxValue_InstrumentRange,7273,Variable
DesiccantBedType_TemperatureDesiccantBedOut_MaxValue_ValuePrecision,7274,Variable
DesiccantBedType_TemperatureDesiccantBedOut_MinValue_Definition,7275,Variable
DesiccantBedType_TemperatureDesiccantBedOut_MinValue_EngineeringUnits,7276,Variable
DesiccantBedType_TemperatureDesiccantBedOut_MinValue_InstrumentRange,7277,Variable
DesiccantBedType_TemperatureDesiccantBedOut_MinValue_ValuePrecision,7278,Variable
DesiccantBedType_TemperatureDesiccantBedOut_MonitoringSensitivity_Definition,7279,Variable
DesiccantBedType_TemperatureDesiccantBedOut_MonitoringSensitivity_ValuePrecision,7280,Variable
DesiccantBedType_TemperatureDesiccantBedOut_SetRampDown_Definition,7281,Variable
DesiccantBedType_TemperatureDesiccantBedOut_SetRampDown_EngineeringUnits,7282,Variable
DesiccantBedType_TemperatureDesiccantBedOut_SetRampDown_InstrumentRange,7283,Variable
DesiccantBedType_TemperatureDesiccantBedOut_SetRampDown_ValuePrecision,7284,Variable
DesiccantBedType_TemperatureDesiccantBedOut_SetRampUp_Definition,7285,Variable
DesiccantBedType_TemperatureDesiccantBedOut_SetRampUp_EngineeringUnits,7286,Variable
DesiccantBedType_TemperatureDesiccantBedOut_SetRampUp_InstrumentRange,7287,Variable
DesiccantBedType_TemperatureDesiccantBedOut_SetRampUp_ValuePrecision,7288,Variable
DesiccantBedType_TemperatureDesiccantBedOut_SetValue_Definition,7289,Variable
DesiccantBedType_TemperatureDesiccantBedOut_SetValue_EngineeringUnits,7290,Variable
DesiccantBedType_TemperatureDesiccantBedOut_SetValue_InstrumentRange,7291,Variable
DesiccantBedType_TemperatureDesiccantBedOut_SetValue_ValuePrecision,7292,Variable
DesiccantBedType_TemperatureDesiccantBedOut_Status_Definition,7293,Variable
DesiccantBedType_TemperatureDesiccantBedOut_Status_ValuePrecision,7294,Variable
DesiccantBedType_TemperatureDesiccantBedOut_UpperTolerance_Definition,7295,Variable
DesiccantBedType_TemperatureDesiccantBedOut_UpperTolerance_EngineeringUnits,7296,Variable
DesiccantBedType_TemperatureDesiccantBedOut_UpperTolerance_InstrumentRange,7297,Variable
DesiccantBedType_TemperatureDesiccantBedOut_UpperTolerance_ValuePrecision,7298,Variable
DesiccantBedType_TemperatureDesiccantBedOut_UpperTolerance2_Definition,7299,Variable
DesiccantBedType_TemperatureDesiccantBedOut_UpperTolerance2_EngineeringUnits,7300,Variable
DesiccantBedType_TemperatureDesiccantBedOut_UpperTolerance2_InstrumentRange,7301,Variable
DesiccantBedType_TemperatureDesiccantBedOut_UpperTolerance2_ValuePrecision,7302,Variable
DesiccantBedType_TemperatureOfDesiccantBed_ActualValue_Definition,7303,Variable
DesiccantBedType_TemperatureOfDesiccantBed_ActualValue_EngineeringUnits,7304,Variable
DesiccantBedType_TemperatureOfDesiccantBed_ActualValue_InstrumentRange,7305,Variable
DesiccantBedType_TemperatureOfDesiccantBed_ActualValue_ValuePrecision,7306,Variable
DesiccantBedType_TemperatureOfDesiccantBed_AlarmSuppression,7307,Variable
DesiccantBedType_TemperatureOfDesiccantBed_AlarmSuppression_EnumValues,7308,Variable
DesiccantBedType_TemperatureOfDesiccantBed_AlarmSuppression_ValueAsText,7309,Variable
DesiccantBedType_TemperatureOfDesiccantBed_AutomaticMonitoring,7310,Variable
DesiccantBedType_TemperatureOfDesiccantBed_LowerTolerance,7311,Variable
DesiccantBedType_TemperatureOfDesiccantBed_LowerTolerance_EURange,7312,Variable
DesiccantBedType_TemperatureOfDesiccantBed_LowerTolerance2,7313,Variable
DesiccantBedType_TemperatureOfDesiccantBed_LowerTolerance2_EURange,7314,Variable
DesiccantBedType_TemperatureOfDesiccantBed_MaxValue,7315,Variable
DesiccantBedType_TemperatureOfDesiccantBed_MaxValue_EURange,7316,Variable
DesiccantBedType_TemperatureOfDesiccantBed_MinValue,7317,Variable
DesiccantBedType_TemperatureOfDesiccantBed_MinValue_EURange,7318,Variable
DesiccantBedType_TemperatureOfDesiccantBed_MonitoringSensitivity,7319,Variable
DesiccantBedType_TemperatureOfDesiccantBed_MonitoringSensitivity_EnumValues,7320,Variable
DesiccantBedType_TemperatureOfDesiccantBed_MonitoringSensitivity_ValueAsText,7321,Variable
DesiccantBedType_TemperatureOfDesiccantBed_ResetMonitoring,7322,Method
DesiccantBedType_TemperatureOfDesiccantBed_SetRampDown,7323,Variable
DesiccantBedType_TemperatureOfDesiccantBed_SetRampDown_EURange,7324,Variable
DesiccantBedType_TemperatureOfDesiccantBed_SetRampUp,7325,Variable
DesiccantBedType_TemperatureOfDesiccantBed_SetRampUp_EURange,7326,Variable
DesiccantBedType_TemperatureOfDesiccantBed_SetValue,7327,Variable
DesiccantBedType_TemperatureOfDesiccantBed_SetValue_EURange,7328,Variable
DesiccantBedType_TemperatureOfDesiccantBed_Status,7329,Variable
DesiccantBedType_TemperatureOfDesiccantBed_Status_EnumValues,7330,Variable
DesiccantBedType_TemperatureOfDesiccantBed_Status_ValueAsText,7331,Variable
DesiccantBedType_TemperatureOfDesiccantBed_UpperTolerance,7332,Variable
DesiccantBedType_TemperatureOfDesiccantBed_UpperTolerance_EURange,7333,Variable
DesiccantBedType_TemperatureOfDesiccantBed_UpperTolerance2,7334,Variable
DesiccantBedType_TemperatureOfDesiccantBed_UpperTolerance2_EURange,7335,Variable
DesiccantBedType_TemperatureOfDesiccantBed_AlarmSuppression_Definition,7336,Variable
DesiccantBedType_TemperatureOfDesiccantBed_AlarmSuppression_ValuePrecision,7337,Variable
DesiccantBedType_TemperatureOfDesiccantBed_ClosedLoopControl_AutoTuningActive,7338,Variable
DesiccantBedType_TemperatureOfDesiccantBed_ClosedLoopControl_AutoTuningOff,7339,Method
DesiccantBedType_TemperatureOfDesiccantBed_ClosedLoopControl_AutoTuningOn,7340,Method
DesiccantBedType_TemperatureOfDesiccantBed_ClosedLoopControl_AutomaticControllerMode,7341,Variable
DesiccantBedType_TemperatureOfDesiccantBed_ClosedLoopControl_PIDParameters,7342,Variable
DesiccantBedType_TemperatureOfDesiccantBed_LowerTolerance_Definition,7343,Variable
DesiccantBedType_TemperatureOfDesiccantBed_LowerTolerance_EngineeringUnits,7344,Variable
DesiccantBedType_TemperatureOfDesiccantBed_LowerTolerance_InstrumentRange,7345,Variable
DesiccantBedType_TemperatureOfDesiccantBed_LowerTolerance_ValuePrecision,7346,Variable
DesiccantBedType_TemperatureOfDesiccantBed_LowerTolerance2_Definition,7347,Variable
DesiccantBedType_TemperatureOfDesiccantBed_LowerTolerance2_EngineeringUnits,7348,Variable
DesiccantBedType_TemperatureOfDesiccantBed_LowerTolerance2_InstrumentRange,7349,Variable
DesiccantBedType_TemperatureOfDesiccantBed_LowerTolerance2_ValuePrecision,7350,Variable
DesiccantBedType_TemperatureOfDesiccantBed_MaxValue_Definition,7351,Variable
DesiccantBedType_TemperatureOfDesiccantBed_MaxValue_EngineeringUnits,7352,Variable
DesiccantBedType_TemperatureOfDesiccantBed_MaxValue_InstrumentRange,7353,Variable
DesiccantBedType_TemperatureOfDesiccantBed_MaxValue_ValuePrecision,7354,Variable
DesiccantBedType_TemperatureOfDesiccantBed_MinValue_Definition,7355,Variable
DesiccantBedType_TemperatureOfDesiccantBed_MinValue_EngineeringUnits,7356,Variable
DesiccantBedType_TemperatureOfDesiccantBed_MinValue_InstrumentRange,7357,Variable
DesiccantBedType_TemperatureOfDesiccantBed_MinValue_ValuePrecision,7358,Variable
DesiccantBedType_TemperatureOfDesiccantBed_MonitoringSensitivity_Definition,7359,Variable
DesiccantBedType_TemperatureOfDesiccantBed_MonitoringSensitivity_ValuePrecision,7360,Variable
DesiccantBedType_TemperatureOfDesiccantBed_SetRampDown_Definition,7361,Variable
DesiccantBedType_TemperatureOfDesiccantBed_SetRampDown_EngineeringUnits,7362,Variable
DesiccantBedType_TemperatureOfDesiccantBed_SetRampDown_InstrumentRange,7363,Variable
DesiccantBedType_TemperatureOfDesiccantBed_SetRampDown_ValuePrecision,7364,Variable
DesiccantBedType_TemperatureOfDesiccantBed_SetRampUp_Definition,7365,Variable
DesiccantBedType_TemperatureOfDesiccantBed_SetRampUp_EngineeringUnits,7366,Variable
DesiccantBedType_TemperatureOfDesiccantBed_SetRampUp_InstrumentRange,7367,Variable
DesiccantBedType_TemperatureOfDesiccantBed_SetRampUp_ValuePrecision,7368,Variable
DesiccantBedType_TemperatureOfDesiccantBed_SetValue_Definition,7369,Variable
DesiccantBedType_TemperatureOfDesiccantBed_SetValue_EngineeringUnits,7370,Variable
DesiccantBedType_TemperatureOfDesiccantBed_SetValue_InstrumentRange,7371,Variable
DesiccantBedType_TemperatureOfDesiccantBed_SetValue_ValuePrecision,7372,Variable
DesiccantBedType_TemperatureOfDesiccantBed_Status_Definition,7373,Variable
DesiccantBedType_TemperatureOfDesiccantBed_Status_ValuePrecision,7374,Variable
DesiccantBedType_TemperatureOfDesiccantBed_UpperTolerance_Definition,7375,Variable
DesiccantBedType_TemperatureOfDesiccantBed_UpperTolerance_EngineeringUnits,7376,Variable
DesiccantBedType_TemperatureOfDesiccantBed_UpperTolerance_InstrumentRange,7377,Variable
DesiccantBedType_TemperatureOfDesiccantBed_UpperTolerance_ValuePrecision,7378,Variable
DesiccantBedType_TemperatureOfDesiccantBed_UpperTolerance2_Definition,7379,Variable
DesiccantBedType_TemperatureOfDesiccantBed_UpperTolerance2_EngineeringUnits,7380,Variable
DesiccantBedType_TemperatureOfDesiccantBed_UpperTolerance2_InstrumentRange,7381,Variable
DesiccantBedType_TemperatureOfDesiccantBed_UpperTolerance2_ValuePrecision,7382,Variable
DesiccantBedType_TotalEnergy_ActualPower,7383,Variable
DesiccantBedType_TotalEnergy_ActualPower_EngineeringUnits,7384,Variable
DesiccantBedType_TotalEnergy_ActualSpecificEnergy,7385,Variable
DesiccantBedType_TotalEnergy_ActualSpecificEnergy_EngineeringUnits,7386,Variable
DesiccantBedType_TotalEnergy_PowerConsumption,7387,Variable
DesiccantBedType_TotalEnergy_PowerConsumption_EngineeringUnits,7388,Variable
DesiccantBedType_TotalEnergy_PowerFactor,7389,Variable
DesiccantBedType_TotalEnergy_ActualPower_Definition,7390,Variable
DesiccantBedType_TotalEnergy_ActualPower_EURange,7391,Variable
DesiccantBedType_TotalEnergy_ActualPower_InstrumentRange,7392,Variable
DesiccantBedType_TotalEnergy_ActualPower_ValuePrecision,7393,Variable
DesiccantBedType_TotalEnergy_ActualSpecificEnergy_Definition,7394,Variable
DesiccantBedType_TotalEnergy_ActualSpecificEnergy_EURange,7395,Variable
DesiccantBedType_TotalEnergy_ActualSpecificEnergy_InstrumentRange,7396,Variable
DesiccantBedType_TotalEnergy_ActualSpecificEnergy_ValuePrecision,7397,Variable
DesiccantBedType_TotalEnergy_PowerConsumption_Definition,7398,Variable
DesiccantBedType_TotalEnergy_PowerConsumption_EURange,7399,Variable
DesiccantBedType_TotalEnergy_PowerConsumption_InstrumentRange,7400,Variable
DesiccantBedType_TotalEnergy_PowerConsumption_ValuePrecision,7401,Variable
DryerType_Bins_Bin_Nr_AmbientAirTemperature_ActualValue,7402,Variable
DryerType_Bins_Bin_Nr_AmbientAirTemperature_ActualValue_EURange,7403,Variable
DryerType_Bins_Bin_Nr_DryAirTemperature_ActualValue,7404,Variable
DryerType_Bins_Bin_Nr_DryAirTemperature_ActualValue_EURange,7405,Variable
DryerType_Bins_Bin_Nr_Temperature_ActualValue,7406,Variable
DryerType_Bins_Bin_Nr_Temperature_ActualValue_EURange,7407,Variable
DryerType_Bins_Bin_Nr_TopTemperature_ActualValue,7408,Variable
DryerType_Bins_Bin_Nr_TopTemperature_ActualValue_EURange,7409,Variable
DryerType_DesiccantBeds_DesiccantBed_Nr_ActivateDesiccantBedController,7410,Method
DesiccantBedsType_DesiccantBed_Nr_ActivateDesiccantBedController,7411,Method
DesiccantBedsType_DesiccantBed_Nr_AirFlow_ActualValue,7412,Variable
DesiccantBedsType_DesiccantBed_Nr_AirFlow_ActualValue_EURange,7413,Variable
DesiccantBedsType_DesiccantBed_Nr_DeactivateDesiccantBedController,7414,Method
DesiccantBedsType_DesiccantBed_Nr_DesiccantBedControllerStatus,7415,Variable
DesiccantBedsType_DesiccantBed_Nr_DewPoint_ActualValue,7416,Variable
DesiccantBedsType_DesiccantBed_Nr_DewPoint_ActualValue_EURange,7417,Variable
DesiccantBedsType_DesiccantBed_Nr_EnergyConsumptionResettable,7418,Variable
DesiccantBedsType_DesiccantBed_Nr_EnergyConsumptionResettable_EngineeringUnits,7419,Variable
DesiccantBedsType_DesiccantBed_Nr_TemperatureBackToDesiccantBed_ActualValue,7420,Variable
DesiccantBedsType_DesiccantBed_Nr_TemperatureBackToDesiccantBed_ActualValue_EURange,7421,Variable
DesiccantBedsType_DesiccantBed_Nr_TemperatureDesiccantBedOut_ActualValue,7422,Variable
DesiccantBedsType_DesiccantBed_Nr_TemperatureDesiccantBedOut_ActualValue_EURange,7423,Variable
DesiccantBedsType_DesiccantBed_Nr_TemperatureOfDesiccantBed_ActualValue,7424,Variable
DesiccantBedsType_DesiccantBed_Nr_TemperatureOfDesiccantBed_ActualValue_EURange,7425,Variable
DesiccantBedsType_DesiccantBed_Nr_AirFlow_AlarmSuppression,7426,Variable
DesiccantBedsType_DesiccantBed_Nr_AirFlow_AlarmSuppression_EnumValues,7427,Variable
DesiccantBedsType_DesiccantBed_Nr_AirFlow_AlarmSuppression_ValueAsText,7428,Variable
DesiccantBedsType_DesiccantBed_Nr_AirFlow_AutomaticMonitoring,7429,Variable
DesiccantBedsType_DesiccantBed_Nr_AirFlow_LowerTolerance,7430,Variable
DesiccantBedsType_DesiccantBed_Nr_AirFlow_LowerTolerance_EURange,7431,Variable
DesiccantBedsType_DesiccantBed_Nr_AirFlow_LowerTolerance2,7432,Variable
DesiccantBedsType_DesiccantBed_Nr_AirFlow_LowerTolerance2_EURange,7433,Variable
DesiccantBedsType_DesiccantBed_Nr_AirFlow_MaxValue,7434,Variable
DesiccantBedsType_DesiccantBed_Nr_AirFlow_MaxValue_EURange,7435,Variable
DesiccantBedsType_DesiccantBed_Nr_AirFlow_MinValue,7436,Variable
DesiccantBedsType_DesiccantBed_Nr_AirFlow_MinValue_EURange,7437,Variable
DesiccantBedsType_DesiccantBed_Nr_AirFlow_MonitoringSensitivity,7438,Variable
DesiccantBedsType_DesiccantBed_Nr_AirFlow_MonitoringSensitivity_EnumValues,7439,Variable
DesiccantBedsType_DesiccantBed_Nr_AirFlow_MonitoringSensitivity_ValueAsText,7440,Variable
DesiccantBedsType_DesiccantBed_Nr_AirFlow_ResetMonitoring,7441,Method
DesiccantBedsType_DesiccantBed_Nr_AirFlow_SetRampDown,7442,Variable
DesiccantBedsType_DesiccantBed_Nr_AirFlow_SetRampDown_EURange,7443,Variable
DesiccantBedsType_DesiccantBed_Nr_AirFlow_SetRampUp,7444,Variable
DesiccantBedsType_DesiccantBed_Nr_AirFlow_SetRampUp_EURange,7445,Variable
DesiccantBedsType_DesiccantBed_Nr_AirFlow_SetValue,7446,Variable
DesiccantBedsType_DesiccantBed_Nr_AirFlow_SetValue_EURange,7447,Variable
DesiccantBedsType_DesiccantBed_Nr_AirFlow_Status,7448,Variable
DesiccantBedsType_DesiccantBed_Nr_AirFlow_Status_EnumValues,7449,Variable
DesiccantBedsType_DesiccantBed_Nr_AirFlow_Status_ValueAsText,7450,Variable
DesiccantBedsType_DesiccantBed_Nr_AirFlow_UpperTolerance,7451,Variable
DesiccantBedsType_DesiccantBed_Nr_AirFlow_UpperTolerance_EURange,7452,Variable
DesiccantBedsType_DesiccantBed_Nr_AirFlow_UpperTolerance2,7453,Variable
DesiccantBedsType_DesiccantBed_Nr_AirFlow_UpperTolerance2_EURange,7454,Variable
DesiccantBedsType_DesiccantBed_Nr_DewPoint_AlarmSuppression,7455,Variable
DesiccantBedsType_DesiccantBed_Nr_DewPoint_AlarmSuppression_EnumValues,7456,Variable
DesiccantBedsType_DesiccantBed_Nr_DewPoint_AlarmSuppression_ValueAsText,7457,Variable
DesiccantBedsType_DesiccantBed_Nr_DewPoint_AutomaticMonitoring,7458,Variable
DesiccantBedsType_DesiccantBed_Nr_DewPoint_LowerTolerance,7459,Variable
DesiccantBedsType_DesiccantBed_Nr_DewPoint_LowerTolerance_EURange,7460,Variable
DesiccantBedsType_DesiccantBed_Nr_DewPoint_LowerTolerance2,7461,Variable
DesiccantBedsType_DesiccantBed_Nr_DewPoint_LowerTolerance2_EURange,7462,Variable
DesiccantBedsType_DesiccantBed_Nr_DewPoint_MaxValue,7463,Variable
DesiccantBedsType_DesiccantBed_Nr_DewPoint_MaxValue_EURange,7464,Variable
DesiccantBedsType_DesiccantBed_Nr_DewPoint_MinValue,7465,Variable
DesiccantBedsType_DesiccantBed_Nr_DewPoint_MinValue_EURange,7466,Variable
DesiccantBedsType_DesiccantBed_Nr_DewPoint_MonitoringSensitivity,7467,Variable
DesiccantBedsType_DesiccantBed_Nr_DewPoint_MonitoringSensitivity_EnumValues,7468,Variable
DesiccantBedsType_DesiccantBed_Nr_DewPoint_MonitoringSensitivity_ValueAsText,7469,Variable
DesiccantBedsType_DesiccantBed_Nr_DewPoint_ResetMonitoring,7470,Method
DesiccantBedsType_DesiccantBed_Nr_DewPoint_SetRampDown,7471,Variable
DesiccantBedsType_DesiccantBed_Nr_DewPoint_SetRampDown_EURange,7472,Variable
DesiccantBedsType_DesiccantBed_Nr_DewPoint_SetRampUp,7473,Variable
DesiccantBedsType_DesiccantBed_Nr_DewPoint_SetRampUp_EURange,7474,Variable
DesiccantBedsType_DesiccantBed_Nr_DewPoint_SetValue,7475,Variable
DesiccantBedsType_DesiccantBed_Nr_DewPoint_SetValue_EURange,7476,Variable
DesiccantBedsType_DesiccantBed_Nr_DewPoint_Status,7477,Variable
DesiccantBedsType_DesiccantBed_Nr_DewPoint_Status_EnumValues,7478,Variable
DesiccantBedsType_DesiccantBed_Nr_DewPoint_Status_ValueAsText,7479,Variable
DesiccantBedsType_DesiccantBed_Nr_DewPoint_UpperTolerance,7480,Variable
DesiccantBedsType_DesiccantBed_Nr_DewPoint_UpperTolerance_EURange,7481,Variable
DesiccantBedsType_DesiccantBed_Nr_DewPoint_UpperTolerance2,7482,Variable
DesiccantBedsType_DesiccantBed_Nr_DewPoint_UpperTolerance2_EURange,7483,Variable
DesiccantBedsType_DesiccantBed_Nr_EnergyConsumptionResettable_Definition,7484,Variable
DesiccantBedsType_DesiccantBed_Nr_EnergyConsumptionResettable_EURange,7485,Variable
DesiccantBedsType_DesiccantBed_Nr_EnergyConsumptionResettable_InstrumentRange,7486,Variable
DesiccantBedsType_DesiccantBed_Nr_EnergyConsumptionResettable_ValuePrecision,7487,Variable
DesiccantBedsType_DesiccantBed_Nr_TemperatureBackToDesiccantBed_AlarmSuppression,7488,Variable
DesiccantBedsType_DesiccantBed_Nr_TemperatureBackToDesiccantBed_AlarmSuppression_EnumValues,7489,Variable
DesiccantBedsType_DesiccantBed_Nr_TemperatureBackToDesiccantBed_AlarmSuppression_ValueAsText,7490,Variable
DesiccantBedsType_DesiccantBed_Nr_TemperatureBackToDesiccantBed_AutomaticMonitoring,7491,Variable
DesiccantBedsType_DesiccantBed_Nr_TemperatureBackToDesiccantBed_LowerTolerance,7492,Variable
DesiccantBedsType_DesiccantBed_Nr_TemperatureBackToDesiccantBed_LowerTolerance_EURange,7493,Variable
DesiccantBedsType_DesiccantBed_Nr_TemperatureBackToDesiccantBed_LowerTolerance2,7494,Variable
DesiccantBedsType_DesiccantBed_Nr_TemperatureBackToDesiccantBed_LowerTolerance2_EURange,7495,Variable
DesiccantBedsType_DesiccantBed_Nr_TemperatureBackToDesiccantBed_MaxValue,7496,Variable
DesiccantBedsType_DesiccantBed_Nr_TemperatureBackToDesiccantBed_MaxValue_EURange,7497,Variable
DesiccantBedsType_DesiccantBed_Nr_TemperatureBackToDesiccantBed_MinValue,7498,Variable
DesiccantBedsType_DesiccantBed_Nr_TemperatureBackToDesiccantBed_MinValue_EURange,7499,Variable
DesiccantBedsType_DesiccantBed_Nr_TemperatureBackToDesiccantBed_MonitoringSensitivity,7500,Variable
DesiccantBedsType_DesiccantBed_Nr_TemperatureBackToDesiccantBed_MonitoringSensitivity_EnumValues,7501,Variable
DesiccantBedsType_DesiccantBed_Nr_TemperatureBackToDesiccantBed_MonitoringSensitivity_ValueAsText,7502,Variable
DesiccantBedsType_DesiccantBed_Nr_TemperatureBackToDesiccantBed_ResetMonitoring,7503,Method
DesiccantBedsType_DesiccantBed_Nr_TemperatureBackToDesiccantBed_SetRampDown,7504,Variable
DesiccantBedsType_DesiccantBed_Nr_TemperatureBackToDesiccantBed_SetRampDown_EURange,7505,Variable
DesiccantBedsType_DesiccantBed_Nr_TemperatureBackToDesiccantBed_SetRampUp,7506,Variable
DesiccantBedsType_DesiccantBed_Nr_TemperatureBackToDesiccantBed_SetRampUp_EURange,7507,Variable
DesiccantBedsType_DesiccantBed_Nr_TemperatureBackToDesiccantBed_SetValue,7508,Variable
DesiccantBedsType_DesiccantBed_Nr_TemperatureBackToDesiccantBed_SetValue_EURange,7509,Variable
DesiccantBedsType_DesiccantBed_Nr_TemperatureBackToDesiccantBed_Status,7510,Variable
DesiccantBedsType_DesiccantBed_Nr_TemperatureBackToDesiccantBed_Status_EnumValues,7511,Variable
DesiccantBedsType_DesiccantBed_Nr_TemperatureBackToDesiccantBed_Status_ValueAsText,7512,Variable
DesiccantBedsType_DesiccantBed_Nr_TemperatureBackToDesiccantBed_UpperTolerance,7513,Variable
DesiccantBedsType_DesiccantBed_Nr_TemperatureBackToDesiccantBed_UpperTolerance_EURange,7514,Variable
DesiccantBedsType_DesiccantBed_Nr_TemperatureBackToDesiccantBed_UpperTolerance2,7515,Variable
DesiccantBedsType_DesiccantBed_Nr_TemperatureBackToDesiccantBed_UpperTolerance2_EURange,7516,Variable
DesiccantBedsType_DesiccantBed_Nr_TemperatureDesiccantBedOut_AlarmSuppression,7517,Variable
DesiccantBedsType_DesiccantBed_Nr_TemperatureDesiccantBedOut_AlarmSuppression_EnumValues,7518,Variable
DesiccantBedsType_DesiccantBed_Nr_TemperatureDesiccantBedOut_AlarmSuppression_ValueAsText,7519,Variable
DesiccantBedsType_DesiccantBed_Nr_TemperatureDesiccantBedOut_AutomaticMonitoring,7520,Variable
DesiccantBedsType_DesiccantBed_Nr_TemperatureDesiccantBedOut_LowerTolerance,7521,Variable
DesiccantBedsType_DesiccantBed_Nr_TemperatureDesiccantBedOut_LowerTolerance_EURange,7522,Variable
DesiccantBedsType_DesiccantBed_Nr_TemperatureDesiccantBedOut_LowerTolerance2,7523,Variable
DesiccantBedsType_DesiccantBed_Nr_TemperatureDesiccantBedOut_LowerTolerance2_EURange,7524,Variable
DesiccantBedsType_DesiccantBed_Nr_TemperatureDesiccantBedOut_MaxValue,7525,Variable
DesiccantBedsType_DesiccantBed_Nr_TemperatureDesiccantBedOut_MaxValue_EURange,7526,Variable
DesiccantBedsType_DesiccantBed_Nr_TemperatureDesiccantBedOut_MinValue,7527,Variable
DesiccantBedsType_DesiccantBed_Nr_TemperatureDesiccantBedOut_MinValue_EURange,7528,Variable
DesiccantBedsType_DesiccantBed_Nr_TemperatureDesiccantBedOut_MonitoringSensitivity,7529,Variable
DesiccantBedsType_DesiccantBed_Nr_TemperatureDesiccantBedOut_MonitoringSensitivity_EnumValues,7530,Variable
DesiccantBedsType_DesiccantBed_Nr_TemperatureDesiccantBedOut_MonitoringSensitivity_ValueAsText,7531,Variable
DesiccantBedsType_DesiccantBed_Nr_TemperatureDesiccantBedOut_ResetMonitoring,7532,Method
DesiccantBedsType_DesiccantBed_Nr_TemperatureDesiccantBedOut_SetRampDown,7533,Variable
DesiccantBedsType_DesiccantBed_Nr_TemperatureDesiccantBedOut_SetRampDown_EURange,7534,Variable
DesiccantBedsType_DesiccantBed_Nr_TemperatureDesiccantBedOut_SetRampUp,7535,Variable
DesiccantBedsType_DesiccantBed_Nr_TemperatureDesiccantBedOut_SetRampUp_EURange,7536,Variable
DesiccantBedsType_DesiccantBed_Nr_TemperatureDesiccantBedOut_SetValue,7537,Variable
DesiccantBedsType_DesiccantBed_Nr_TemperatureDesiccantBedOut_SetValue_EURange,7538,Variable
DesiccantBedsType_DesiccantBed_Nr_TemperatureDesiccantBedOut_Status,7539,Variable
DesiccantBedsType_DesiccantBed_Nr_TemperatureDesiccantBedOut_Status_EnumValues,7540,Variable
DesiccantBedsType_DesiccantBed_Nr_TemperatureDesiccantBedOut_Status_ValueAsText,7541,Variable
DesiccantBedsType_DesiccantBed_Nr_TemperatureDesiccantBedOut_UpperTolerance,7542,Variable
DesiccantBedsType_DesiccantBed_Nr_TemperatureDesiccantBedOut_UpperTolerance_EURange,7543,Variable
DesiccantBedsType_DesiccantBed_Nr_TemperatureDesiccantBedOut_UpperTolerance2,7544,Variable
DesiccantBedsType_DesiccantBed_Nr_TemperatureDesiccantBedOut_UpperTolerance2_EURange,7545,Variable
DesiccantBedsType_DesiccantBed_Nr_TemperatureOfDesiccantBed_AlarmSuppression,7546,Variable
DesiccantBedsType_DesiccantBed_Nr_TemperatureOfDesiccantBed_AlarmSuppression_EnumValues,7547,Variable
DesiccantBedsType_DesiccantBed_Nr_TemperatureOfDesiccantBed_AlarmSuppression_ValueAsText,7548,Variable
DesiccantBedsType_DesiccantBed_Nr_TemperatureOfDesiccantBed_AutomaticMonitoring,7549,Variable
DesiccantBedsType_DesiccantBed_Nr_TemperatureOfDesiccantBed_LowerTolerance,7550,Variable
DesiccantBedsType_DesiccantBed_Nr_TemperatureOfDesiccantBed_LowerTolerance_EURange,7551,Variable
DesiccantBedsType_DesiccantBed_Nr_TemperatureOfDesiccantBed_LowerTolerance2,7552,Variable
DesiccantBedsType_DesiccantBed_Nr_TemperatureOfDesiccantBed_LowerTolerance2_EURange,7553,Variable
DesiccantBedsType_DesiccantBed_Nr_TemperatureOfDesiccantBed_MaxValue,7554,Variable
DesiccantBedsType_DesiccantBed_Nr_TemperatureOfDesiccantBed_MaxValue_EURange,7555,Variable
DesiccantBedsType_DesiccantBed_Nr_TemperatureOfDesiccantBed_MinValue,7556,Variable
DesiccantBedsType_DesiccantBed_Nr_TemperatureOfDesiccantBed_MinValue_EURange,7557,Variable
DesiccantBedsType_DesiccantBed_Nr_TemperatureOfDesiccantBed_MonitoringSensitivity,7558,Variable
DesiccantBedsType_DesiccantBed_Nr_TemperatureOfDesiccantBed_MonitoringSensitivity_EnumValues,7559,Variable
DesiccantBedsType_DesiccantBed_Nr_TemperatureOfDesiccantBed_MonitoringSensitivity_ValueAsText,7560,Variable
DesiccantBedsType_DesiccantBed_Nr_TemperatureOfDesiccantBed_ResetMonitoring,7561,Method
DesiccantBedsType_DesiccantBed_Nr_TemperatureOfDesiccantBed_SetRampDown,7562,Variable
DesiccantBedsType_DesiccantBed_Nr_TemperatureOfDesiccantBed_SetRampDown_EURange,7563,Variable
DesiccantBedsType_DesiccantBed_Nr_TemperatureOfDesiccantBed_SetRampUp,7564,Variable
DesiccantBedsType_DesiccantBed_Nr_TemperatureOfDesiccantBed_SetRampUp_EURange,7565,Variable
DesiccantBedsType_DesiccantBed_Nr_TemperatureOfDesiccantBed_SetValue,7566,Variable
DesiccantBedsType_DesiccantBed_Nr_TemperatureOfDesiccantBed_SetValue_EURange,7567,Variable
DesiccantBedsType_DesiccantBed_Nr_TemperatureOfDesiccantBed_Status,7568,Variable
DesiccantBedsType_DesiccantBed_Nr_TemperatureOfDesiccantBed_Status_EnumValues,7569,Variable
DesiccantBedsType_DesiccantBed_Nr_TemperatureOfDesiccantBed_Status_ValueAsText,7570,Variable
DesiccantBedsType_DesiccantBed_Nr_TemperatureOfDesiccantBed_UpperTolerance,7571,Variable
DesiccantBedsType_DesiccantBed_Nr_TemperatureOfDesiccantBed_UpperTolerance_EURange,7572,Variable
DesiccantBedsType_DesiccantBed_Nr_TemperatureOfDesiccantBed_UpperTolerance2,7573,Variable
DesiccantBedsType_DesiccantBed_Nr_TemperatureOfDesiccantBed_UpperTolerance2_EURange,7574,Variable
DesiccantBedsType_DesiccantBed_Nr_TotalEnergy_ActualPower,7575,Variable
DesiccantBedsType_DesiccantBed_Nr_TotalEnergy_ActualPower_EngineeringUnits,7576,Variable
DesiccantBedsType_DesiccantBed_Nr_TotalEnergy_ActualSpecificEnergy,7577,Variable
DesiccantBedsType_DesiccantBed_Nr_TotalEnergy_ActualSpecificEnergy_EngineeringUnits,7578,Variable
DesiccantBedsType_DesiccantBed_Nr_TotalEnergy_PowerConsumption,7579,Variable
DesiccantBedsType_DesiccantBed_Nr_TotalEnergy_PowerConsumption_EngineeringUnits,7580,Variable
DesiccantBedsType_DesiccantBed_Nr_TotalEnergy_PowerFactor,7581,Variable
DesiccantBedsType_DesiccantBed_Nr_AirFlow_ActualValue_Definition,7582,Variable
DesiccantBedsType_DesiccantBed_Nr_AirFlow_ActualValue_EngineeringUnits,7583,Variable
DesiccantBedsType_DesiccantBed_Nr_AirFlow_ActualValue_InstrumentRange,7584,Variable
DesiccantBedsType_DesiccantBed_Nr_AirFlow_ActualValue_ValuePrecision,7585,Variable
DesiccantBedsType_DesiccantBed_Nr_AirFlow_AlarmSuppression_Definition,7586,Variable
DesiccantBedsType_DesiccantBed_Nr_AirFlow_AlarmSuppression_ValuePrecision,7587,Variable
DesiccantBedsType_DesiccantBed_Nr_AirFlow_ClosedLoopControl_AutoTuningActive,7588,Variable
DesiccantBedsType_DesiccantBed_Nr_AirFlow_ClosedLoopControl_AutoTuningOff,7589,Method
DesiccantBedsType_DesiccantBed_Nr_AirFlow_ClosedLoopControl_AutoTuningOn,7590,Method
DesiccantBedsType_DesiccantBed_Nr_AirFlow_ClosedLoopControl_AutomaticControllerMode,7591,Variable
DesiccantBedsType_DesiccantBed_Nr_AirFlow_ClosedLoopControl_PIDParameters,7592,Variable
DesiccantBedsType_DesiccantBed_Nr_AirFlow_LowerTolerance_Definition,7593,Variable
DesiccantBedsType_DesiccantBed_Nr_AirFlow_LowerTolerance_EngineeringUnits,7594,Variable
DesiccantBedsType_DesiccantBed_Nr_AirFlow_LowerTolerance_InstrumentRange,7595,Variable
DesiccantBedsType_DesiccantBed_Nr_AirFlow_LowerTolerance_ValuePrecision,7596,Variable
DesiccantBedsType_DesiccantBed_Nr_AirFlow_LowerTolerance2_Definition,7597,Variable
DesiccantBedsType_DesiccantBed_Nr_AirFlow_LowerTolerance2_EngineeringUnits,7598,Variable
DesiccantBedsType_DesiccantBed_Nr_AirFlow_LowerTolerance2_InstrumentRange,7599,Variable
DesiccantBedsType_DesiccantBed_Nr_AirFlow_LowerTolerance2_ValuePrecision,7600,Variable
DesiccantBedsType_DesiccantBed_Nr_AirFlow_MaxValue_Definition,7601,Variable
DesiccantBedsType_DesiccantBed_Nr_AirFlow_MaxValue_EngineeringUnits,7602,Variable
DesiccantBedsType_DesiccantBed_Nr_AirFlow_MaxValue_InstrumentRange,7603,Variable
DesiccantBedsType_DesiccantBed_Nr_AirFlow_MaxValue_ValuePrecision,7604,Variable
DesiccantBedsType_DesiccantBed_Nr_AirFlow_MinValue_Definition,7605,Variable
DesiccantBedsType_DesiccantBed_Nr_AirFlow_MinValue_EngineeringUnits,7606,Variable
DesiccantBedsType_DesiccantBed_Nr_AirFlow_MinValue_InstrumentRange,7607,Variable
DesiccantBedsType_DesiccantBed_Nr_AirFlow_MinValue_ValuePrecision,7608,Variable
DesiccantBedsType_DesiccantBed_Nr_AirFlow_MonitoringSensitivity_Definition,7609,Variable
DesiccantBedsType_DesiccantBed_Nr_AirFlow_MonitoringSensitivity_ValuePrecision,7610,Variable
DesiccantBedsType_DesiccantBed_Nr_AirFlow_SetRampDown_Definition,7611,Variable
DesiccantBedsType_DesiccantBed_Nr_AirFlow_SetRampDown_EngineeringUnits,7612,Variable
DesiccantBedsType_DesiccantBed_Nr_AirFlow_SetRampDown_InstrumentRange,7613,Variable
DesiccantBedsType_DesiccantBed_Nr_AirFlow_SetRampDown_ValuePrecision,7614,Variable
DesiccantBedsType_DesiccantBed_Nr_AirFlow_SetRampUp_Definition,7615,Variable
DesiccantBedsType_DesiccantBed_Nr_AirFlow_SetRampUp_EngineeringUnits,7616,Variable
DesiccantBedsType_DesiccantBed_Nr_AirFlow_SetRampUp_InstrumentRange,7617,Variable
DesiccantBedsType_DesiccantBed_Nr_AirFlow_SetRampUp_ValuePrecision,7618,Variable
DesiccantBedsType_DesiccantBed_Nr_AirFlow_SetValue_Definition,7619,Variable
DesiccantBedsType_DesiccantBed_Nr_AirFlow_SetValue_EngineeringUnits,7620,Variable
DesiccantBedsType_DesiccantBed_Nr_AirFlow_SetValue_InstrumentRange,7621,Variable
DesiccantBedsType_DesiccantBed_Nr_AirFlow_SetValue_ValuePrecision,7622,Variable
DesiccantBedsType_DesiccantBed_Nr_AirFlow_Status_Definition,7623,Variable
DesiccantBedsType_DesiccantBed_Nr_AirFlow_Status_ValuePrecision,7624,Variable
DesiccantBedsType_DesiccantBed_Nr_AirFlow_UpperTolerance_Definition,7625,Variable
DesiccantBedsType_DesiccantBed_Nr_AirFlow_UpperTolerance_EngineeringUnits,7626,Variable
DesiccantBedsType_DesiccantBed_Nr_AirFlow_UpperTolerance_InstrumentRange,7627,Variable
DesiccantBedsType_DesiccantBed_Nr_AirFlow_UpperTolerance_ValuePrecision,7628,Variable
DesiccantBedsType_DesiccantBed_Nr_AirFlow_UpperTolerance2_Definition,7629,Variable
DesiccantBedsType_DesiccantBed_Nr_AirFlow_UpperTolerance2_EngineeringUnits,7630,Variable
DesiccantBedsType_DesiccantBed_Nr_AirFlow_UpperTolerance2_InstrumentRange,7631,Variable
DesiccantBedsType_DesiccantBed_Nr_AirFlow_UpperTolerance2_ValuePrecision,7632,Variable
DesiccantBedsType_DesiccantBed_Nr_DewPoint_ActualValue_Definition,7633,Variable
DesiccantBedsType_DesiccantBed_Nr_DewPoint_ActualValue_EngineeringUnits,7634,Variable
DesiccantBedsType_DesiccantBed_Nr_DewPoint_ActualValue_InstrumentRange,7635,Variable
DesiccantBedsType_DesiccantBed_Nr_DewPoint_ActualValue_ValuePrecision,7636,Variable
DesiccantBedsType_DesiccantBed_Nr_DewPoint_AlarmSuppression_Definition,7637,Variable
DesiccantBedsType_DesiccantBed_Nr_DewPoint_AlarmSuppression_ValuePrecision,7638,Variable
DesiccantBedsType_DesiccantBed_Nr_DewPoint_LowerTolerance_Definition,7639,Variable
DesiccantBedsType_DesiccantBed_Nr_DewPoint_LowerTolerance_EngineeringUnits,7640,Variable
DesiccantBedsType_DesiccantBed_Nr_DewPoint_LowerTolerance_InstrumentRange,7641,Variable
DesiccantBedsType_DesiccantBed_Nr_DewPoint_LowerTolerance_ValuePrecision,7642,Variable
DesiccantBedsType_DesiccantBed_Nr_DewPoint_LowerTolerance2_Definition,7643,Variable
DesiccantBedsType_DesiccantBed_Nr_DewPoint_LowerTolerance2_EngineeringUnits,7644,Variable
DesiccantBedsType_DesiccantBed_Nr_DewPoint_LowerTolerance2_InstrumentRange,7645,Variable
DesiccantBedsType_DesiccantBed_Nr_DewPoint_LowerTolerance2_ValuePrecision,7646,Variable
DesiccantBedsType_DesiccantBed_Nr_DewPoint_MaxValue_Definition,7647,Variable
DesiccantBedsType_DesiccantBed_Nr_DewPoint_MaxValue_EngineeringUnits,7648,Variable
DesiccantBedsType_DesiccantBed_Nr_DewPoint_MaxValue_InstrumentRange,7649,Variable
DesiccantBedsType_DesiccantBed_Nr_DewPoint_MaxValue_ValuePrecision,7650,Variable
DesiccantBedsType_DesiccantBed_Nr_DewPoint_MinValue_Definition,7651,Variable
DesiccantBedsType_DesiccantBed_Nr_DewPoint_MinValue_EngineeringUnits,7652,Variable
DesiccantBedsType_DesiccantBed_Nr_DewPoint_MinValue_InstrumentRange,7653,Variable
DesiccantBedsType_DesiccantBed_Nr_DewPoint_MinValue_ValuePrecision,7654,Variable
DesiccantBedsType_DesiccantBed_Nr_DewPoint_MonitoringSensitivity_Definition,7655,Variable
DesiccantBedsType_DesiccantBed_Nr_DewPoint_MonitoringSensitivity_ValuePrecision,7656,Variable
DesiccantBedsType_DesiccantBed_Nr_DewPoint_SetRampDown_Definition,7657,Variable
DesiccantBedsType_DesiccantBed_Nr_DewPoint_SetRampDown_EngineeringUnits,7658,Variable
DesiccantBedsType_DesiccantBed_Nr_DewPoint_SetRampDown_InstrumentRange,7659,Variable
DesiccantBedsType_DesiccantBed_Nr_DewPoint_SetRampDown_ValuePrecision,7660,Variable
DesiccantBedsType_DesiccantBed_Nr_DewPoint_SetRampUp_Definition,7661,Variable
DesiccantBedsType_DesiccantBed_Nr_DewPoint_SetRampUp_EngineeringUnits,7662,Variable
DesiccantBedsType_DesiccantBed_Nr_DewPoint_SetRampUp_InstrumentRange,7663,Variable
DesiccantBedsType_DesiccantBed_Nr_DewPoint_SetRampUp_ValuePrecision,7664,Variable
DesiccantBedsType_DesiccantBed_Nr_DewPoint_SetValue_Definition,7665,Variable
DesiccantBedsType_DesiccantBed_Nr_DewPoint_SetValue_EngineeringUnits,7666,Variable
DesiccantBedsType_DesiccantBed_Nr_DewPoint_SetValue_InstrumentRange,7667,Variable
DesiccantBedsType_DesiccantBed_Nr_DewPoint_SetValue_ValuePrecision,7668,Variable
DesiccantBedsType_DesiccantBed_Nr_DewPoint_Status_Definition,7669,Variable
DesiccantBedsType_DesiccantBed_Nr_DewPoint_Status_ValuePrecision,7670,Variable
DesiccantBedsType_DesiccantBed_Nr_DewPoint_UpperTolerance_Definition,7671,Variable
DesiccantBedsType_DesiccantBed_Nr_DewPoint_UpperTolerance_EngineeringUnits,7672,Variable
DesiccantBedsType_DesiccantBed_Nr_DewPoint_UpperTolerance_InstrumentRange,7673,Variable
DesiccantBedsType_DesiccantBed_Nr_DewPoint_UpperTolerance_ValuePrecision,7674,Variable
DesiccantBedsType_DesiccantBed_Nr_DewPoint_UpperTolerance2_Definition,7675,Variable
DesiccantBedsType_DesiccantBed_Nr_DewPoint_UpperTolerance2_EngineeringUnits,7676,Variable
DesiccantBedsType_DesiccantBed_Nr_DewPoint_UpperTolerance2_InstrumentRange,7677,Variable
DesiccantBedsType_DesiccantBed_Nr_DewPoint_UpperTolerance2_ValuePrecision,7678,Variable
DesiccantBedsType_DesiccantBed_Nr_TemperatureBackToDesiccantBed_ActualValue_Definition,7679,Variable
DesiccantBedsType_DesiccantBed_Nr_TemperatureBackToDesiccantBed_ActualValue_EngineeringUnits,7680,Variable
DesiccantBedsType_DesiccantBed_Nr_TemperatureBackToDesiccantBed_ActualValue_InstrumentRange,7681,Variable
DesiccantBedsType_DesiccantBed_Nr_TemperatureBackToDesiccantBed_ActualValue_ValuePrecision,7682,Variable
DesiccantBedsType_DesiccantBed_Nr_TemperatureBackToDesiccantBed_AlarmSuppression_Definition,7683,Variable
DesiccantBedsType_DesiccantBed_Nr_TemperatureBackToDesiccantBed_AlarmSuppression_ValuePrecision,7684,Variable
DesiccantBedsType_DesiccantBed_Nr_TemperatureBackToDesiccantBed_LowerTolerance_Definition,7685,Variable
DesiccantBedsType_DesiccantBed_Nr_TemperatureBackToDesiccantBed_LowerTolerance_EngineeringUnits,7686,Variable
DesiccantBedsType_DesiccantBed_Nr_TemperatureBackToDesiccantBed_LowerTolerance_InstrumentRange,7687,Variable
DesiccantBedsType_DesiccantBed_Nr_TemperatureBackToDesiccantBed_LowerTolerance_ValuePrecision,7688,Variable
DesiccantBedsType_DesiccantBed_Nr_TemperatureBackToDesiccantBed_LowerTolerance2_Definition,7689,Variable
DesiccantBedsType_DesiccantBed_Nr_TemperatureBackToDesiccantBed_LowerTolerance2_EngineeringUnits,7690,Variable
DesiccantBedsType_DesiccantBed_Nr_TemperatureBackToDesiccantBed_LowerTolerance2_InstrumentRange,7691,Variable
DesiccantBedsType_DesiccantBed_Nr_TemperatureBackToDesiccantBed_LowerTolerance2_ValuePrecision,7692,Variable
DesiccantBedsType_DesiccantBed_Nr_TemperatureBackToDesiccantBed_MaxValue_Definition,7693,Variable
DesiccantBedsType_DesiccantBed_Nr_TemperatureBackToDesiccantBed_MaxValue_EngineeringUnits,7694,Variable
DesiccantBedsType_DesiccantBed_Nr_TemperatureBackToDesiccantBed_MaxValue_InstrumentRange,7695,Variable
DesiccantBedsType_DesiccantBed_Nr_TemperatureBackToDesiccantBed_MaxValue_ValuePrecision,7696,Variable
DesiccantBedsType_DesiccantBed_Nr_TemperatureBackToDesiccantBed_MinValue_Definition,7697,Variable
DesiccantBedsType_DesiccantBed_Nr_TemperatureBackToDesiccantBed_MinValue_EngineeringUnits,7698,Variable
DesiccantBedsType_DesiccantBed_Nr_TemperatureBackToDesiccantBed_MinValue_InstrumentRange,7699,Variable
DesiccantBedsType_DesiccantBed_Nr_TemperatureBackToDesiccantBed_MinValue_ValuePrecision,7700,Variable
DesiccantBedsType_DesiccantBed_Nr_TemperatureBackToDesiccantBed_MonitoringSensitivity_Definition,7701,Variable
DesiccantBedsType_DesiccantBed_Nr_TemperatureBackToDesiccantBed_MonitoringSensitivity_ValuePrecision,7702,Variable
DesiccantBedsType_DesiccantBed_Nr_TemperatureBackToDesiccantBed_SetRampDown_Definition,7703,Variable
DesiccantBedsType_DesiccantBed_Nr_TemperatureBackToDesiccantBed_SetRampDown_EngineeringUnits,7704,Variable
DesiccantBedsType_DesiccantBed_Nr_TemperatureBackToDesiccantBed_SetRampDown_InstrumentRange,7705,Variable
DesiccantBedsType_DesiccantBed_Nr_TemperatureBackToDesiccantBed_SetRampDown_ValuePrecision,7706,Variable
DesiccantBedsType_DesiccantBed_Nr_TemperatureBackToDesiccantBed_SetRampUp_Definition,7707,Variable
DesiccantBedsType_DesiccantBed_Nr_TemperatureBackToDesiccantBed_SetRampUp_EngineeringUnits,7708,Variable
DesiccantBedsType_DesiccantBed_Nr_TemperatureBackToDesiccantBed_SetRampUp_InstrumentRange,7709,Variable
DesiccantBedsType_DesiccantBed_Nr_TemperatureBackToDesiccantBed_SetRampUp_ValuePrecision,7710,Variable
DesiccantBedsType_DesiccantBed_Nr_TemperatureBackToDesiccantBed_SetValue_Definition,7711,Variable
DesiccantBedsType_DesiccantBed_Nr_TemperatureBackToDesiccantBed_SetValue_EngineeringUnits,7712,Variable
DesiccantBedsType_DesiccantBed_Nr_TemperatureBackToDesiccantBed_SetValue_InstrumentRange,7713,Variable
DesiccantBedsType_DesiccantBed_Nr_TemperatureBackToDesiccantBed_SetValue_ValuePrecision,7714,Variable
DesiccantBedsType_DesiccantBed_Nr_TemperatureBackToDesiccantBed_Status_Definition,7715,Variable
DesiccantBedsType_DesiccantBed_Nr_TemperatureBackToDesiccantBed_Status_ValuePrecision,7716,Variable
DesiccantBedsType_DesiccantBed_Nr_TemperatureBackToDesiccantBed_UpperTolerance_Definition,7717,Variable
DesiccantBedsType_DesiccantBed_Nr_TemperatureBackToDesiccantBed_UpperTolerance_EngineeringUnits,7718,Variable
DesiccantBedsType_DesiccantBed_Nr_TemperatureBackToDesiccantBed_UpperTolerance_InstrumentRange,7719,Variable
DesiccantBedsType_DesiccantBed_Nr_TemperatureBackToDesiccantBed_UpperTolerance_ValuePrecision,7720,Variable
DesiccantBedsType_DesiccantBed_Nr_TemperatureBackToDesiccantBed_UpperTolerance2_Definition,7721,Variable
DesiccantBedsType_DesiccantBed_Nr_TemperatureBackToDesiccantBed_UpperTolerance2_EngineeringUnits,7722,Variable
DesiccantBedsType_DesiccantBed_Nr_TemperatureBackToDesiccantBed_UpperTolerance2_InstrumentRange,7723,Variable
DesiccantBedsType_DesiccantBed_Nr_TemperatureBackToDesiccantBed_UpperTolerance2_ValuePrecision,7724,Variable
DesiccantBedsType_DesiccantBed_Nr_TemperatureDesiccantBedOut_ActualValue_Definition,7725,Variable
DesiccantBedsType_DesiccantBed_Nr_TemperatureDesiccantBedOut_ActualValue_EngineeringUnits,7726,Variable
DesiccantBedsType_DesiccantBed_Nr_TemperatureDesiccantBedOut_ActualValue_InstrumentRange,7727,Variable
DesiccantBedsType_DesiccantBed_Nr_TemperatureDesiccantBedOut_ActualValue_ValuePrecision,7728,Variable
DesiccantBedsType_DesiccantBed_Nr_TemperatureDesiccantBedOut_AlarmSuppression_Definition,7729,Variable
DesiccantBedsType_DesiccantBed_Nr_TemperatureDesiccantBedOut_AlarmSuppression_ValuePrecision,7730,Variable
DesiccantBedsType_DesiccantBed_Nr_TemperatureDesiccantBedOut_LowerTolerance_Definition,7731,Variable
DesiccantBedsType_DesiccantBed_Nr_TemperatureDesiccantBedOut_LowerTolerance_EngineeringUnits,7732,Variable
DesiccantBedsType_DesiccantBed_Nr_TemperatureDesiccantBedOut_LowerTolerance_InstrumentRange,7733,Variable
DesiccantBedsType_DesiccantBed_Nr_TemperatureDesiccantBedOut_LowerTolerance_ValuePrecision,7734,Variable
DesiccantBedsType_DesiccantBed_Nr_TemperatureDesiccantBedOut_LowerTolerance2_Definition,7735,Variable
DesiccantBedsType_DesiccantBed_Nr_TemperatureDesiccantBedOut_LowerTolerance2_EngineeringUnits,7736,Variable
DesiccantBedsType_DesiccantBed_Nr_TemperatureDesiccantBedOut_LowerTolerance2_InstrumentRange,7737,Variable
DesiccantBedsType_DesiccantBed_Nr_TemperatureDesiccantBedOut_LowerTolerance2_ValuePrecision,7738,Variable
DesiccantBedsType_DesiccantBed_Nr_TemperatureDesiccantBedOut_MaxValue_Definition,7739,Variable
DesiccantBedsType_DesiccantBed_Nr_TemperatureDesiccantBedOut_MaxValue_EngineeringUnits,7740,Variable
DesiccantBedsType_DesiccantBed_Nr_TemperatureDesiccantBedOut_MaxValue_InstrumentRange,7741,Variable
DesiccantBedsType_DesiccantBed_Nr_TemperatureDesiccantBedOut_MaxValue_ValuePrecision,7742,Variable
DesiccantBedsType_DesiccantBed_Nr_TemperatureDesiccantBedOut_MinValue_Definition,7743,Variable
DesiccantBedsType_DesiccantBed_Nr_TemperatureDesiccantBedOut_MinValue_EngineeringUnits,7744,Variable
DesiccantBedsType_DesiccantBed_Nr_TemperatureDesiccantBedOut_MinValue_InstrumentRange,7745,Variable
DesiccantBedsType_DesiccantBed_Nr_TemperatureDesiccantBedOut_MinValue_ValuePrecision,7746,Variable
DesiccantBedsType_DesiccantBed_Nr_TemperatureDesiccantBedOut_MonitoringSensitivity_Definition,7747,Variable
DesiccantBedsType_DesiccantBed_Nr_TemperatureDesiccantBedOut_MonitoringSensitivity_ValuePrecision,7748,Variable
DesiccantBedsType_DesiccantBed_Nr_TemperatureDesiccantBedOut_SetRampDown_Definition,7749,Variable
DesiccantBedsType_DesiccantBed_Nr_TemperatureDesiccantBedOut_SetRampDown_EngineeringUnits,7750,Variable
DesiccantBedsType_DesiccantBed_Nr_TemperatureDesiccantBedOut_SetRampDown_InstrumentRange,7751,Variable
DesiccantBedsType_DesiccantBed_Nr_TemperatureDesiccantBedOut_SetRampDown_ValuePrecision,7752,Variable
DesiccantBedsType_DesiccantBed_Nr_TemperatureDesiccantBedOut_SetRampUp_Definition,7753,Variable
DesiccantBedsType_DesiccantBed_Nr_TemperatureDesiccantBedOut_SetRampUp_EngineeringUnits,7754,Variable
DesiccantBedsType_DesiccantBed_Nr_TemperatureDesiccantBedOut_SetRampUp_InstrumentRange,7755,Variable
DesiccantBedsType_DesiccantBed_Nr_TemperatureDesiccantBedOut_SetRampUp_ValuePrecision,7756,Variable
DesiccantBedsType_DesiccantBed_Nr_TemperatureDesiccantBedOut_SetValue_Definition,7757,Variable
DesiccantBedsType_DesiccantBed_Nr_TemperatureDesiccantBedOut_SetValue_EngineeringUnits,7758,Variable
DesiccantBedsType_DesiccantBed_Nr_TemperatureDesiccantBedOut_SetValue_InstrumentRange,7759,Variable
DesiccantBedsType_DesiccantBed_Nr_TemperatureDesiccantBedOut_SetValue_ValuePrecision,7760,Variable
DesiccantBedsType_DesiccantBed_Nr_TemperatureDesiccantBedOut_Status_Definition,7761,Variable
DesiccantBedsType_DesiccantBed_Nr_TemperatureDesiccantBedOut_Status_ValuePrecision,7762,Variable
DesiccantBedsType_DesiccantBed_Nr_TemperatureDesiccantBedOut_UpperTolerance_Definition,7763,Variable
DesiccantBedsType_DesiccantBed_Nr_TemperatureDesiccantBedOut_UpperTolerance_EngineeringUnits,7764,Variable
DesiccantBedsType_DesiccantBed_Nr_TemperatureDesiccantBedOut_UpperTolerance_InstrumentRange,7765,Variable
DesiccantBedsType_DesiccantBed_Nr_TemperatureDesiccantBedOut_UpperTolerance_ValuePrecision,7766,Variable
DesiccantBedsType_DesiccantBed_Nr_TemperatureDesiccantBedOut_UpperTolerance2_Definition,7767,Variable
DesiccantBedsType_DesiccantBed_Nr_TemperatureDesiccantBedOut_UpperTolerance2_EngineeringUnits,7768,Variable
DesiccantBedsType_DesiccantBed_Nr_TemperatureDesiccantBedOut_UpperTolerance2_InstrumentRange,7769,Variable
DesiccantBedsType_DesiccantBed_Nr_TemperatureDesiccantBedOut_UpperTolerance2_ValuePrecision,7770,Variable
DesiccantBedsType_DesiccantBed_Nr_TemperatureOfDesiccantBed_ActualValue_Definition,7771,Variable
DesiccantBedsType_DesiccantBed_Nr_TemperatureOfDesiccantBed_ActualValue_EngineeringUnits,7772,Variable
DesiccantBedsType_DesiccantBed_Nr_TemperatureOfDesiccantBed_ActualValue_InstrumentRange,7773,Variable
DesiccantBedsType_DesiccantBed_Nr_TemperatureOfDesiccantBed_ActualValue_ValuePrecision,7774,Variable
DesiccantBedsType_DesiccantBed_Nr_TemperatureOfDesiccantBed_AlarmSuppression_Definition,7775,Variable
DesiccantBedsType_DesiccantBed_Nr_TemperatureOfDesiccantBed_AlarmSuppression_ValuePrecision,7776,Variable
DesiccantBedsType_DesiccantBed_Nr_TemperatureOfDesiccantBed_ClosedLoopControl_AutoTuningActive,7777,Variable
DesiccantBedsType_DesiccantBed_Nr_TemperatureOfDesiccantBed_ClosedLoopControl_AutoTuningOff,7778,Method
DesiccantBedsType_DesiccantBed_Nr_TemperatureOfDesiccantBed_ClosedLoopControl_AutoTuningOn,7779,Method
DesiccantBedsType_DesiccantBed_Nr_TemperatureOfDesiccantBed_ClosedLoopControl_AutomaticControllerMode,7780,Variable
DesiccantBedsType_DesiccantBed_Nr_TemperatureOfDesiccantBed_ClosedLoopControl_PIDParameters,7781,Variable
DesiccantBedsType_DesiccantBed_Nr_TemperatureOfDesiccantBed_LowerTolerance_Definition,7782,Variable
DesiccantBedsType_DesiccantBed_Nr_TemperatureOfDesiccantBed_LowerTolerance_EngineeringUnits,7783,Variable
DesiccantBedsType_DesiccantBed_Nr_TemperatureOfDesiccantBed_LowerTolerance_InstrumentRange,7784,Variable
DesiccantBedsType_DesiccantBed_Nr_TemperatureOfDesiccantBed_LowerTolerance_ValuePrecision,7785,Variable
DesiccantBedsType_DesiccantBed_Nr_TemperatureOfDesiccantBed_LowerTolerance2_Definition,7786,Variable
DesiccantBedsType_DesiccantBed_Nr_TemperatureOfDesiccantBed_LowerTolerance2_EngineeringUnits,7787,Variable
DesiccantBedsType_DesiccantBed_Nr_TemperatureOfDesiccantBed_LowerTolerance2_InstrumentRange,7788,Variable
DesiccantBedsType_DesiccantBed_Nr_TemperatureOfDesiccantBed_LowerTolerance2_ValuePrecision,7789,Variable
DesiccantBedsType_DesiccantBed_Nr_TemperatureOfDesiccantBed_MaxValue_Definition,7790,Variable
DesiccantBedsType_DesiccantBed_Nr_TemperatureOfDesiccantBed_MaxValue_EngineeringUnits,7791,Variable
DesiccantBedsType_DesiccantBed_Nr_TemperatureOfDesiccantBed_MaxValue_InstrumentRange,7792,Variable
DesiccantBedsType_DesiccantBed_Nr_TemperatureOfDesiccantBed_MaxValue_ValuePrecision,7793,Variable
DesiccantBedsType_DesiccantBed_Nr_TemperatureOfDesiccantBed_MinValue_Definition,7794,Variable
DesiccantBedsType_DesiccantBed_Nr_TemperatureOfDesiccantBed_MinValue_EngineeringUnits,7795,Variable
DesiccantBedsType_DesiccantBed_Nr_TemperatureOfDesiccantBed_MinValue_InstrumentRange,7796,Variable
DesiccantBedsType_DesiccantBed_Nr_TemperatureOfDesiccantBed_MinValue_ValuePrecision,7797,Variable
DesiccantBedsType_DesiccantBed_Nr_TemperatureOfDesiccantBed_MonitoringSensitivity_Definition,7798,Variable
DesiccantBedsType_DesiccantBed_Nr_TemperatureOfDesiccantBed_MonitoringSensitivity_ValuePrecision,7799,Variable
DesiccantBedsType_DesiccantBed_Nr_TemperatureOfDesiccantBed_SetRampDown_Definition,7800,Variable
DesiccantBedsType_DesiccantBed_Nr_TemperatureOfDesiccantBed_SetRampDown_EngineeringUnits,7801,Variable
DesiccantBedsType_DesiccantBed_Nr_TemperatureOfDesiccantBed_SetRampDown_InstrumentRange,7802,Variable
DesiccantBedsType_DesiccantBed_Nr_TemperatureOfDesiccantBed_SetRampDown_ValuePrecision,7803,Variable
DesiccantBedsType_DesiccantBed_Nr_TemperatureOfDesiccantBed_SetRampUp_Definition,7804,Variable
DesiccantBedsType_DesiccantBed_Nr_TemperatureOfDesiccantBed_SetRampUp_EngineeringUnits,7805,Variable
DesiccantBedsType_DesiccantBed_Nr_TemperatureOfDesiccantBed_SetRampUp_InstrumentRange,7806,Variable
DesiccantBedsType_DesiccantBed_Nr_TemperatureOfDesiccantBed_SetRampUp_ValuePrecision,7807,Variable
DesiccantBedsType_DesiccantBed_Nr_TemperatureOfDesiccantBed_SetValue_Definition,7808,Variable
DesiccantBedsType_DesiccantBed_Nr_TemperatureOfDesiccantBed_SetValue_EngineeringUnits,7809,Variable
DesiccantBedsType_DesiccantBed_Nr_TemperatureOfDesiccantBed_SetValue_InstrumentRange,7810,Variable
DesiccantBedsType_DesiccantBed_Nr_TemperatureOfDesiccantBed_SetValue_ValuePrecision,7811,Variable
DesiccantBedsType_DesiccantBed_Nr_TemperatureOfDesiccantBed_Status_Definition,7812,Variable
DesiccantBedsType_DesiccantBed_Nr_TemperatureOfDesiccantBed_Status_ValuePrecision,7813,Variable
DesiccantBedsType_DesiccantBed_Nr_TemperatureOfDesiccantBed_UpperTolerance_Definition,7814,Variable
DesiccantBedsType_DesiccantBed_Nr_TemperatureOfDesiccantBed_UpperTolerance_EngineeringUnits,7815,Variable
DesiccantBedsType_DesiccantBed_Nr_TemperatureOfDesiccantBed_UpperTolerance_InstrumentRange,7816,Variable
DesiccantBedsType_DesiccantBed_Nr_TemperatureOfDesiccantBed_UpperTolerance_ValuePrecision,7817,Variable
DesiccantBedsType_DesiccantBed_Nr_TemperatureOfDesiccantBed_UpperTolerance2_Definition,7818,Variable
DesiccantBedsType_DesiccantBed_Nr_TemperatureOfDesiccantBed_UpperTolerance2_EngineeringUnits,7819,Variable
DesiccantBedsType_DesiccantBed_Nr_TemperatureOfDesiccantBed_UpperTolerance2_InstrumentRange,7820,Variable
DesiccantBedsType_DesiccantBed_Nr_TemperatureOfDesiccantBed_UpperTolerance2_ValuePrecision,7821,Variable
DesiccantBedsType_DesiccantBed_Nr_TotalEnergy_ActualPower_Definition,7822,Variable
DesiccantBedsType_DesiccantBed_Nr_TotalEnergy_ActualPower_EURange,7823,Variable
DesiccantBedsType_DesiccantBed_Nr_TotalEnergy_ActualPower_InstrumentRange,7824,Variable
DesiccantBedsType_DesiccantBed_Nr_TotalEnergy_ActualPower_ValuePrecision,7825,Variable
DesiccantBedsType_DesiccantBed_Nr_TotalEnergy_ActualSpecificEnergy_Definition,7826,Variable
DesiccantBedsType_DesiccantBed_Nr_TotalEnergy_ActualSpecificEnergy_EURange,7827,Variable
DesiccantBedsType_DesiccantBed_Nr_TotalEnergy_ActualSpecificEnergy_InstrumentRange,7828,Variable
DesiccantBedsType_DesiccantBed_Nr_TotalEnergy_ActualSpecificEnergy_ValuePrecision,7829,Variable
DesiccantBedsType_DesiccantBed_Nr_TotalEnergy_PowerConsumption_Definition,7830,Variable
DesiccantBedsType_DesiccantBed_Nr_TotalEnergy_PowerConsumption_EURange,7831,Variable
DesiccantBedsType_DesiccantBed_Nr_TotalEnergy_PowerConsumption_InstrumentRange,7832,Variable
DesiccantBedsType_DesiccantBed_Nr_TotalEnergy_PowerConsumption_ValuePrecision,7833,Variable
DryerType_Bins_Bin_Nr_AmbientAirTemperature_AlarmSuppression,7834,Variable
DryerType_Bins_Bin_Nr_AmbientAirTemperature_AlarmSuppression_EnumValues,7835,Variable
DryerType_Bins_Bin_Nr_AmbientAirTemperature_AlarmSuppression_ValueAsText,7836,Variable
DryerType_Bins_Bin_Nr_AmbientAirTemperature_AutomaticMonitoring,7837,Variable
DryerType_Bins_Bin_Nr_AmbientAirTemperature_LowerTolerance,7838,Variable
DryerType_Bins_Bin_Nr_AmbientAirTemperature_LowerTolerance_EURange,7839,Variable
DryerType_Bins_Bin_Nr_AmbientAirTemperature_LowerTolerance2,7840,Variable
DryerType_Bins_Bin_Nr_AmbientAirTemperature_LowerTolerance2_EURange,7841,Variable
DryerType_Bins_Bin_Nr_AmbientAirTemperature_MaxValue,7842,Variable
DryerType_Bins_Bin_Nr_AmbientAirTemperature_MaxValue_EURange,7843,Variable
DryerType_Bins_Bin_Nr_AmbientAirTemperature_MinValue,7844,Variable
DryerType_Bins_Bin_Nr_AmbientAirTemperature_MinValue_EURange,7845,Variable
DryerType_Bins_Bin_Nr_AmbientAirTemperature_MonitoringSensitivity,7846,Variable
DryerType_Bins_Bin_Nr_AmbientAirTemperature_MonitoringSensitivity_EnumValues,7847,Variable
DryerType_Bins_Bin_Nr_AmbientAirTemperature_MonitoringSensitivity_ValueAsText,7848,Variable
DryerType_Bins_Bin_Nr_AmbientAirTemperature_ResetMonitoring,7849,Method
DryerType_Bins_Bin_Nr_AmbientAirTemperature_SetRampDown,7850,Variable
DryerType_Bins_Bin_Nr_AmbientAirTemperature_SetRampDown_EURange,7851,Variable
DryerType_Bins_Bin_Nr_AmbientAirTemperature_SetRampUp,7852,Variable
DryerType_Bins_Bin_Nr_AmbientAirTemperature_SetRampUp_EURange,7853,Variable
DryerType_Bins_Bin_Nr_AmbientAirTemperature_SetValue,7854,Variable
DryerType_Bins_Bin_Nr_AmbientAirTemperature_SetValue_EURange,7855,Variable
DryerType_Bins_Bin_Nr_AmbientAirTemperature_Status,7856,Variable
DryerType_Bins_Bin_Nr_AmbientAirTemperature_Status_EnumValues,7857,Variable
DryerType_Bins_Bin_Nr_AmbientAirTemperature_Status_ValueAsText,7858,Variable
DryerType_Bins_Bin_Nr_AmbientAirTemperature_UpperTolerance,7859,Variable
DryerType_Bins_Bin_Nr_AmbientAirTemperature_UpperTolerance_EURange,7860,Variable
DryerType_Bins_Bin_Nr_AmbientAirTemperature_UpperTolerance2,7861,Variable
DryerType_Bins_Bin_Nr_AmbientAirTemperature_UpperTolerance2_EURange,7862,Variable
DryerType_Bins_Bin_Nr_DryAirTemperature_AlarmSuppression,7863,Variable
DryerType_Bins_Bin_Nr_DryAirTemperature_AlarmSuppression_EnumValues,7864,Variable
DryerType_Bins_Bin_Nr_DryAirTemperature_AlarmSuppression_ValueAsText,7865,Variable
DryerType_Bins_Bin_Nr_DryAirTemperature_AutomaticMonitoring,7866,Variable
DryerType_Bins_Bin_Nr_DryAirTemperature_LowerTolerance,7867,Variable
DryerType_Bins_Bin_Nr_DryAirTemperature_LowerTolerance_EURange,7868,Variable
DryerType_Bins_Bin_Nr_DryAirTemperature_LowerTolerance2,7869,Variable
DryerType_Bins_Bin_Nr_DryAirTemperature_LowerTolerance2_EURange,7870,Variable
DryerType_Bins_Bin_Nr_DryAirTemperature_MaxValue,7871,Variable
DryerType_Bins_Bin_Nr_DryAirTemperature_MaxValue_EURange,7872,Variable
DryerType_Bins_Bin_Nr_DryAirTemperature_MinValue,7873,Variable
DryerType_Bins_Bin_Nr_DryAirTemperature_MinValue_EURange,7874,Variable
DryerType_Bins_Bin_Nr_DryAirTemperature_MonitoringSensitivity,7875,Variable
DryerType_Bins_Bin_Nr_DryAirTemperature_MonitoringSensitivity_EnumValues,7876,Variable
DryerType_Bins_Bin_Nr_DryAirTemperature_MonitoringSensitivity_ValueAsText,7877,Variable
DryerType_Bins_Bin_Nr_DryAirTemperature_ResetMonitoring,7878,Method
DryerType_Bins_Bin_Nr_DryAirTemperature_SetRampDown,7879,Variable
DryerType_Bins_Bin_Nr_DryAirTemperature_SetRampDown_EURange,7880,Variable
DryerType_Bins_Bin_Nr_DryAirTemperature_SetRampUp,7881,Variable
DryerType_Bins_Bin_Nr_DryAirTemperature_SetRampUp_EURange,7882,Variable
DryerType_Bins_Bin_Nr_DryAirTemperature_SetValue,7883,Variable
DryerType_Bins_Bin_Nr_DryAirTemperature_SetValue_EURange,7884,Variable
DryerType_Bins_Bin_Nr_DryAirTemperature_Status,7885,Variable
DryerType_Bins_Bin_Nr_DryAirTemperature_Status_EnumValues,7886,Variable
DryerType_Bins_Bin_Nr_DryAirTemperature_Status_ValueAsText,7887,Variable
DryerType_Bins_Bin_Nr_DryAirTemperature_UpperTolerance,7888,Variable
DryerType_Bins_Bin_Nr_DryAirTemperature_UpperTolerance_EURange,7889,Variable
DryerType_Bins_Bin_Nr_DryAirTemperature_UpperTolerance2,7890,Variable
DryerType_Bins_Bin_Nr_DryAirTemperature_UpperTolerance2_EURange,7891,Variable
DryerType_Bins_Bin_Nr_Temperature_AlarmSuppression,7892,Variable
DryerType_Bins_Bin_Nr_Temperature_AlarmSuppression_EnumValues,7893,Variable
DryerType_Bins_Bin_Nr_Temperature_AlarmSuppression_ValueAsText,7894,Variable
DryerType_Bins_Bin_Nr_Temperature_AutomaticMonitoring,7895,Variable
DryerType_Bins_Bin_Nr_Temperature_LowerTolerance,7896,Variable
DryerType_Bins_Bin_Nr_Temperature_LowerTolerance_EURange,7897,Variable
DryerType_Bins_Bin_Nr_Temperature_LowerTolerance2,7898,Variable
DryerType_Bins_Bin_Nr_Temperature_LowerTolerance2_EURange,7899,Variable
DryerType_Bins_Bin_Nr_Temperature_MaxValue,7900,Variable
DryerType_Bins_Bin_Nr_Temperature_MaxValue_EURange,7901,Variable
DryerType_Bins_Bin_Nr_Temperature_MinValue,7902,Variable
DryerType_Bins_Bin_Nr_Temperature_MinValue_EURange,7903,Variable
DryerType_Bins_Bin_Nr_Temperature_MonitoringSensitivity,7904,Variable
DryerType_Bins_Bin_Nr_Temperature_MonitoringSensitivity_EnumValues,7905,Variable
DryerType_Bins_Bin_Nr_Temperature_MonitoringSensitivity_ValueAsText,7906,Variable
DryerType_Bins_Bin_Nr_Temperature_ResetMonitoring,7907,Method
DryerType_Bins_Bin_Nr_Temperature_SetRampDown,7908,Variable
DryerType_Bins_Bin_Nr_Temperature_SetRampDown_EURange,7909,Variable
DryerType_Bins_Bin_Nr_Temperature_SetRampUp,7910,Variable
DryerType_Bins_Bin_Nr_Temperature_SetRampUp_EURange,7911,Variable
DryerType_Bins_Bin_Nr_Temperature_SetValue,7912,Variable
DryerType_Bins_Bin_Nr_Temperature_SetValue_EURange,7913,Variable
DryerType_Bins_Bin_Nr_Temperature_Status,7914,Variable
DryerType_Bins_Bin_Nr_Temperature_Status_EnumValues,7915,Variable
DryerType_Bins_Bin_Nr_Temperature_Status_ValueAsText,7916,Variable
DryerType_Bins_Bin_Nr_Temperature_UpperTolerance,7917,Variable
DryerType_Bins_Bin_Nr_Temperature_UpperTolerance_EURange,7918,Variable
DryerType_Bins_Bin_Nr_Temperature_UpperTolerance2,7919,Variable
DryerType_Bins_Bin_Nr_Temperature_UpperTolerance2_EURange,7920,Variable
DryerType_Bins_Bin_Nr_TopTemperature_AlarmSuppression,7921,Variable
DryerType_Bins_Bin_Nr_TopTemperature_AlarmSuppression_EnumValues,7922,Variable
DryerType_Bins_Bin_Nr_TopTemperature_AlarmSuppression_ValueAsText,7923,Variable
DryerType_Bins_Bin_Nr_TopTemperature_AutomaticMonitoring,7924,Variable
DryerType_Bins_Bin_Nr_TopTemperature_LowerTolerance,7925,Variable
DryerType_Bins_Bin_Nr_TopTemperature_LowerTolerance_EURange,7926,Variable
DryerType_Bins_Bin_Nr_TopTemperature_LowerTolerance2,7927,Variable
DryerType_Bins_Bin_Nr_TopTemperature_LowerTolerance2_EURange,7928,Variable
DryerType_Bins_Bin_Nr_TopTemperature_MaxValue,7929,Variable
DryerType_Bins_Bin_Nr_TopTemperature_MaxValue_EURange,7930,Variable
DryerType_Bins_Bin_Nr_TopTemperature_MinValue,7931,Variable
DryerType_Bins_Bin_Nr_TopTemperature_MinValue_EURange,7932,Variable
DryerType_Bins_Bin_Nr_TopTemperature_MonitoringSensitivity,7933,Variable
DryerType_Bins_Bin_Nr_TopTemperature_MonitoringSensitivity_EnumValues,7934,Variable
DryerType_Bins_Bin_Nr_TopTemperature_MonitoringSensitivity_ValueAsText,7935,Variable
DryerType_Bins_Bin_Nr_TopTemperature_ResetMonitoring,7936,Method
DryerType_Bins_Bin_Nr_TopTemperature_SetRampDown,7937,Variable
DryerType_Bins_Bin_Nr_TopTemperature_SetRampDown_EURange,7938,Variable
DryerType_Bins_Bin_Nr_TopTemperature_SetRampUp,7939,Variable
DryerType_Bins_Bin_Nr_TopTemperature_SetRampUp_EURange,7940,Variable
DryerType_Bins_Bin_Nr_TopTemperature_SetValue,7941,Variable
DryerType_Bins_Bin_Nr_TopTemperature_SetValue_EURange,7942,Variable
DryerType_Bins_Bin_Nr_TopTemperature_Status,7943,Variable
DryerType_Bins_Bin_Nr_TopTemperature_Status_EnumValues,7944,Variable
DryerType_Bins_Bin_Nr_TopTemperature_Status_ValueAsText,7945,Variable
DryerType_Bins_Bin_Nr_TopTemperature_UpperTolerance,7946,Variable
DryerType_Bins_Bin_Nr_TopTemperature_UpperTolerance_EURange,7947,Variable
DryerType_Bins_Bin_Nr_TopTemperature_UpperTolerance2,7948,Variable
DryerType_Bins_Bin_Nr_TopTemperature_UpperTolerance2_EURange,7949,Variable
DryerType_Bins_Bin_Nr_AmbientAirTemperature_ActualValue_Definition,7950,Variable
DryerType_Bins_Bin_Nr_AmbientAirTemperature_ActualValue_EngineeringUnits,7951,Variable
DryerType_Bins_Bin_Nr_AmbientAirTemperature_ActualValue_InstrumentRange,7952,Variable
DryerType_Bins_Bin_Nr_AmbientAirTemperature_ActualValue_ValuePrecision,7953,Variable
DryerType_Bins_Bin_Nr_AmbientAirTemperature_AlarmSuppression_Definition,7954,Variable
DryerType_Bins_Bin_Nr_AmbientAirTemperature_AlarmSuppression_ValuePrecision,7955,Variable
DryerType_Bins_Bin_Nr_AmbientAirTemperature_LowerTolerance_Definition,7956,Variable
DryerType_Bins_Bin_Nr_AmbientAirTemperature_LowerTolerance_EngineeringUnits,7957,Variable
DryerType_Bins_Bin_Nr_AmbientAirTemperature_LowerTolerance_InstrumentRange,7958,Variable
DryerType_Bins_Bin_Nr_AmbientAirTemperature_LowerTolerance_ValuePrecision,7959,Variable
DryerType_Bins_Bin_Nr_AmbientAirTemperature_LowerTolerance2_Definition,7960,Variable
DryerType_Bins_Bin_Nr_AmbientAirTemperature_LowerTolerance2_EngineeringUnits,7961,Variable
DryerType_Bins_Bin_Nr_AmbientAirTemperature_LowerTolerance2_InstrumentRange,7962,Variable
DryerType_Bins_Bin_Nr_AmbientAirTemperature_LowerTolerance2_ValuePrecision,7963,Variable
DryerType_Bins_Bin_Nr_AmbientAirTemperature_MaxValue_Definition,7964,Variable
DryerType_Bins_Bin_Nr_AmbientAirTemperature_MaxValue_EngineeringUnits,7965,Variable
DryerType_Bins_Bin_Nr_AmbientAirTemperature_MaxValue_InstrumentRange,7966,Variable
DryerType_Bins_Bin_Nr_AmbientAirTemperature_MaxValue_ValuePrecision,7967,Variable
DryerType_Bins_Bin_Nr_AmbientAirTemperature_MinValue_Definition,7968,Variable
DryerType_Bins_Bin_Nr_AmbientAirTemperature_MinValue_EngineeringUnits,7969,Variable
DryerType_Bins_Bin_Nr_AmbientAirTemperature_MinValue_InstrumentRange,7970,Variable
DryerType_Bins_Bin_Nr_AmbientAirTemperature_MinValue_ValuePrecision,7971,Variable
DryerType_Bins_Bin_Nr_AmbientAirTemperature_MonitoringSensitivity_Definition,7972,Variable
DryerType_Bins_Bin_Nr_AmbientAirTemperature_MonitoringSensitivity_ValuePrecision,7973,Variable
DryerType_Bins_Bin_Nr_AmbientAirTemperature_SetRampDown_Definition,7974,Variable
DryerType_Bins_Bin_Nr_AmbientAirTemperature_SetRampDown_EngineeringUnits,7975,Variable
DryerType_Bins_Bin_Nr_AmbientAirTemperature_SetRampDown_InstrumentRange,7976,Variable
DryerType_Bins_Bin_Nr_AmbientAirTemperature_SetRampDown_ValuePrecision,7977,Variable
DryerType_Bins_Bin_Nr_AmbientAirTemperature_SetRampUp_Definition,7978,Variable
DryerType_Bins_Bin_Nr_AmbientAirTemperature_SetRampUp_EngineeringUnits,7979,Variable
DryerType_Bins_Bin_Nr_AmbientAirTemperature_SetRampUp_InstrumentRange,7980,Variable
DryerType_Bins_Bin_Nr_AmbientAirTemperature_SetRampUp_ValuePrecision,7981,Variable
DryerType_Bins_Bin_Nr_AmbientAirTemperature_SetValue_Definition,7982,Variable
DryerType_Bins_Bin_Nr_AmbientAirTemperature_SetValue_EngineeringUnits,7983,Variable
DryerType_Bins_Bin_Nr_AmbientAirTemperature_SetValue_InstrumentRange,7984,Variable
DryerType_Bins_Bin_Nr_AmbientAirTemperature_SetValue_ValuePrecision,7985,Variable
DryerType_Bins_Bin_Nr_AmbientAirTemperature_Status_Definition,7986,Variable
DryerType_Bins_Bin_Nr_AmbientAirTemperature_Status_ValuePrecision,7987,Variable
DryerType_Bins_Bin_Nr_AmbientAirTemperature_UpperTolerance_Definition,7988,Variable
DryerType_Bins_Bin_Nr_AmbientAirTemperature_UpperTolerance_EngineeringUnits,7989,Variable
DryerType_Bins_Bin_Nr_AmbientAirTemperature_UpperTolerance_InstrumentRange,7990,Variable
DryerType_Bins_Bin_Nr_AmbientAirTemperature_UpperTolerance_ValuePrecision,7991,Variable
DryerType_Bins_Bin_Nr_AmbientAirTemperature_UpperTolerance2_Definition,7992,Variable
DryerType_Bins_Bin_Nr_AmbientAirTemperature_UpperTolerance2_EngineeringUnits,7993,Variable
DryerType_Bins_Bin_Nr_AmbientAirTemperature_UpperTolerance2_InstrumentRange,7994,Variable
DryerType_Bins_Bin_Nr_AmbientAirTemperature_UpperTolerance2_ValuePrecision,7995,Variable
DryerType_Bins_Bin_Nr_DryAirTemperature_ActualValue_Definition,7996,Variable
DryerType_Bins_Bin_Nr_DryAirTemperature_ActualValue_EngineeringUnits,7997,Variable
DryerType_Bins_Bin_Nr_DryAirTemperature_ActualValue_InstrumentRange,7998,Variable
DryerType_Bins_Bin_Nr_DryAirTemperature_ActualValue_ValuePrecision,7999,Variable
DryerType_Bins_Bin_Nr_DryAirTemperature_AlarmSuppression_Definition,8000,Variable
DryerType_Bins_Bin_Nr_DryAirTemperature_AlarmSuppression_ValuePrecision,8001,Variable
DryerType_Bins_Bin_Nr_DryAirTemperature_LowerTolerance_Definition,8002,Variable
DryerType_Bins_Bin_Nr_DryAirTemperature_LowerTolerance_EngineeringUnits,8003,Variable
DryerType_Bins_Bin_Nr_DryAirTemperature_LowerTolerance_InstrumentRange,8004,Variable
DryerType_Bins_Bin_Nr_DryAirTemperature_LowerTolerance_ValuePrecision,8005,Variable
DryerType_Bins_Bin_Nr_DryAirTemperature_LowerTolerance2_Definition,8006,Variable
DryerType_Bins_Bin_Nr_DryAirTemperature_LowerTolerance2_EngineeringUnits,8007,Variable
DryerType_Bins_Bin_Nr_DryAirTemperature_LowerTolerance2_InstrumentRange,8008,Variable
DryerType_Bins_Bin_Nr_DryAirTemperature_LowerTolerance2_ValuePrecision,8009,Variable
DryerType_Bins_Bin_Nr_DryAirTemperature_MaxValue_Definition,8010,Variable
DryerType_Bins_Bin_Nr_DryAirTemperature_MaxValue_EngineeringUnits,8011,Variable
DryerType_Bins_Bin_Nr_DryAirTemperature_MaxValue_InstrumentRange,8012,Variable
DryerType_Bins_Bin_Nr_DryAirTemperature_MaxValue_ValuePrecision,8013,Variable
DryerType_Bins_Bin_Nr_DryAirTemperature_MinValue_Definition,8014,Variable
DryerType_Bins_Bin_Nr_DryAirTemperature_MinValue_EngineeringUnits,8015,Variable
DryerType_Bins_Bin_Nr_DryAirTemperature_MinValue_InstrumentRange,8016,Variable
DryerType_Bins_Bin_Nr_DryAirTemperature_MinValue_ValuePrecision,8017,Variable
DryerType_Bins_Bin_Nr_DryAirTemperature_MonitoringSensitivity_Definition,8018,Variable
DryerType_Bins_Bin_Nr_DryAirTemperature_MonitoringSensitivity_ValuePrecision,8019,Variable
DryerType_Bins_Bin_Nr_DryAirTemperature_SetRampDown_Definition,8020,Variable
DryerType_Bins_Bin_Nr_DryAirTemperature_SetRampDown_EngineeringUnits,8021,Variable
DryerType_Bins_Bin_Nr_DryAirTemperature_SetRampDown_InstrumentRange,8022,Variable
DryerType_Bins_Bin_Nr_DryAirTemperature_SetRampDown_ValuePrecision,8023,Variable
DryerType_Bins_Bin_Nr_DryAirTemperature_SetRampUp_Definition,8024,Variable
DryerType_Bins_Bin_Nr_DryAirTemperature_SetRampUp_EngineeringUnits,8025,Variable
DryerType_Bins_Bin_Nr_DryAirTemperature_SetRampUp_InstrumentRange,8026,Variable
DryerType_Bins_Bin_Nr_DryAirTemperature_SetRampUp_ValuePrecision,8027,Variable
DryerType_Bins_Bin_Nr_DryAirTemperature_SetValue_Definition,8028,Variable
DryerType_Bins_Bin_Nr_DryAirTemperature_SetValue_EngineeringUnits,8029,Variable
DryerType_Bins_Bin_Nr_DryAirTemperature_SetValue_InstrumentRange,8030,Variable
DryerType_Bins_Bin_Nr_DryAirTemperature_SetValue_ValuePrecision,8031,Variable
DryerType_Bins_Bin_Nr_DryAirTemperature_Status_Definition,8032,Variable
DryerType_Bins_Bin_Nr_DryAirTemperature_Status_ValuePrecision,8033,Variable
DryerType_Bins_Bin_Nr_DryAirTemperature_UpperTolerance_Definition,8034,Variable
DryerType_Bins_Bin_Nr_DryAirTemperature_UpperTolerance_EngineeringUnits,8035,Variable
DryerType_Bins_Bin_Nr_DryAirTemperature_UpperTolerance_InstrumentRange,8036,Variable
DryerType_Bins_Bin_Nr_DryAirTemperature_UpperTolerance_ValuePrecision,8037,Variable
DryerType_Bins_Bin_Nr_DryAirTemperature_UpperTolerance2_Definition,8038,Variable
DryerType_Bins_Bin_Nr_DryAirTemperature_UpperTolerance2_EngineeringUnits,8039,Variable
DryerType_Bins_Bin_Nr_DryAirTemperature_UpperTolerance2_InstrumentRange,8040,Variable
DryerType_Bins_Bin_Nr_DryAirTemperature_UpperTolerance2_ValuePrecision,8041,Variable
DryerType_Bins_Bin_Nr_Temperature_ActualValue_Definition,8042,Variable
DryerType_Bins_Bin_Nr_Temperature_ActualValue_EngineeringUnits,8043,Variable
DryerType_Bins_Bin_Nr_Temperature_ActualValue_InstrumentRange,8044,Variable
DryerType_Bins_Bin_Nr_Temperature_ActualValue_ValuePrecision,8045,Variable
DryerType_Bins_Bin_Nr_Temperature_AlarmSuppression_Definition,8046,Variable
DryerType_Bins_Bin_Nr_Temperature_AlarmSuppression_ValuePrecision,8047,Variable
DryerType_Bins_Bin_Nr_Temperature_LowerTolerance_Definition,8048,Variable
DryerType_Bins_Bin_Nr_Temperature_LowerTolerance_EngineeringUnits,8049,Variable
DryerType_Bins_Bin_Nr_Temperature_LowerTolerance_InstrumentRange,8050,Variable
DryerType_Bins_Bin_Nr_Temperature_LowerTolerance_ValuePrecision,8051,Variable
DryerType_Bins_Bin_Nr_Temperature_LowerTolerance2_Definition,8052,Variable
DryerType_Bins_Bin_Nr_Temperature_LowerTolerance2_EngineeringUnits,8053,Variable
DryerType_Bins_Bin_Nr_Temperature_LowerTolerance2_InstrumentRange,8054,Variable
DryerType_Bins_Bin_Nr_Temperature_LowerTolerance2_ValuePrecision,8055,Variable
DryerType_Bins_Bin_Nr_Temperature_MaxValue_Definition,8056,Variable
DryerType_Bins_Bin_Nr_Temperature_MaxValue_EngineeringUnits,8057,Variable
DryerType_Bins_Bin_Nr_Temperature_MaxValue_InstrumentRange,8058,Variable
DryerType_Bins_Bin_Nr_Temperature_MaxValue_ValuePrecision,8059,Variable
DryerType_Bins_Bin_Nr_Temperature_MinValue_Definition,8060,Variable
DryerType_Bins_Bin_Nr_Temperature_MinValue_EngineeringUnits,8061,Variable
DryerType_Bins_Bin_Nr_Temperature_MinValue_InstrumentRange,8062,Variable
DryerType_Bins_Bin_Nr_Temperature_MinValue_ValuePrecision,8063,Variable
DryerType_Bins_Bin_Nr_Temperature_MonitoringSensitivity_Definition,8064,Variable
DryerType_Bins_Bin_Nr_Temperature_MonitoringSensitivity_ValuePrecision,8065,Variable
DryerType_Bins_Bin_Nr_Temperature_SetRampDown_Definition,8066,Variable
DryerType_Bins_Bin_Nr_Temperature_SetRampDown_EngineeringUnits,8067,Variable
DryerType_Bins_Bin_Nr_Temperature_SetRampDown_InstrumentRange,8068,Variable
DryerType_Bins_Bin_Nr_Temperature_SetRampDown_ValuePrecision,8069,Variable
DryerType_Bins_Bin_Nr_Temperature_SetRampUp_Definition,8070,Variable
DryerType_Bins_Bin_Nr_Temperature_SetRampUp_EngineeringUnits,8071,Variable
DryerType_Bins_Bin_Nr_Temperature_SetRampUp_InstrumentRange,8072,Variable
DryerType_Bins_Bin_Nr_Temperature_SetRampUp_ValuePrecision,8073,Variable
DryerType_Bins_Bin_Nr_Temperature_SetValue_Definition,8074,Variable
DryerType_Bins_Bin_Nr_Temperature_SetValue_EngineeringUnits,8075,Variable
DryerType_Bins_Bin_Nr_Temperature_SetValue_InstrumentRange,8076,Variable
DryerType_Bins_Bin_Nr_Temperature_SetValue_ValuePrecision,8077,Variable
DryerType_Bins_Bin_Nr_Temperature_Status_Definition,8078,Variable
DryerType_Bins_Bin_Nr_Temperature_Status_ValuePrecision,8079,Variable
DryerType_Bins_Bin_Nr_Temperature_UpperTolerance_Definition,8080,Variable
DryerType_Bins_Bin_Nr_Temperature_UpperTolerance_EngineeringUnits,8081,Variable
DryerType_Bins_Bin_Nr_Temperature_UpperTolerance_InstrumentRange,8082,Variable
DryerType_Bins_Bin_Nr_Temperature_UpperTolerance_ValuePrecision,8083,Variable
DryerType_Bins_Bin_Nr_Temperature_UpperTolerance2_Definition,8084,Variable
DryerType_Bins_Bin_Nr_Temperature_UpperTolerance2_EngineeringUnits,8085,Variable
DryerType_Bins_Bin_Nr_Temperature_UpperTolerance2_InstrumentRange,8086,Variable
DryerType_Bins_Bin_Nr_Temperature_UpperTolerance2_ValuePrecision,8087,Variable
DryerType_Bins_Bin_Nr_TopTemperature_ActualValue_Definition,8088,Variable
DryerType_Bins_Bin_Nr_TopTemperature_ActualValue_EngineeringUnits,8089,Variable
DryerType_Bins_Bin_Nr_TopTemperature_ActualValue_InstrumentRange,8090,Variable
DryerType_Bins_Bin_Nr_TopTemperature_ActualValue_ValuePrecision,8091,Variable
DryerType_Bins_Bin_Nr_TopTemperature_AlarmSuppression_Definition,8092,Variable
DryerType_Bins_Bin_Nr_TopTemperature_AlarmSuppression_ValuePrecision,8093,Variable
DryerType_Bins_Bin_Nr_TopTemperature_LowerTolerance_Definition,8094,Variable
DryerType_Bins_Bin_Nr_TopTemperature_LowerTolerance_EngineeringUnits,8095,Variable
DryerType_Bins_Bin_Nr_TopTemperature_LowerTolerance_InstrumentRange,8096,Variable
DryerType_Bins_Bin_Nr_TopTemperature_LowerTolerance_ValuePrecision,8097,Variable
DryerType_Bins_Bin_Nr_TopTemperature_LowerTolerance2_Definition,8098,Variable
DryerType_Bins_Bin_Nr_TopTemperature_LowerTolerance2_EngineeringUnits,8099,Variable
DryerType_Bins_Bin_Nr_TopTemperature_LowerTolerance2_InstrumentRange,8100,Variable
DryerType_Bins_Bin_Nr_TopTemperature_LowerTolerance2_ValuePrecision,8101,Variable
DryerType_Bins_Bin_Nr_TopTemperature_MaxValue_Definition,8102,Variable
DryerType_Bins_Bin_Nr_TopTemperature_MaxValue_EngineeringUnits,8103,Variable
DryerType_Bins_Bin_Nr_TopTemperature_MaxValue_InstrumentRange,8104,Variable
DryerType_Bins_Bin_Nr_TopTemperature_MaxValue_ValuePrecision,8105,Variable
DryerType_Bins_Bin_Nr_TopTemperature_MinValue_Definition,8106,Variable
DryerType_Bins_Bin_Nr_TopTemperature_MinValue_EngineeringUnits,8107,Variable
DryerType_Bins_Bin_Nr_TopTemperature_MinValue_InstrumentRange,8108,Variable
DryerType_Bins_Bin_Nr_TopTemperature_MinValue_ValuePrecision,8109,Variable
DryerType_Bins_Bin_Nr_TopTemperature_MonitoringSensitivity_Definition,8110,Variable
DryerType_Bins_Bin_Nr_TopTemperature_MonitoringSensitivity_ValuePrecision,8111,Variable
DryerType_Bins_Bin_Nr_TopTemperature_SetRampDown_Definition,8112,Variable
DryerType_Bins_Bin_Nr_TopTemperature_SetRampDown_EngineeringUnits,8113,Variable
DryerType_Bins_Bin_Nr_TopTemperature_SetRampDown_InstrumentRange,8114,Variable
DryerType_Bins_Bin_Nr_TopTemperature_SetRampDown_ValuePrecision,8115,Variable
DryerType_Bins_Bin_Nr_TopTemperature_SetRampUp_Definition,8116,Variable
DryerType_Bins_Bin_Nr_TopTemperature_SetRampUp_EngineeringUnits,8117,Variable
DryerType_Bins_Bin_Nr_TopTemperature_SetRampUp_InstrumentRange,8118,Variable
DryerType_Bins_Bin_Nr_TopTemperature_SetRampUp_ValuePrecision,8119,Variable
DryerType_Bins_Bin_Nr_TopTemperature_SetValue_Definition,8120,Variable
DryerType_Bins_Bin_Nr_TopTemperature_SetValue_EngineeringUnits,8121,Variable
DryerType_Bins_Bin_Nr_TopTemperature_SetValue_InstrumentRange,8122,Variable
DryerType_Bins_Bin_Nr_TopTemperature_SetValue_ValuePrecision,8123,Variable
DryerType_Bins_Bin_Nr_TopTemperature_Status_Definition,8124,Variable
DryerType_Bins_Bin_Nr_TopTemperature_Status_ValuePrecision,8125,Variable
DryerType_Bins_Bin_Nr_TopTemperature_UpperTolerance_Definition,8126,Variable
DryerType_Bins_Bin_Nr_TopTemperature_UpperTolerance_EngineeringUnits,8127,Variable
DryerType_Bins_Bin_Nr_TopTemperature_UpperTolerance_InstrumentRange,8128,Variable
DryerType_Bins_Bin_Nr_TopTemperature_UpperTolerance_ValuePrecision,8129,Variable
DryerType_Bins_Bin_Nr_TopTemperature_UpperTolerance2_Definition,8130,Variable
DryerType_Bins_Bin_Nr_TopTemperature_UpperTolerance2_EngineeringUnits,8131,Variable
DryerType_Bins_Bin_Nr_TopTemperature_UpperTolerance2_InstrumentRange,8132,Variable
DryerType_Bins_Bin_Nr_TopTemperature_UpperTolerance2_ValuePrecision,8133,Variable
DryerType_Bins_Bin_Nr_ActivateAllFeeders,8134,Method
DryerType_Bins_Bin_Nr_ActivateDryingProtection,8135,Method
DryerType_Bins_Bin_Nr_ActivateDryingProtectionAirVolumeFlowReduction,8136,Method
DryerType_Bins_Bin_Nr_ActivateMaterialFeederDryer,8137,Method
DryerType_Bins_Bin_Nr_ActivateMaterialFeederMachine,8138,Method
DryerType_Bins_Bin_Nr_ActivateTemperatureController,8139,Method
DryerType_Bins_Bin_Nr_AirFlow_ActualValue,8140,Variable
DryerType_Bins_Bin_Nr_AirFlow_ActualValue_EURange,8141,Variable
DryerType_Bins_Bin_Nr_AirFlowMode,8142,Variable
DryerType_Bins_Bin_Nr_AirSource,8143,Variable
DryerType_Bins_Bin_Nr_BatchNumber,8144,Variable
DryerType_Bins_Bin_Nr_DeactivateAllFeeders,8145,Method
DryerType_Bins_Bin_Nr_DeactivateDryingProtection,8146,Method
DryerType_Bins_Bin_Nr_DeactivateDryingProtectionAirVolumeFlowReduction,8147,Method
DryerType_Bins_Bin_Nr_DeactivateMaterialFeederDryer,8148,Method
DryerType_Bins_Bin_Nr_DeactivateMaterialFeederMachine,8149,Method
DryerType_Bins_Bin_Nr_DeactivateTemperatureController,8150,Method
DryerType_Bins_Bin_Nr_DewPoint,8151,Variable
DryerType_Bins_Bin_Nr_DewPoint_EngineeringUnits,8152,Variable
DryerType_Bins_Bin_Nr_DryingLevel,8153,Variable
DryerType_Bins_Bin_Nr_DryingMode,8154,Variable
DryerType_Bins_Bin_Nr_DryingProtectionAirVolumeFlowMode,8155,Variable
DryerType_Bins_Bin_Nr_DryingProtectionStatus,8156,Variable
DryerType_Bins_Bin_Nr_DustRemovalPulses,8157,Variable
DryerType_Bins_Bin_Nr_ExpiredDryingTime,8158,Variable
DryerType_Bins_Bin_Nr_InitialFillingActive,8159,Variable
DryerType_Bins_Bin_Nr_IntervalTimeOff,8160,Variable
DryerType_Bins_Bin_Nr_IntervalTimeOn,8161,Variable
DryerType_Bins_Bin_Nr_LooseningAid,8162,Variable
DryerType_Bins_Bin_Nr_MaterialAvailableDryer,8163,Variable
DryerType_Bins_Bin_Nr_MaterialAvailableMachine,8164,Variable
DryerType_Bins_Bin_Nr_MaterialDryingTime,8165,Variable
DryerType_Bins_Bin_Nr_MaterialFeederDryerStatus,8166,Variable
DryerType_Bins_Bin_Nr_MaterialFeederMachineStatus,8167,Variable
DryerType_Bins_Bin_Nr_MaterialIdentification,8168,Variable
DryerType_Bins_Bin_Nr_RemainingMaterialDryingTime,8169,Variable
DryerType_Bins_Bin_Nr_ResetDryingTime,8170,Method
DryerType_Bins_Bin_Nr_ResetDryingTimeResponseStatus,8171,Variable
DryerType_Bins_Bin_Nr_TemperatureControllerStatus,8172,Variable
DryerType_Bins_Bin_Nr_TemperatureReduction,8173,Variable
DryerType_Bins_Bin_Nr_TemperatureReduction_EngineeringUnits,8174,Variable
DryerType_Bins_Bin_Nr_TemperatureReduction_EURange,8175,Variable
DryerType_Bins_Bin_Nr_TotalAirConsumption,8176,Variable
DryerType_Bins_Bin_Nr_TotalAirConsumption_EngineeringUnits,8177,Variable
DryerType_Bins_Bin_Nr_AirFlow_AlarmSuppression,8178,Variable
DryerType_Bins_Bin_Nr_AirFlow_AlarmSuppression_EnumValues,8179,Variable
DryerType_Bins_Bin_Nr_AirFlow_AlarmSuppression_ValueAsText,8180,Variable
DryerType_Bins_Bin_Nr_AirFlow_AutomaticMonitoring,8181,Variable
DryerType_Bins_Bin_Nr_AirFlow_LowerTolerance,8182,Variable
DryerType_Bins_Bin_Nr_AirFlow_LowerTolerance_EURange,8183,Variable
DryerType_Bins_Bin_Nr_AirFlow_LowerTolerance2,8184,Variable
DryerType_Bins_Bin_Nr_AirFlow_LowerTolerance2_EURange,8185,Variable
DryerType_Bins_Bin_Nr_AirFlow_MaxValue,8186,Variable
DryerType_Bins_Bin_Nr_AirFlow_MaxValue_EURange,8187,Variable
DryerType_Bins_Bin_Nr_AirFlow_MinValue,8188,Variable
DryerType_Bins_Bin_Nr_AirFlow_MinValue_EURange,8189,Variable
DryerType_Bins_Bin_Nr_AirFlow_MonitoringSensitivity,8190,Variable
DryerType_Bins_Bin_Nr_AirFlow_MonitoringSensitivity_EnumValues,8191,Variable
DryerType_Bins_Bin_Nr_AirFlow_MonitoringSensitivity_ValueAsText,8192,Variable
DryerType_Bins_Bin_Nr_AirFlow_ResetMonitoring,8193,Method
DryerType_Bins_Bin_Nr_AirFlow_SetRampDown,8194,Variable
DryerType_Bins_Bin_Nr_AirFlow_SetRampDown_EURange,8195,Variable
DryerType_Bins_Bin_Nr_AirFlow_SetRampUp,8196,Variable
DryerType_Bins_Bin_Nr_AirFlow_SetRampUp_EURange,8197,Variable
DryerType_Bins_Bin_Nr_AirFlow_SetValue,8198,Variable
DryerType_Bins_Bin_Nr_AirFlow_SetValue_EURange,8199,Variable
DryerType_Bins_Bin_Nr_AirFlow_Status,8200,Variable
DryerType_Bins_Bin_Nr_AirFlow_Status_EnumValues,8201,Variable
DryerType_Bins_Bin_Nr_AirFlow_Status_ValueAsText,8202,Variable
DryerType_Bins_Bin_Nr_AirFlow_UpperTolerance,8203,Variable
DryerType_Bins_Bin_Nr_AirFlow_UpperTolerance_EURange,8204,Variable
DryerType_Bins_Bin_Nr_AirFlow_UpperTolerance2,8205,Variable
DryerType_Bins_Bin_Nr_AirFlow_UpperTolerance2_EURange,8206,Variable
DryerType_Bins_Bin_Nr_DewPoint_Definition,8207,Variable
DryerType_Bins_Bin_Nr_DewPoint_EURange,8208,Variable
DryerType_Bins_Bin_Nr_DewPoint_InstrumentRange,8209,Variable
DryerType_Bins_Bin_Nr_DewPoint_ValuePrecision,8210,Variable
DryerType_Bins_Bin_Nr_TemperatureReduction_Definition,8211,Variable
DryerType_Bins_Bin_Nr_TemperatureReduction_InstrumentRange,8212,Variable
DryerType_Bins_Bin_Nr_TemperatureReduction_ValuePrecision,8213,Variable
DryerType_Bins_Bin_Nr_TotalAirConsumption_Definition,8214,Variable
DryerType_Bins_Bin_Nr_TotalAirConsumption_EURange,8215,Variable
DryerType_Bins_Bin_Nr_TotalAirConsumption_InstrumentRange,8216,Variable
DryerType_Bins_Bin_Nr_TotalAirConsumption_ValuePrecision,8217,Variable
DryerType_Bins_Bin_Nr_AirFlow_ActualValue_Definition,8218,Variable
DryerType_Bins_Bin_Nr_AirFlow_ActualValue_EngineeringUnits,8219,Variable
DryerType_Bins_Bin_Nr_AirFlow_ActualValue_InstrumentRange,8220,Variable
DryerType_Bins_Bin_Nr_AirFlow_ActualValue_ValuePrecision,8221,Variable
DryerType_Bins_Bin_Nr_AirFlow_AlarmSuppression_Definition,8222,Variable
DryerType_Bins_Bin_Nr_AirFlow_AlarmSuppression_ValuePrecision,8223,Variable
DryerType_Bins_Bin_Nr_AirFlow_LowerTolerance_Definition,8224,Variable
DryerType_Bins_Bin_Nr_AirFlow_LowerTolerance_EngineeringUnits,8225,Variable
DryerType_Bins_Bin_Nr_AirFlow_LowerTolerance_InstrumentRange,8226,Variable
DryerType_Bins_Bin_Nr_AirFlow_LowerTolerance_ValuePrecision,8227,Variable
DryerType_Bins_Bin_Nr_AirFlow_LowerTolerance2_Definition,8228,Variable
DryerType_Bins_Bin_Nr_AirFlow_LowerTolerance2_EngineeringUnits,8229,Variable
DryerType_Bins_Bin_Nr_AirFlow_LowerTolerance2_InstrumentRange,8230,Variable
DryerType_Bins_Bin_Nr_AirFlow_LowerTolerance2_ValuePrecision,8231,Variable
DryerType_Bins_Bin_Nr_AirFlow_MaxValue_Definition,8232,Variable
DryerType_Bins_Bin_Nr_AirFlow_MaxValue_EngineeringUnits,8233,Variable
DryerType_Bins_Bin_Nr_AirFlow_MaxValue_InstrumentRange,8234,Variable
DryerType_Bins_Bin_Nr_AirFlow_MaxValue_ValuePrecision,8235,Variable
DryerType_Bins_Bin_Nr_AirFlow_MinValue_Definition,8236,Variable
DryerType_Bins_Bin_Nr_AirFlow_MinValue_EngineeringUnits,8237,Variable
DryerType_Bins_Bin_Nr_AirFlow_MinValue_InstrumentRange,8238,Variable
DryerType_Bins_Bin_Nr_AirFlow_MinValue_ValuePrecision,8239,Variable
DryerType_Bins_Bin_Nr_AirFlow_MonitoringSensitivity_Definition,8240,Variable
DryerType_Bins_Bin_Nr_AirFlow_MonitoringSensitivity_ValuePrecision,8241,Variable
DryerType_Bins_Bin_Nr_AirFlow_SetRampDown_Definition,8242,Variable
DryerType_Bins_Bin_Nr_AirFlow_SetRampDown_EngineeringUnits,8243,Variable
DryerType_Bins_Bin_Nr_AirFlow_SetRampDown_InstrumentRange,8244,Variable
DryerType_Bins_Bin_Nr_AirFlow_SetRampDown_ValuePrecision,8245,Variable
DryerType_Bins_Bin_Nr_AirFlow_SetRampUp_Definition,8246,Variable
DryerType_Bins_Bin_Nr_AirFlow_SetRampUp_EngineeringUnits,8247,Variable
DryerType_Bins_Bin_Nr_AirFlow_SetRampUp_InstrumentRange,8248,Variable
DryerType_Bins_Bin_Nr_AirFlow_SetRampUp_ValuePrecision,8249,Variable
DryerType_Bins_Bin_Nr_AirFlow_SetValue_Definition,8250,Variable
DryerType_Bins_Bin_Nr_AirFlow_SetValue_EngineeringUnits,8251,Variable
DryerType_Bins_Bin_Nr_AirFlow_SetValue_InstrumentRange,8252,Variable
DryerType_Bins_Bin_Nr_AirFlow_SetValue_ValuePrecision,8253,Variable
DryerType_Bins_Bin_Nr_AirFlow_Status_Definition,8254,Variable
DryerType_Bins_Bin_Nr_AirFlow_Status_ValuePrecision,8255,Variable
DryerType_Bins_Bin_Nr_AirFlow_UpperTolerance_Definition,8256,Variable
DryerType_Bins_Bin_Nr_AirFlow_UpperTolerance_EngineeringUnits,8257,Variable
DryerType_Bins_Bin_Nr_AirFlow_UpperTolerance_InstrumentRange,8258,Variable
DryerType_Bins_Bin_Nr_AirFlow_UpperTolerance_ValuePrecision,8259,Variable
DryerType_Bins_Bin_Nr_AirFlow_UpperTolerance2_Definition,8260,Variable
DryerType_Bins_Bin_Nr_AirFlow_UpperTolerance2_EngineeringUnits,8261,Variable
DryerType_Bins_Bin_Nr_AirFlow_UpperTolerance2_InstrumentRange,8262,Variable
DryerType_Bins_Bin_Nr_AirFlow_UpperTolerance2_ValuePrecision,8263,Variable
OperationType_DeviceMappingNumber,8264,Variable
OperationType_IdentifyDevice,8265,Method
OperationType_HighestActiveAlarmSeverity,8266,Variable
OperationType_ActiveErrors,8267,Variable
OperationType_ResetAllErrors,8268,Method
OperationType_ResetErrorById,8269,Method
OperationType_ResetErrorById_InputArguments,8270,Variable
OperationType_ResetEnergyMeasurement,8271,Method
OperationType_MainFailureBehaviour,8272,Variable
MainFailureBehaviourEnumeration_EnumValues,8273,Variable
OperationType_EnergyConsumptionResettable,8274,Variable
OperationType_EnergyConsumptionResettable_EngineeringUnits,8275,Variable
OperationType_MaintenanceInformation_Maintenance_Nr_GDDMaintenanceReset,8276,Method
OperationType_MaintenanceInformation_Maintenance_Nr_GDDMaintenanceReset_InputArguments,8277,Variable
OperationType_MaintenanceInformation_Maintenance_Nr_Id,8278,Variable
OperationType_MaintenanceInformation_Maintenance_Nr_Reset,8279,Method
OperationType_MaintenanceInformation_Maintenance_Nr_Status,8280,Variable
OperationType_MaintenanceInformation_NodeVersion,8281,Variable
OperationType_EnergyConsumptionLimit,8282,Variable
OperationType_EnergyConsumptionResettable_Definition,8283,Variable
OperationType_EnergyConsumptionResettable_EURange,8284,Variable
OperationType_EnergyConsumptionResettable_InstrumentRange,8285,Variable
OperationType_EnergyConsumptionResettable_ValuePrecision,8286,Variable
OperationType_MaintenanceInformation_Maintenance_Nr_AdditionalInformation,8287,Variable
OperationType_MaintenanceInformation_Maintenance_Nr_Interval,8288,Variable
OperationType_MaintenanceInformation_Maintenance_Nr_Interval_EURange,8289,Variable
OperationType_MaintenanceInformation_Maintenance_Nr_MaintenanceInstructions_Close,8290,Method
OperationType_MaintenanceInformation_Maintenance_Nr_MaintenanceInstructions_Close_InputArguments,8291,Variable
OperationType_MaintenanceInformation_Maintenance_Nr_MaintenanceInstructions_GetPosition,8292,Method
OperationType_MaintenanceInformation_Maintenance_Nr_MaintenanceInstructions_GetPosition_InputArguments,8293,Variable
OperationType_MaintenanceInformation_Maintenance_Nr_MaintenanceInstructions_GetPosition_OutputArguments,8294,Variable
OperationType_MaintenanceInformation_Maintenance_Nr_MaintenanceInstructions_Open,8295,Method
OperationType_MaintenanceInformation_Maintenance_Nr_MaintenanceInstructions_Open_InputArguments,8296,Variable
OperationType_MaintenanceInformation_Maintenance_Nr_MaintenanceInstructions_Open_OutputArguments,8297,Variable
OperationType_MaintenanceInformation_Maintenance_Nr_MaintenanceInstructions_OpenCount,8298,Variable
OperationType_MaintenanceInformation_Maintenance_Nr_MaintenanceInstructions_Read,8299,Method
OperationType_MaintenanceInformation_Maintenance_Nr_MaintenanceInstructions_Read_InputArguments,8300,Variable
OperationType_MaintenanceInformation_Maintenance_Nr_MaintenanceInstructions_Read_OutputArguments,8301,Variable
OperationType_MaintenanceInformation_Maintenance_Nr_MaintenanceInstructions_SetPosition,8302,Method
OperationType_MaintenanceInformation_Maintenance_Nr_MaintenanceInstructions_SetPosition_InputArguments,8303,Variable
OperationType_MaintenanceInformation_Maintenance_Nr_MaintenanceInstructions_Size,8304,Variable
OperationType_MaintenanceInformation_Maintenance_Nr_MaintenanceInstructions_UserWritable,8305,Variable
OperationType_MaintenanceInformation_Maintenance_Nr_MaintenanceInstructions_Writable,8306,Variable
OperationType_MaintenanceInformation_Maintenance_Nr_MaintenanceInstructions_Write,8307,Method
OperationType_MaintenanceInformation_Maintenance_Nr_MaintenanceInstructions_Write_InputArguments,8308,Variable
OperationType_MaintenanceInformation_Maintenance_Nr_RemainingInterval,8309,Variable
OperationType_MaintenanceInformation_Maintenance_Nr_RemainingInterval_EURange,8310,Variable
OperationType_MaintenanceInformation_Maintenance_Nr_TotalOperation,8311,Variable
OperationType_MaintenanceInformation_Maintenance_Nr_TotalOperation_EURange,8312,Variable
OperationType_MaintenanceInformation_Maintenance_Nr_Interval_Definition,8313,Variable
OperationType_MaintenanceInformation_Maintenance_Nr_Interval_EngineeringUnits,8314,Variable
OperationType_MaintenanceInformation_Maintenance_Nr_Interval_InstrumentRange,8315,Variable
OperationType_MaintenanceInformation_Maintenance_Nr_Interval_ValuePrecision,8316,Variable
OperationType_MaintenanceInformation_Maintenance_Nr_MaintenanceInstructions_LastModifiedTime,8317,Variable
OperationType_MaintenanceInformation_Maintenance_Nr_MaintenanceInstructions_MaxByteStringLength,8318,Variable
OperationType_MaintenanceInformation_Maintenance_Nr_MaintenanceInstructions_MimeType,8319,Variable
OperationType_MaintenanceInformation_Maintenance_Nr_RemainingInterval_Definition,8320,Variable
OperationType_MaintenanceInformation_Maintenance_Nr_RemainingInterval_EngineeringUnits,8321,Variable
OperationType_MaintenanceInformation_Maintenance_Nr_RemainingInterval_InstrumentRange,8322,Variable
OperationType_MaintenanceInformation_Maintenance_Nr_RemainingInterval_ValuePrecision,8323,Variable
OperationType_MaintenanceInformation_Maintenance_Nr_TotalOperation_Definition,8324,Variable
OperationType_MaintenanceInformation_Maintenance_Nr_TotalOperation_EngineeringUnits,8325,Variable
OperationType_MaintenanceInformation_Maintenance_Nr_TotalOperation_InstrumentRange,8326,Variable
OperationType_MaintenanceInformation_Maintenance_Nr_TotalOperation_ValuePrecision,8327,Variable
OperationType_TotalEnergy_ActualPower,8328,Variable
OperationType_TotalEnergy_ActualPower_EngineeringUnits,8329,Variable
OperationType_TotalEnergy_ActualSpecificEnergy,8330,Variable
OperationType_TotalEnergy_ActualSpecificEnergy_EngineeringUnits,8331,Variable
OperationType_TotalEnergy_PowerConsumption,8332,Variable
OperationType_TotalEnergy_PowerConsumption_EngineeringUnits,8333,Variable
OperationType_TotalEnergy_PowerFactor,8334,Variable
OperationType_TotalEnergy_ActualPower_Definition,8335,Variable
OperationType_TotalEnergy_ActualPower_EURange,8336,Variable
OperationType_TotalEnergy_ActualPower_InstrumentRange,8337,Variable
OperationType_TotalEnergy_ActualPower_ValuePrecision,8338,Variable
OperationType_TotalEnergy_ActualSpecificEnergy_Definition,8339,Variable
OperationType_TotalEnergy_ActualSpecificEnergy_EURange,8340,Variable
OperationType_TotalEnergy_ActualSpecificEnergy_InstrumentRange,8341,Variable
OperationType_TotalEnergy_ActualSpecificEnergy_ValuePrecision,8342,Variable
OperationType_TotalEnergy_PowerConsumption_Definition,8343,Variable
OperationType_TotalEnergy_PowerConsumption_EURange,8344,Variable
OperationType_TotalEnergy_PowerConsumption_InstrumentRange,8345,Variable
OperationType_TotalEnergy_PowerConsumption_ValuePrecision,8346,Variable
GranulateDryingDeviceType_MachineConfiguration_LocationName,8347,Variable
GranulateDryingDeviceType_MachineConfiguration_SetMachineTime,8348,Method
GranulateDryingDeviceType_MachineConfiguration_SetMachineTime_InputArguments,8349,Variable
GranulateDryingDeviceType_MachineConfiguration_TimeZoneOffset,8350,Variable
GranulateDryingDeviceType_MachineConfiguration_UserMachineName,8351,Variable
GranulateDryingDeviceType_UserLogin_ActualUser_Id,8352,Variable
GranulateDryingDeviceType_UserLogin_ActualUser_IsPresent,8353,Variable
GranulateDryingDeviceType_UserLogin_ActualUser_Name,8354,Variable
GranulateDryingDeviceType_UserLogin_LoginMachineUser,8355,Method
GranulateDryingDeviceType_UserLogin_LoginMachineUser_InputArguments,8356,Variable
GranulateDryingDeviceType_UserLogin_LogoutMachineUser,8357,Method
GranulateDryingDeviceType_Operation_ActiveErrors,8358,Variable
GranulateDryingDeviceType_Operation_DeviceMappingNumber,8359,Variable
GranulateDryingDeviceType_Operation_HighestActiveAlarmSeverity,8360,Variable
BinsType_Bin_Nr_EnergyConsumptionResettable_Definition,8361,Variable
BinsType_Bin_Nr_EnergyConsumptionResettable_EURange,8362,Variable
BinsType_Bin_Nr_EnergyConsumptionResettable_InstrumentRange,8363,Variable
BinsType_Bin_Nr_EnergyConsumptionResettable_ValuePrecision,8364,Variable
BinsType_Bin_Nr_TotalEnergy_ActualPower,8365,Variable
BinsType_Bin_Nr_TotalEnergy_ActualPower_EngineeringUnits,8366,Variable
BinsType_Bin_Nr_TotalEnergy_ActualSpecificEnergy,8367,Variable
BinsType_Bin_Nr_TotalEnergy_ActualSpecificEnergy_EngineeringUnits,8368,Variable
DryerType_DesiccantBeds_DesiccantBed_Nr_AirFlow_ActualValue_EURange,8369,Variable
GranulateDryingDeviceType_DisplayLanguage,8370,Variable
DryerType_DesiccantBeds_DesiccantBed_Nr_DeactivateDesiccantBedController,8371,Method
DryerType_DesiccantBeds_DesiccantBed_Nr_DesiccantBedControllerStatus,8372,Variable
DryerType_DesiccantBeds_DesiccantBed_Nr_DewPoint_ActualValue,8373,Variable
DryerType_DesiccantBeds_DesiccantBed_Nr_DewPoint_ActualValue_EURange,8374,Variable
DryerType_DesiccantBeds_DesiccantBed_Nr_EnergyConsumptionResettable,8375,Variable
DryerType_DesiccantBeds_DesiccantBed_Nr_EnergyConsumptionResettable_EngineeringUnits,8376,Variable
DryerType_DesiccantBeds_DesiccantBed_Nr_TemperatureBackToDesiccantBed_ActualValue,8377,Variable
DryerType_DesiccantBeds_DesiccantBed_Nr_TemperatureBackToDesiccantBed_ActualValue_EURange,8378,Variable
DryerType_DesiccantBeds_DesiccantBed_Nr_TemperatureDesiccantBedOut_ActualValue,8379,Variable
DryerType_DesiccantBeds_DesiccantBed_Nr_TemperatureDesiccantBedOut_ActualValue_EURange,8380,Variable
DryerType_DesiccantBeds_DesiccantBed_Nr_TemperatureOfDesiccantBed_ActualValue,8381,Variable
DryerType_DesiccantBeds_DesiccantBed_Nr_TemperatureOfDesiccantBed_ActualValue_EURange,8382,Variable
DryerType_DesiccantBeds_DesiccantBed_Nr_AirFlow_AlarmSuppression,8383,Variable
DryerType_DesiccantBeds_DesiccantBed_Nr_AirFlow_AlarmSuppression_EnumValues,8384,Variable
DryerType_DesiccantBeds_DesiccantBed_Nr_AirFlow_AlarmSuppression_ValueAsText,8385,Variable
DryerType_DesiccantBeds_DesiccantBed_Nr_AirFlow_AutomaticMonitoring,8386,Variable
DryerType_DesiccantBeds_DesiccantBed_Nr_AirFlow_LowerTolerance,8387,Variable
DryerType_DesiccantBeds_DesiccantBed_Nr_AirFlow_LowerTolerance_EURange,8388,Variable
DryerType_DesiccantBeds_DesiccantBed_Nr_AirFlow_LowerTolerance2,8389,Variable
DryerType_DesiccantBeds_DesiccantBed_Nr_AirFlow_LowerTolerance2_EURange,8390,Variable
DryerType_DesiccantBeds_DesiccantBed_Nr_AirFlow_MaxValue,8391,Variable
DryerType_DesiccantBeds_DesiccantBed_Nr_AirFlow_MaxValue_EURange,8392,Variable
DryerType_DesiccantBeds_DesiccantBed_Nr_AirFlow_MinValue,8393,Variable
DryerType_DesiccantBeds_DesiccantBed_Nr_AirFlow_MinValue_EURange,8394,Variable
DryerType_DesiccantBeds_DesiccantBed_Nr_AirFlow_MonitoringSensitivity,8395,Variable
DryerType_DesiccantBeds_DesiccantBed_Nr_AirFlow_MonitoringSensitivity_EnumValues,8396,Variable
DryerType_DesiccantBeds_DesiccantBed_Nr_AirFlow_MonitoringSensitivity_ValueAsText,8397,Variable
DryerType_DesiccantBeds_DesiccantBed_Nr_AirFlow_ResetMonitoring,8398,Method
DryerType_DesiccantBeds_DesiccantBed_Nr_AirFlow_SetRampDown,8399,Variable
DryerType_DesiccantBeds_DesiccantBed_Nr_AirFlow_SetRampDown_EURange,8400,Variable
DryerType_DesiccantBeds_DesiccantBed_Nr_AirFlow_SetRampUp,8401,Variable
DryerType_DesiccantBeds_DesiccantBed_Nr_AirFlow_SetRampUp_EURange,8402,Variable
DryerType_DesiccantBeds_DesiccantBed_Nr_AirFlow_SetValue,8403,Variable
DryerType_DesiccantBeds_DesiccantBed_Nr_AirFlow_SetValue_EURange,8404,Variable
DryerType_DesiccantBeds_DesiccantBed_Nr_AirFlow_Status,8405,Variable
DryerType_DesiccantBeds_DesiccantBed_Nr_AirFlow_Status_EnumValues,8406,Variable
DryerType_DesiccantBeds_DesiccantBed_Nr_AirFlow_Status_ValueAsText,8407,Variable
DryerType_DesiccantBeds_DesiccantBed_Nr_AirFlow_UpperTolerance,8408,Variable
DryerType_DesiccantBeds_DesiccantBed_Nr_AirFlow_UpperTolerance_EURange,8409,Variable
DryerType_DesiccantBeds_DesiccantBed_Nr_AirFlow_UpperTolerance2,8410,Variable
DryerType_DesiccantBeds_DesiccantBed_Nr_AirFlow_UpperTolerance2_EURange,8411,Variable
DryerType_DesiccantBeds_DesiccantBed_Nr_DewPoint_AlarmSuppression,8412,Variable
DryerType_DesiccantBeds_DesiccantBed_Nr_DewPoint_AlarmSuppression_EnumValues,8413,Variable
DryerType_DesiccantBeds_DesiccantBed_Nr_DewPoint_AlarmSuppression_ValueAsText,8414,Variable
DryerType_DesiccantBeds_DesiccantBed_Nr_DewPoint_AutomaticMonitoring,8415,Variable
DryerType_DesiccantBeds_DesiccantBed_Nr_DewPoint_LowerTolerance,8416,Variable
DryerType_DesiccantBeds_DesiccantBed_Nr_DewPoint_LowerTolerance_EURange,8417,Variable
DryerType_DesiccantBeds_DesiccantBed_Nr_DewPoint_LowerTolerance2,8418,Variable
DryerType_DesiccantBeds_DesiccantBed_Nr_DewPoint_LowerTolerance2_EURange,8419,Variable
DryerType_DesiccantBeds_DesiccantBed_Nr_DewPoint_MaxValue,8420,Variable
DryerType_DesiccantBeds_DesiccantBed_Nr_DewPoint_MaxValue_EURange,8421,Variable
DryerType_DesiccantBeds_DesiccantBed_Nr_DewPoint_MinValue,8422,Variable
DryerType_DesiccantBeds_DesiccantBed_Nr_DewPoint_MinValue_EURange,8423,Variable
DryerType_DesiccantBeds_DesiccantBed_Nr_DewPoint_MonitoringSensitivity,8424,Variable
DryerType_DesiccantBeds_DesiccantBed_Nr_DewPoint_MonitoringSensitivity_EnumValues,8425,Variable
DryerType_DesiccantBeds_DesiccantBed_Nr_DewPoint_MonitoringSensitivity_ValueAsText,8426,Variable
DryerType_DesiccantBeds_DesiccantBed_Nr_DewPoint_ResetMonitoring,8427,Method
DryerType_DesiccantBeds_DesiccantBed_Nr_DewPoint_SetRampDown,8428,Variable
DryerType_DesiccantBeds_DesiccantBed_Nr_DewPoint_SetRampDown_EURange,8429,Variable
DryerType_DesiccantBeds_DesiccantBed_Nr_DewPoint_SetRampUp,8430,Variable
DryerType_DesiccantBeds_DesiccantBed_Nr_DewPoint_SetRampUp_EURange,8431,Variable
DryerType_DesiccantBeds_DesiccantBed_Nr_DewPoint_SetValue,8432,Variable
DryerType_DesiccantBeds_DesiccantBed_Nr_DewPoint_SetValue_EURange,8433,Variable
DryerType_DesiccantBeds_DesiccantBed_Nr_DewPoint_Status,8434,Variable
DryerType_DesiccantBeds_DesiccantBed_Nr_DewPoint_Status_EnumValues,8435,Variable
DryerType_DesiccantBeds_DesiccantBed_Nr_DewPoint_Status_ValueAsText,8436,Variable
DryerType_DesiccantBeds_DesiccantBed_Nr_DewPoint_UpperTolerance,8437,Variable
DryerType_DesiccantBeds_DesiccantBed_Nr_DewPoint_UpperTolerance_EURange,8438,Variable
DryerType_DesiccantBeds_DesiccantBed_Nr_DewPoint_UpperTolerance2,8439,Variable
DryerType_DesiccantBeds_DesiccantBed_Nr_DewPoint_UpperTolerance2_EURange,8440,Variable
DryerType_DesiccantBeds_DesiccantBed_Nr_EnergyConsumptionResettable_Definition,8441,Variable
DryerType_DesiccantBeds_DesiccantBed_Nr_EnergyConsumptionResettable_EURange,8442,Variable
DryerType_DesiccantBeds_DesiccantBed_Nr_EnergyConsumptionResettable_InstrumentRange,8443,Variable
DryerType_DesiccantBeds_DesiccantBed_Nr_EnergyConsumptionResettable_ValuePrecision,8444,Variable
DryerType_DesiccantBeds_DesiccantBed_Nr_TemperatureBackToDesiccantBed_AlarmSuppression,8445,Variable
DryerType_DesiccantBeds_DesiccantBed_Nr_TemperatureBackToDesiccantBed_AlarmSuppression_EnumValues,8446,Variable
DryerType_DesiccantBeds_DesiccantBed_Nr_TemperatureBackToDesiccantBed_AlarmSuppression_ValueAsText,8447,Variable
DryerType_DesiccantBeds_DesiccantBed_Nr_TemperatureBackToDesiccantBed_AutomaticMonitoring,8448,Variable
DryerType_DesiccantBeds_DesiccantBed_Nr_TemperatureBackToDesiccantBed_LowerTolerance,8449,Variable
DryerType_DesiccantBeds_DesiccantBed_Nr_TemperatureBackToDesiccantBed_LowerTolerance_EURange,8450,Variable
DryerType_DesiccantBeds_DesiccantBed_Nr_TemperatureBackToDesiccantBed_LowerTolerance2,8451,Variable
DryerType_DesiccantBeds_DesiccantBed_Nr_TemperatureBackToDesiccantBed_LowerTolerance2_EURange,8452,Variable
DryerType_DesiccantBeds_DesiccantBed_Nr_TemperatureBackToDesiccantBed_MaxValue,8453,Variable
DryerType_DesiccantBeds_DesiccantBed_Nr_TemperatureBackToDesiccantBed_MaxValue_EURange,8454,Variable
DryerType_DesiccantBeds_DesiccantBed_Nr_TemperatureBackToDesiccantBed_MinValue,8455,Variable
DryerType_DesiccantBeds_DesiccantBed_Nr_TemperatureBackToDesiccantBed_MinValue_EURange,8456,Variable
DryerType_DesiccantBeds_DesiccantBed_Nr_TemperatureBackToDesiccantBed_MonitoringSensitivity,8457,Variable
DryerType_DesiccantBeds_DesiccantBed_Nr_TemperatureBackToDesiccantBed_MonitoringSensitivity_EnumValues,8458,Variable
DryerType_DesiccantBeds_DesiccantBed_Nr_TemperatureBackToDesiccantBed_MonitoringSensitivity_ValueAsText,8459,Variable
DryerType_DesiccantBeds_DesiccantBed_Nr_TemperatureBackToDesiccantBed_ResetMonitoring,8460,Method
DryerType_DesiccantBeds_DesiccantBed_Nr_TemperatureBackToDesiccantBed_SetRampDown,8461,Variable
DryerType_DesiccantBeds_DesiccantBed_Nr_TemperatureBackToDesiccantBed_SetRampDown_EURange,8462,Variable
DryerType_DesiccantBeds_DesiccantBed_Nr_TemperatureBackToDesiccantBed_SetRampUp,8463,Variable
DryerType_DesiccantBeds_DesiccantBed_Nr_TemperatureBackToDesiccantBed_SetRampUp_EURange,8464,Variable
DryerType_DesiccantBeds_DesiccantBed_Nr_TemperatureBackToDesiccantBed_SetValue,8465,Variable
DryerType_DesiccantBeds_DesiccantBed_Nr_TemperatureBackToDesiccantBed_SetValue_EURange,8466,Variable
DryerType_DesiccantBeds_DesiccantBed_Nr_TemperatureBackToDesiccantBed_Status,8467,Variable
DryerType_DesiccantBeds_DesiccantBed_Nr_TemperatureBackToDesiccantBed_Status_EnumValues,8468,Variable
DryerType_DesiccantBeds_DesiccantBed_Nr_TemperatureBackToDesiccantBed_Status_ValueAsText,8469,Variable
DryerType_DesiccantBeds_DesiccantBed_Nr_TemperatureBackToDesiccantBed_UpperTolerance,8470,Variable
DryerType_DesiccantBeds_DesiccantBed_Nr_TemperatureBackToDesiccantBed_UpperTolerance_EURange,8471,Variable
DryerType_DesiccantBeds_DesiccantBed_Nr_TemperatureBackToDesiccantBed_UpperTolerance2,8472,Variable
DryerType_DesiccantBeds_DesiccantBed_Nr_TemperatureBackToDesiccantBed_UpperTolerance2_EURange,8473,Variable
DryerType_DesiccantBeds_DesiccantBed_Nr_TemperatureDesiccantBedOut_AlarmSuppression,8474,Variable
DryerType_DesiccantBeds_DesiccantBed_Nr_TemperatureDesiccantBedOut_AlarmSuppression_EnumValues,8475,Variable
DryerType_DesiccantBeds_DesiccantBed_Nr_TemperatureDesiccantBedOut_AlarmSuppression_ValueAsText,8476,Variable
DryerType_DesiccantBeds_DesiccantBed_Nr_TemperatureDesiccantBedOut_AutomaticMonitoring,8477,Variable
DryerType_DesiccantBeds_DesiccantBed_Nr_TemperatureDesiccantBedOut_LowerTolerance,8478,Variable
DryerType_DesiccantBeds_DesiccantBed_Nr_TemperatureDesiccantBedOut_LowerTolerance_EURange,8479,Variable
DryerType_DesiccantBeds_DesiccantBed_Nr_TemperatureDesiccantBedOut_LowerTolerance2,8480,Variable
DryerType_DesiccantBeds_DesiccantBed_Nr_TemperatureDesiccantBedOut_LowerTolerance2_EURange,8481,Variable
DryerType_DesiccantBeds_DesiccantBed_Nr_TemperatureDesiccantBedOut_MaxValue,8482,Variable
DryerType_DesiccantBeds_DesiccantBed_Nr_TemperatureDesiccantBedOut_MaxValue_EURange,8483,Variable
DryerType_DesiccantBeds_DesiccantBed_Nr_TemperatureDesiccantBedOut_MinValue,8484,Variable
DryerType_DesiccantBeds_DesiccantBed_Nr_TemperatureDesiccantBedOut_MinValue_EURange,8485,Variable
DryerType_DesiccantBeds_DesiccantBed_Nr_TemperatureDesiccantBedOut_MonitoringSensitivity,8486,Variable
DryerType_DesiccantBeds_DesiccantBed_Nr_TemperatureDesiccantBedOut_MonitoringSensitivity_EnumValues,8487,Variable
DryerType_DesiccantBeds_DesiccantBed_Nr_TemperatureDesiccantBedOut_MonitoringSensitivity_ValueAsText,8488,Variable
DryerType_DesiccantBeds_DesiccantBed_Nr_TemperatureDesiccantBedOut_ResetMonitoring,8489,Method
DryerType_DesiccantBeds_DesiccantBed_Nr_TemperatureDesiccantBedOut_SetRampDown,8490,Variable
DryerType_DesiccantBeds_DesiccantBed_Nr_TemperatureDesiccantBedOut_SetRampDown_EURange,8491,Variable
DryerType_DesiccantBeds_DesiccantBed_Nr_TemperatureDesiccantBedOut_SetRampUp,8492,Variable
DryerType_DesiccantBeds_DesiccantBed_Nr_TemperatureDesiccantBedOut_SetRampUp_EURange,8493,Variable
DryerType_DesiccantBeds_DesiccantBed_Nr_TemperatureDesiccantBedOut_SetValue,8494,Variable
DryerType_DesiccantBeds_DesiccantBed_Nr_TemperatureDesiccantBedOut_SetValue_EURange,8495,Variable
DryerType_DesiccantBeds_DesiccantBed_Nr_TemperatureDesiccantBedOut_Status,8496,Variable
DryerType_DesiccantBeds_DesiccantBed_Nr_TemperatureDesiccantBedOut_Status_EnumValues,8497,Variable
DryerType_DesiccantBeds_DesiccantBed_Nr_TemperatureDesiccantBedOut_Status_ValueAsText,8498,Variable
DryerType_DesiccantBeds_DesiccantBed_Nr_TemperatureDesiccantBedOut_UpperTolerance,8499,Variable
DryerType_DesiccantBeds_DesiccantBed_Nr_TemperatureDesiccantBedOut_UpperTolerance_EURange,8500,Variable
DryerType_DesiccantBeds_DesiccantBed_Nr_TemperatureDesiccantBedOut_UpperTolerance2,8501,Variable
DryerType_DesiccantBeds_DesiccantBed_Nr_TemperatureDesiccantBedOut_UpperTolerance2_EURange,8502,Variable
DryerType_DesiccantBeds_DesiccantBed_Nr_TemperatureOfDesiccantBed_AlarmSuppression,8503,Variable
DryerType_DesiccantBeds_DesiccantBed_Nr_TemperatureOfDesiccantBed_AlarmSuppression_EnumValues,8504,Variable
DryerType_DesiccantBeds_DesiccantBed_Nr_TemperatureOfDesiccantBed_AlarmSuppression_ValueAsText,8505,Variable
DryerType_DesiccantBeds_DesiccantBed_Nr_TemperatureOfDesiccantBed_AutomaticMonitoring,8506,Variable
DryerType_DesiccantBeds_DesiccantBed_Nr_TemperatureOfDesiccantBed_LowerTolerance,8507,Variable
DryerType_DesiccantBeds_DesiccantBed_Nr_TemperatureOfDesiccantBed_LowerTolerance_EURange,8508,Variable
DryerType_DesiccantBeds_DesiccantBed_Nr_TemperatureOfDesiccantBed_LowerTolerance2,8509,Variable
DryerType_DesiccantBeds_DesiccantBed_Nr_TemperatureOfDesiccantBed_LowerTolerance2_EURange,8510,Variable
DryerType_DesiccantBeds_DesiccantBed_Nr_TemperatureOfDesiccantBed_MaxValue,8511,Variable
DryerType_DesiccantBeds_DesiccantBed_Nr_TemperatureOfDesiccantBed_MaxValue_EURange,8512,Variable
DryerType_DesiccantBeds_DesiccantBed_Nr_TemperatureOfDesiccantBed_MinValue,8513,Variable
DryerType_DesiccantBeds_DesiccantBed_Nr_TemperatureOfDesiccantBed_MinValue_EURange,8514,Variable
DryerType_DesiccantBeds_DesiccantBed_Nr_TemperatureOfDesiccantBed_MonitoringSensitivity,8515,Variable
DryerType_DesiccantBeds_DesiccantBed_Nr_TemperatureOfDesiccantBed_MonitoringSensitivity_EnumValues,8516,Variable
DryerType_DesiccantBeds_DesiccantBed_Nr_TemperatureOfDesiccantBed_MonitoringSensitivity_ValueAsText,8517,Variable
DryerType_DesiccantBeds_DesiccantBed_Nr_TemperatureOfDesiccantBed_ResetMonitoring,8518,Method
DryerType_DesiccantBeds_DesiccantBed_Nr_TemperatureOfDesiccantBed_SetRampDown,8519,Variable
DryerType_DesiccantBeds_DesiccantBed_Nr_TemperatureOfDesiccantBed_SetRampDown_EURange,8520,Variable
DryerType_DesiccantBeds_DesiccantBed_Nr_TemperatureOfDesiccantBed_SetRampUp,8521,Variable
DryerType_DesiccantBeds_DesiccantBed_Nr_TemperatureOfDesiccantBed_SetRampUp_EURange,8522,Variable
DryerType_DesiccantBeds_DesiccantBed_Nr_TemperatureOfDesiccantBed_SetValue,8523,Variable
DryerType_DesiccantBeds_DesiccantBed_Nr_TemperatureOfDesiccantBed_SetValue_EURange,8524,Variable
DryerType_DesiccantBeds_DesiccantBed_Nr_TemperatureOfDesiccantBed_Status,8525,Variable
DryerType_DesiccantBeds_DesiccantBed_Nr_TemperatureOfDesiccantBed_Status_EnumValues,8526,Variable
DryerType_DesiccantBeds_DesiccantBed_Nr_TemperatureOfDesiccantBed_Status_ValueAsText,8527,Variable
DryerType_DesiccantBeds_DesiccantBed_Nr_TemperatureOfDesiccantBed_UpperTolerance,8528,Variable
DryerType_DesiccantBeds_DesiccantBed_Nr_TemperatureOfDesiccantBed_UpperTolerance_EURange,8529,Variable
DryerType_DesiccantBeds_DesiccantBed_Nr_TemperatureOfDesiccantBed_UpperTolerance2,8530,Variable
DryerType_DesiccantBeds_DesiccantBed_Nr_TemperatureOfDesiccantBed_UpperTolerance2_EURange,8531,Variable
DryerType_DesiccantBeds_DesiccantBed_Nr_TotalEnergy_ActualPower,8532,Variable
DryerType_DesiccantBeds_DesiccantBed_Nr_TotalEnergy_ActualPower_EngineeringUnits,8533,Variable
DryerType_DesiccantBeds_DesiccantBed_Nr_TotalEnergy_ActualSpecificEnergy,8534,Variable
DryerType_DesiccantBeds_DesiccantBed_Nr_TotalEnergy_ActualSpecificEnergy_EngineeringUnits,8535,Variable
DryerType_DesiccantBeds_DesiccantBed_Nr_TotalEnergy_PowerConsumption,8536,Variable
DryerType_DesiccantBeds_DesiccantBed_Nr_TotalEnergy_PowerConsumption_EngineeringUnits,8537,Variable
DryerType_DesiccantBeds_DesiccantBed_Nr_TotalEnergy_PowerFactor,8538,Variable
DryerType_DesiccantBeds_DesiccantBed_Nr_AirFlow_ActualValue_Definition,8539,Variable
DryerType_DesiccantBeds_DesiccantBed_Nr_AirFlow_ActualValue_EngineeringUnits,8540,Variable
DryerType_DesiccantBeds_DesiccantBed_Nr_AirFlow_ActualValue_InstrumentRange,8541,Variable
DryerType_DesiccantBeds_DesiccantBed_Nr_AirFlow_ActualValue_ValuePrecision,8542,Variable
DryerType_DesiccantBeds_DesiccantBed_Nr_AirFlow_AlarmSuppression_Definition,8543,Variable
DryerType_DesiccantBeds_DesiccantBed_Nr_AirFlow_AlarmSuppression_ValuePrecision,8544,Variable
DryerType_DesiccantBeds_DesiccantBed_Nr_AirFlow_ClosedLoopControl_AutoTuningActive,8545,Variable
DryerType_DesiccantBeds_DesiccantBed_Nr_AirFlow_ClosedLoopControl_AutoTuningOff,8546,Method
DryerType_DesiccantBeds_DesiccantBed_Nr_AirFlow_ClosedLoopControl_AutoTuningOn,8547,Method
DryerType_DesiccantBeds_DesiccantBed_Nr_AirFlow_ClosedLoopControl_AutomaticControllerMode,8548,Variable
DryerType_DesiccantBeds_DesiccantBed_Nr_AirFlow_ClosedLoopControl_PIDParameters,8549,Variable
DryerType_DesiccantBeds_DesiccantBed_Nr_AirFlow_LowerTolerance_Definition,8550,Variable
DryerType_DesiccantBeds_DesiccantBed_Nr_AirFlow_LowerTolerance_EngineeringUnits,8551,Variable
DryerType_DesiccantBeds_DesiccantBed_Nr_AirFlow_LowerTolerance_InstrumentRange,8552,Variable
DryerType_DesiccantBeds_DesiccantBed_Nr_AirFlow_LowerTolerance_ValuePrecision,8553,Variable
DryerType_DesiccantBeds_DesiccantBed_Nr_AirFlow_LowerTolerance2_Definition,8554,Variable
DryerType_DesiccantBeds_DesiccantBed_Nr_AirFlow_LowerTolerance2_EngineeringUnits,8555,Variable
DryerType_DesiccantBeds_DesiccantBed_Nr_AirFlow_LowerTolerance2_InstrumentRange,8556,Variable
DryerType_DesiccantBeds_DesiccantBed_Nr_AirFlow_LowerTolerance2_ValuePrecision,8557,Variable
DryerType_DesiccantBeds_DesiccantBed_Nr_AirFlow_MaxValue_Definition,8558,Variable
DryerType_DesiccantBeds_DesiccantBed_Nr_AirFlow_MaxValue_EngineeringUnits,8559,Variable
DryerType_DesiccantBeds_DesiccantBed_Nr_AirFlow_MaxValue_InstrumentRange,8560,Variable
DryerType_DesiccantBeds_DesiccantBed_Nr_AirFlow_MaxValue_ValuePrecision,8561,Variable
DryerType_DesiccantBeds_DesiccantBed_Nr_AirFlow_MinValue_Definition,8562,Variable
DryerType_DesiccantBeds_DesiccantBed_Nr_AirFlow_MinValue_EngineeringUnits,8563,Variable
DryerType_DesiccantBeds_DesiccantBed_Nr_AirFlow_MinValue_InstrumentRange,8564,Variable
DryerType_DesiccantBeds_DesiccantBed_Nr_AirFlow_MinValue_ValuePrecision,8565,Variable
DryerType_DesiccantBeds_DesiccantBed_Nr_AirFlow_MonitoringSensitivity_Definition,8566,Variable
DryerType_DesiccantBeds_DesiccantBed_Nr_AirFlow_MonitoringSensitivity_ValuePrecision,8567,Variable
DryerType_DesiccantBeds_DesiccantBed_Nr_AirFlow_SetRampDown_Definition,8568,Variable
DryerType_DesiccantBeds_DesiccantBed_Nr_AirFlow_SetRampDown_EngineeringUnits,8569,Variable
DryerType_DesiccantBeds_DesiccantBed_Nr_AirFlow_SetRampDown_InstrumentRange,8570,Variable
DryerType_DesiccantBeds_DesiccantBed_Nr_AirFlow_SetRampDown_ValuePrecision,8571,Variable
DryerType_DesiccantBeds_DesiccantBed_Nr_AirFlow_SetRampUp_Definition,8572,Variable
DryerType_DesiccantBeds_DesiccantBed_Nr_AirFlow_SetRampUp_EngineeringUnits,8573,Variable
DryerType_DesiccantBeds_DesiccantBed_Nr_AirFlow_SetRampUp_InstrumentRange,8574,Variable
DryerType_DesiccantBeds_DesiccantBed_Nr_AirFlow_SetRampUp_ValuePrecision,8575,Variable
DryerType_DesiccantBeds_DesiccantBed_Nr_AirFlow_SetValue_Definition,8576,Variable
DryerType_DesiccantBeds_DesiccantBed_Nr_AirFlow_SetValue_EngineeringUnits,8577,Variable
DryerType_DesiccantBeds_DesiccantBed_Nr_AirFlow_SetValue_InstrumentRange,8578,Variable
DryerType_DesiccantBeds_DesiccantBed_Nr_AirFlow_SetValue_ValuePrecision,8579,Variable
DryerType_DesiccantBeds_DesiccantBed_Nr_AirFlow_Status_Definition,8580,Variable
DryerType_DesiccantBeds_DesiccantBed_Nr_AirFlow_Status_ValuePrecision,8581,Variable
DryerType_DesiccantBeds_DesiccantBed_Nr_AirFlow_UpperTolerance_Definition,8582,Variable
DryerType_DesiccantBeds_DesiccantBed_Nr_AirFlow_UpperTolerance_EngineeringUnits,8583,Variable
DryerType_DesiccantBeds_DesiccantBed_Nr_AirFlow_UpperTolerance_InstrumentRange,8584,Variable
DryerType_DesiccantBeds_DesiccantBed_Nr_AirFlow_UpperTolerance_ValuePrecision,8585,Variable
DryerType_DesiccantBeds_DesiccantBed_Nr_AirFlow_UpperTolerance2_Definition,8586,Variable
DryerType_DesiccantBeds_DesiccantBed_Nr_AirFlow_UpperTolerance2_EngineeringUnits,8587,Variable
DryerType_DesiccantBeds_DesiccantBed_Nr_AirFlow_UpperTolerance2_InstrumentRange,8588,Variable
DryerType_DesiccantBeds_DesiccantBed_Nr_AirFlow_UpperTolerance2_ValuePrecision,8589,Variable
DryerType_DesiccantBeds_DesiccantBed_Nr_DewPoint_ActualValue_Definition,8590,Variable
DryerType_DesiccantBeds_DesiccantBed_Nr_DewPoint_ActualValue_EngineeringUnits,8591,Variable
DryerType_DesiccantBeds_DesiccantBed_Nr_DewPoint_ActualValue_InstrumentRange,8592,Variable
DryerType_DesiccantBeds_DesiccantBed_Nr_DewPoint_ActualValue_ValuePrecision,8593,Variable
DryerType_DesiccantBeds_DesiccantBed_Nr_DewPoint_AlarmSuppression_Definition,8594,Variable
DryerType_DesiccantBeds_DesiccantBed_Nr_DewPoint_AlarmSuppression_ValuePrecision,8595,Variable
DryerType_DesiccantBeds_DesiccantBed_Nr_DewPoint_LowerTolerance_Definition,8596,Variable
DryerType_DesiccantBeds_DesiccantBed_Nr_DewPoint_LowerTolerance_EngineeringUnits,8597,Variable
DryerType_DesiccantBeds_DesiccantBed_Nr_DewPoint_LowerTolerance_InstrumentRange,8598,Variable
DryerType_DesiccantBeds_DesiccantBed_Nr_DewPoint_LowerTolerance_ValuePrecision,8599,Variable
DryerType_DesiccantBeds_DesiccantBed_Nr_DewPoint_LowerTolerance2_Definition,8600,Variable
DryerType_DesiccantBeds_DesiccantBed_Nr_DewPoint_LowerTolerance2_EngineeringUnits,8601,Variable
DryerType_DesiccantBeds_DesiccantBed_Nr_DewPoint_LowerTolerance2_InstrumentRange,8602,Variable
DryerType_DesiccantBeds_DesiccantBed_Nr_DewPoint_LowerTolerance2_ValuePrecision,8603,Variable
DryerType_DesiccantBeds_DesiccantBed_Nr_DewPoint_MaxValue_Definition,8604,Variable
DryerType_DesiccantBeds_DesiccantBed_Nr_DewPoint_MaxValue_EngineeringUnits,8605,Variable
DryerType_DesiccantBeds_DesiccantBed_Nr_DewPoint_MaxValue_InstrumentRange,8606,Variable
DryerType_DesiccantBeds_DesiccantBed_Nr_DewPoint_MaxValue_ValuePrecision,8607,Variable
DryerType_DesiccantBeds_DesiccantBed_Nr_DewPoint_MinValue_Definition,8608,Variable
DryerType_DesiccantBeds_DesiccantBed_Nr_DewPoint_MinValue_EngineeringUnits,8609,Variable
DryerType_DesiccantBeds_DesiccantBed_Nr_DewPoint_MinValue_InstrumentRange,8610,Variable
DryerType_DesiccantBeds_DesiccantBed_Nr_DewPoint_MinValue_ValuePrecision,8611,Variable
DryerType_DesiccantBeds_DesiccantBed_Nr_DewPoint_MonitoringSensitivity_Definition,8612,Variable
DryerType_DesiccantBeds_DesiccantBed_Nr_DewPoint_MonitoringSensitivity_ValuePrecision,8613,Variable
DryerType_DesiccantBeds_DesiccantBed_Nr_DewPoint_SetRampDown_Definition,8614,Variable
DryerType_DesiccantBeds_DesiccantBed_Nr_DewPoint_SetRampDown_EngineeringUnits,8615,Variable
DryerType_DesiccantBeds_DesiccantBed_Nr_DewPoint_SetRampDown_InstrumentRange,8616,Variable
DryerType_DesiccantBeds_DesiccantBed_Nr_DewPoint_SetRampDown_ValuePrecision,8617,Variable
DryerType_DesiccantBeds_DesiccantBed_Nr_DewPoint_SetRampUp_Definition,8618,Variable
DryerType_DesiccantBeds_DesiccantBed_Nr_DewPoint_SetRampUp_EngineeringUnits,8619,Variable
DryerType_DesiccantBeds_DesiccantBed_Nr_DewPoint_SetRampUp_InstrumentRange,8620,Variable
DryerType_DesiccantBeds_DesiccantBed_Nr_DewPoint_SetRampUp_ValuePrecision,8621,Variable
DryerType_DesiccantBeds_DesiccantBed_Nr_DewPoint_SetValue_Definition,8622,Variable
DryerType_DesiccantBeds_DesiccantBed_Nr_DewPoint_SetValue_EngineeringUnits,8623,Variable
DryerType_DesiccantBeds_DesiccantBed_Nr_DewPoint_SetValue_InstrumentRange,8624,Variable
DryerType_DesiccantBeds_DesiccantBed_Nr_DewPoint_SetValue_ValuePrecision,8625,Variable
DryerType_DesiccantBeds_DesiccantBed_Nr_DewPoint_Status_Definition,8626,Variable
DryerType_DesiccantBeds_DesiccantBed_Nr_DewPoint_Status_ValuePrecision,8627,Variable
DryerType_DesiccantBeds_DesiccantBed_Nr_DewPoint_UpperTolerance_Definition,8628,Variable
DryerType_DesiccantBeds_DesiccantBed_Nr_DewPoint_UpperTolerance_EngineeringUnits,8629,Variable
DryerType_DesiccantBeds_DesiccantBed_Nr_DewPoint_UpperTolerance_InstrumentRange,8630,Variable
DryerType_DesiccantBeds_DesiccantBed_Nr_DewPoint_UpperTolerance_ValuePrecision,8631,Variable
DryerType_DesiccantBeds_DesiccantBed_Nr_DewPoint_UpperTolerance2_Definition,8632,Variable
DryerType_DesiccantBeds_DesiccantBed_Nr_DewPoint_UpperTolerance2_EngineeringUnits,8633,Variable
DryerType_DesiccantBeds_DesiccantBed_Nr_DewPoint_UpperTolerance2_InstrumentRange,8634,Variable
DryerType_DesiccantBeds_DesiccantBed_Nr_DewPoint_UpperTolerance2_ValuePrecision,8635,Variable
DryerType_DesiccantBeds_DesiccantBed_Nr_TemperatureBackToDesiccantBed_ActualValue_Definition,8636,Variable
DryerType_DesiccantBeds_DesiccantBed_Nr_TemperatureBackToDesiccantBed_ActualValue_EngineeringUnits,8637,Variable
DryerType_DesiccantBeds_DesiccantBed_Nr_TemperatureBackToDesiccantBed_ActualValue_InstrumentRange,8638,Variable
DryerType_DesiccantBeds_DesiccantBed_Nr_TemperatureBackToDesiccantBed_ActualValue_ValuePrecision,8639,Variable
DryerType_DesiccantBeds_DesiccantBed_Nr_TemperatureBackToDesiccantBed_AlarmSuppression_Definition,8640,Variable
DryerType_DesiccantBeds_DesiccantBed_Nr_TemperatureBackToDesiccantBed_AlarmSuppression_ValuePrecision,8641,Variable
DryerType_DesiccantBeds_DesiccantBed_Nr_TemperatureBackToDesiccantBed_LowerTolerance_Definition,8642,Variable
DryerType_DesiccantBeds_DesiccantBed_Nr_TemperatureBackToDesiccantBed_LowerTolerance_EngineeringUnits,8643,Variable
DryerType_DesiccantBeds_DesiccantBed_Nr_TemperatureBackToDesiccantBed_LowerTolerance_InstrumentRange,8644,Variable
DryerType_DesiccantBeds_DesiccantBed_Nr_TemperatureBackToDesiccantBed_LowerTolerance_ValuePrecision,8645,Variable
DryerType_DesiccantBeds_DesiccantBed_Nr_TemperatureBackToDesiccantBed_LowerTolerance2_Definition,8646,Variable
DryerType_DesiccantBeds_DesiccantBed_Nr_TemperatureBackToDesiccantBed_LowerTolerance2_EngineeringUnits,8647,Variable
DryerType_DesiccantBeds_DesiccantBed_Nr_TemperatureBackToDesiccantBed_LowerTolerance2_InstrumentRange,8648,Variable
DryerType_DesiccantBeds_DesiccantBed_Nr_TemperatureBackToDesiccantBed_LowerTolerance2_ValuePrecision,8649,Variable
DryerType_DesiccantBeds_DesiccantBed_Nr_TemperatureBackToDesiccantBed_MaxValue_Definition,8650,Variable
DryerType_DesiccantBeds_DesiccantBed_Nr_TemperatureBackToDesiccantBed_MaxValue_EngineeringUnits,8651,Variable
DryerType_DesiccantBeds_DesiccantBed_Nr_TemperatureBackToDesiccantBed_MaxValue_InstrumentRange,8652,Variable
DryerType_DesiccantBeds_DesiccantBed_Nr_TemperatureBackToDesiccantBed_MaxValue_ValuePrecision,8653,Variable
DryerType_DesiccantBeds_DesiccantBed_Nr_TemperatureBackToDesiccantBed_MinValue_Definition,8654,Variable
DryerType_DesiccantBeds_DesiccantBed_Nr_TemperatureBackToDesiccantBed_MinValue_EngineeringUnits,8655,Variable
DryerType_DesiccantBeds_DesiccantBed_Nr_TemperatureBackToDesiccantBed_MinValue_InstrumentRange,8656,Variable
DryerType_DesiccantBeds_DesiccantBed_Nr_TemperatureBackToDesiccantBed_MinValue_ValuePrecision,8657,Variable
DryerType_DesiccantBeds_DesiccantBed_Nr_TemperatureBackToDesiccantBed_MonitoringSensitivity_Definition,8658,Variable
DryerType_DesiccantBeds_DesiccantBed_Nr_TemperatureBackToDesiccantBed_MonitoringSensitivity_ValuePrecision,8659,Variable
DryerType_DesiccantBeds_DesiccantBed_Nr_TemperatureBackToDesiccantBed_SetRampDown_Definition,8660,Variable
DryerType_DesiccantBeds_DesiccantBed_Nr_TemperatureBackToDesiccantBed_SetRampDown_EngineeringUnits,8661,Variable
DryerType_DesiccantBeds_DesiccantBed_Nr_TemperatureBackToDesiccantBed_SetRampDown_InstrumentRange,8662,Variable
DryerType_DesiccantBeds_DesiccantBed_Nr_TemperatureBackToDesiccantBed_SetRampDown_ValuePrecision,8663,Variable
DryerType_DesiccantBeds_DesiccantBed_Nr_TemperatureBackToDesiccantBed_SetRampUp_Definition,8664,Variable
DryerType_DesiccantBeds_DesiccantBed_Nr_TemperatureBackToDesiccantBed_SetRampUp_EngineeringUnits,8665,Variable
DryerType_DesiccantBeds_DesiccantBed_Nr_TemperatureBackToDesiccantBed_SetRampUp_InstrumentRange,8666,Variable
DryerType_DesiccantBeds_DesiccantBed_Nr_TemperatureBackToDesiccantBed_SetRampUp_ValuePrecision,8667,Variable
DryerType_DesiccantBeds_DesiccantBed_Nr_TemperatureBackToDesiccantBed_SetValue_Definition,8668,Variable
DryerType_DesiccantBeds_DesiccantBed_Nr_TemperatureBackToDesiccantBed_SetValue_EngineeringUnits,8669,Variable
DryerType_DesiccantBeds_DesiccantBed_Nr_TemperatureBackToDesiccantBed_SetValue_InstrumentRange,8670,Variable
DryerType_DesiccantBeds_DesiccantBed_Nr_TemperatureBackToDesiccantBed_SetValue_ValuePrecision,8671,Variable
DryerType_DesiccantBeds_DesiccantBed_Nr_TemperatureBackToDesiccantBed_Status_Definition,8672,Variable
DryerType_DesiccantBeds_DesiccantBed_Nr_TemperatureBackToDesiccantBed_Status_ValuePrecision,8673,Variable
DryerType_DesiccantBeds_DesiccantBed_Nr_TemperatureBackToDesiccantBed_UpperTolerance_Definition,8674,Variable
DryerType_DesiccantBeds_DesiccantBed_Nr_TemperatureBackToDesiccantBed_UpperTolerance_EngineeringUnits,8675,Variable
DryerType_DesiccantBeds_DesiccantBed_Nr_TemperatureBackToDesiccantBed_UpperTolerance_InstrumentRange,8676,Variable
DryerType_DesiccantBeds_DesiccantBed_Nr_TemperatureBackToDesiccantBed_UpperTolerance_ValuePrecision,8677,Variable
DryerType_DesiccantBeds_DesiccantBed_Nr_TemperatureBackToDesiccantBed_UpperTolerance2_Definition,8678,Variable
DryerType_DesiccantBeds_DesiccantBed_Nr_TemperatureBackToDesiccantBed_UpperTolerance2_EngineeringUnits,8679,Variable
DryerType_DesiccantBeds_DesiccantBed_Nr_TemperatureBackToDesiccantBed_UpperTolerance2_InstrumentRange,8680,Variable
DryerType_DesiccantBeds_DesiccantBed_Nr_TemperatureBackToDesiccantBed_UpperTolerance2_ValuePrecision,8681,Variable
DryerType_DesiccantBeds_DesiccantBed_Nr_TemperatureDesiccantBedOut_ActualValue_Definition,8682,Variable
DryerType_DesiccantBeds_DesiccantBed_Nr_TemperatureDesiccantBedOut_ActualValue_EngineeringUnits,8683,Variable
DryerType_DesiccantBeds_DesiccantBed_Nr_TemperatureDesiccantBedOut_ActualValue_InstrumentRange,8684,Variable
DryerType_DesiccantBeds_DesiccantBed_Nr_TemperatureDesiccantBedOut_ActualValue_ValuePrecision,8685,Variable
DryerType_DesiccantBeds_DesiccantBed_Nr_TemperatureDesiccantBedOut_AlarmSuppression_Definition,8686,Variable
DryerType_DesiccantBeds_DesiccantBed_Nr_TemperatureDesiccantBedOut_AlarmSuppression_ValuePrecision,8687,Variable
DryerType_DesiccantBeds_DesiccantBed_Nr_TemperatureDesiccantBedOut_LowerTolerance_Definition,8688,Variable
DryerType_DesiccantBeds_DesiccantBed_Nr_TemperatureDesiccantBedOut_LowerTolerance_EngineeringUnits,8689,Variable
DryerType_DesiccantBeds_DesiccantBed_Nr_TemperatureDesiccantBedOut_LowerTolerance_InstrumentRange,8690,Variable
DryerType_DesiccantBeds_DesiccantBed_Nr_TemperatureDesiccantBedOut_LowerTolerance_ValuePrecision,8691,Variable
DryerType_DesiccantBeds_DesiccantBed_Nr_TemperatureDesiccantBedOut_LowerTolerance2_Definition,8692,Variable
DryerType_DesiccantBeds_DesiccantBed_Nr_TemperatureDesiccantBedOut_LowerTolerance2_EngineeringUnits,8693,Variable
DryerType_DesiccantBeds_DesiccantBed_Nr_TemperatureDesiccantBedOut_LowerTolerance2_InstrumentRange,8694,Variable
DryerType_DesiccantBeds_DesiccantBed_Nr_TemperatureDesiccantBedOut_LowerTolerance2_ValuePrecision,8695,Variable
DryerType_DesiccantBeds_DesiccantBed_Nr_TemperatureDesiccantBedOut_MaxValue_Definition,8696,Variable
DryerType_DesiccantBeds_DesiccantBed_Nr_TemperatureDesiccantBedOut_MaxValue_EngineeringUnits,8697,Variable
DryerType_DesiccantBeds_DesiccantBed_Nr_TemperatureDesiccantBedOut_MaxValue_InstrumentRange,8698,Variable
DryerType_DesiccantBeds_DesiccantBed_Nr_TemperatureDesiccantBedOut_MaxValue_ValuePrecision,8699,Variable
DryerType_DesiccantBeds_DesiccantBed_Nr_TemperatureDesiccantBedOut_MinValue_Definition,8700,Variable
DryerType_DesiccantBeds_DesiccantBed_Nr_TemperatureDesiccantBedOut_MinValue_EngineeringUnits,8701,Variable
DryerType_DesiccantBeds_DesiccantBed_Nr_TemperatureDesiccantBedOut_MinValue_InstrumentRange,8702,Variable
DryerType_DesiccantBeds_DesiccantBed_Nr_TemperatureDesiccantBedOut_MinValue_ValuePrecision,8703,Variable
DryerType_DesiccantBeds_DesiccantBed_Nr_TemperatureDesiccantBedOut_MonitoringSensitivity_Definition,8704,Variable
DryerType_DesiccantBeds_DesiccantBed_Nr_TemperatureDesiccantBedOut_MonitoringSensitivity_ValuePrecision,8705,Variable
DryerType_DesiccantBeds_DesiccantBed_Nr_TemperatureDesiccantBedOut_SetRampDown_Definition,8706,Variable
DryerType_DesiccantBeds_DesiccantBed_Nr_TemperatureDesiccantBedOut_SetRampDown_EngineeringUnits,8707,Variable
DryerType_DesiccantBeds_DesiccantBed_Nr_TemperatureDesiccantBedOut_SetRampDown_InstrumentRange,8708,Variable
DryerType_DesiccantBeds_DesiccantBed_Nr_TemperatureDesiccantBedOut_SetRampDown_ValuePrecision,8709,Variable
DryerType_DesiccantBeds_DesiccantBed_Nr_TemperatureDesiccantBedOut_SetRampUp_Definition,8710,Variable
DryerType_DesiccantBeds_DesiccantBed_Nr_TemperatureDesiccantBedOut_SetRampUp_EngineeringUnits,8711,Variable
DryerType_DesiccantBeds_DesiccantBed_Nr_TemperatureDesiccantBedOut_SetRampUp_InstrumentRange,8712,Variable
DryerType_DesiccantBeds_DesiccantBed_Nr_TemperatureDesiccantBedOut_SetRampUp_ValuePrecision,8713,Variable
DryerType_DesiccantBeds_DesiccantBed_Nr_TemperatureDesiccantBedOut_SetValue_Definition,8714,Variable
DryerType_DesiccantBeds_DesiccantBed_Nr_TemperatureDesiccantBedOut_SetValue_EngineeringUnits,8715,Variable
DryerType_DesiccantBeds_DesiccantBed_Nr_TemperatureDesiccantBedOut_SetValue_InstrumentRange,8716,Variable
DryerType_DesiccantBeds_DesiccantBed_Nr_TemperatureDesiccantBedOut_SetValue_ValuePrecision,8717,Variable
DryerType_DesiccantBeds_DesiccantBed_Nr_TemperatureDesiccantBedOut_Status_Definition,8718,Variable
DryerType_DesiccantBeds_DesiccantBed_Nr_TemperatureDesiccantBedOut_Status_ValuePrecision,8719,Variable
DryerType_DesiccantBeds_DesiccantBed_Nr_TemperatureDesiccantBedOut_UpperTolerance_Definition,8720,Variable
DryerType_DesiccantBeds_DesiccantBed_Nr_TemperatureDesiccantBedOut_UpperTolerance_EngineeringUnits,8721,Variable
DryerType_DesiccantBeds_DesiccantBed_Nr_TemperatureDesiccantBedOut_UpperTolerance_InstrumentRange,8722,Variable
DryerType_DesiccantBeds_DesiccantBed_Nr_TemperatureDesiccantBedOut_UpperTolerance_ValuePrecision,8723,Variable
DryerType_DesiccantBeds_DesiccantBed_Nr_TemperatureDesiccantBedOut_UpperTolerance2_Definition,8724,Variable
DryerType_DesiccantBeds_DesiccantBed_Nr_TemperatureDesiccantBedOut_UpperTolerance2_EngineeringUnits,8725,Variable
DryerType_DesiccantBeds_DesiccantBed_Nr_TemperatureDesiccantBedOut_UpperTolerance2_InstrumentRange,8726,Variable
DryerType_DesiccantBeds_DesiccantBed_Nr_TemperatureDesiccantBedOut_UpperTolerance2_ValuePrecision,8727,Variable
DryerType_DesiccantBeds_DesiccantBed_Nr_TemperatureOfDesiccantBed_ActualValue_Definition,8728,Variable
DryerType_DesiccantBeds_DesiccantBed_Nr_TemperatureOfDesiccantBed_ActualValue_EngineeringUnits,8729,Variable
DryerType_DesiccantBeds_DesiccantBed_Nr_TemperatureOfDesiccantBed_ActualValue_InstrumentRange,8730,Variable
DryerType_DesiccantBeds_DesiccantBed_Nr_TemperatureOfDesiccantBed_ActualValue_ValuePrecision,8731,Variable
DryerType_DesiccantBeds_DesiccantBed_Nr_TemperatureOfDesiccantBed_AlarmSuppression_Definition,8732,Variable
DryerType_DesiccantBeds_DesiccantBed_Nr_TemperatureOfDesiccantBed_AlarmSuppression_ValuePrecision,8733,Variable
DryerType_DesiccantBeds_DesiccantBed_Nr_TemperatureOfDesiccantBed_ClosedLoopControl_AutoTuningActive,8734,Variable
DryerType_DesiccantBeds_DesiccantBed_Nr_TemperatureOfDesiccantBed_ClosedLoopControl_AutoTuningOff,8735,Method
DryerType_DesiccantBeds_DesiccantBed_Nr_TemperatureOfDesiccantBed_ClosedLoopControl_AutoTuningOn,8736,Method
DryerType_DesiccantBeds_DesiccantBed_Nr_TemperatureOfDesiccantBed_ClosedLoopControl_AutomaticControllerMode,8737,Variable
DryerType_DesiccantBeds_DesiccantBed_Nr_TemperatureOfDesiccantBed_ClosedLoopControl_PIDParameters,8738,Variable
DryerType_DesiccantBeds_DesiccantBed_Nr_TemperatureOfDesiccantBed_LowerTolerance_Definition,8739,Variable
DryerType_DesiccantBeds_DesiccantBed_Nr_TemperatureOfDesiccantBed_LowerTolerance_EngineeringUnits,8740,Variable
DryerType_DesiccantBeds_DesiccantBed_Nr_TemperatureOfDesiccantBed_LowerTolerance_InstrumentRange,8741,Variable
DryerType_DesiccantBeds_DesiccantBed_Nr_TemperatureOfDesiccantBed_LowerTolerance_ValuePrecision,8742,Variable
DryerType_DesiccantBeds_DesiccantBed_Nr_TemperatureOfDesiccantBed_LowerTolerance2_Definition,8743,Variable
DryerType_DesiccantBeds_DesiccantBed_Nr_TemperatureOfDesiccantBed_LowerTolerance2_EngineeringUnits,8744,Variable
DryerType_DesiccantBeds_DesiccantBed_Nr_TemperatureOfDesiccantBed_LowerTolerance2_InstrumentRange,8745,Variable
DryerType_DesiccantBeds_DesiccantBed_Nr_TemperatureOfDesiccantBed_LowerTolerance2_ValuePrecision,8746,Variable
DryerType_DesiccantBeds_DesiccantBed_Nr_TemperatureOfDesiccantBed_MaxValue_Definition,8747,Variable
DryerType_DesiccantBeds_DesiccantBed_Nr_TemperatureOfDesiccantBed_MaxValue_EngineeringUnits,8748,Variable
DryerType_DesiccantBeds_DesiccantBed_Nr_TemperatureOfDesiccantBed_MaxValue_InstrumentRange,8749,Variable
DryerType_DesiccantBeds_DesiccantBed_Nr_TemperatureOfDesiccantBed_MaxValue_ValuePrecision,8750,Variable
DryerType_DesiccantBeds_DesiccantBed_Nr_TemperatureOfDesiccantBed_MinValue_Definition,8751,Variable
DryerType_DesiccantBeds_DesiccantBed_Nr_TemperatureOfDesiccantBed_MinValue_EngineeringUnits,8752,Variable
DryerType_DesiccantBeds_DesiccantBed_Nr_TemperatureOfDesiccantBed_MinValue_InstrumentRange,8753,Variable
DryerType_DesiccantBeds_DesiccantBed_Nr_TemperatureOfDesiccantBed_MinValue_ValuePrecision,8754,Variable
DryerType_DesiccantBeds_DesiccantBed_Nr_TemperatureOfDesiccantBed_MonitoringSensitivity_Definition,8755,Variable
DryerType_DesiccantBeds_DesiccantBed_Nr_TemperatureOfDesiccantBed_MonitoringSensitivity_ValuePrecision,8756,Variable
DryerType_DesiccantBeds_DesiccantBed_Nr_TemperatureOfDesiccantBed_SetRampDown_Definition,8757,Variable
DryerType_DesiccantBeds_DesiccantBed_Nr_TemperatureOfDesiccantBed_SetRampDown_EngineeringUnits,8758,Variable
DryerType_DesiccantBeds_DesiccantBed_Nr_TemperatureOfDesiccantBed_SetRampDown_InstrumentRange,8759,Variable
DryerType_DesiccantBeds_DesiccantBed_Nr_TemperatureOfDesiccantBed_SetRampDown_ValuePrecision,8760,Variable
DryerType_DesiccantBeds_DesiccantBed_Nr_TemperatureOfDesiccantBed_SetRampUp_Definition,8761,Variable
DryerType_DesiccantBeds_DesiccantBed_Nr_TemperatureOfDesiccantBed_SetRampUp_EngineeringUnits,8762,Variable
DryerType_DesiccantBeds_DesiccantBed_Nr_TemperatureOfDesiccantBed_SetRampUp_InstrumentRange,8763,Variable
DryerType_DesiccantBeds_DesiccantBed_Nr_TemperatureOfDesiccantBed_SetRampUp_ValuePrecision,8764,Variable
DryerType_DesiccantBeds_DesiccantBed_Nr_TemperatureOfDesiccantBed_SetValue_Definition,8765,Variable
DryerType_DesiccantBeds_DesiccantBed_Nr_TemperatureOfDesiccantBed_SetValue_EngineeringUnits,8766,Variable
DryerType_DesiccantBeds_DesiccantBed_Nr_TemperatureOfDesiccantBed_SetValue_InstrumentRange,8767,Variable
DryerType_DesiccantBeds_DesiccantBed_Nr_TemperatureOfDesiccantBed_SetValue_ValuePrecision,8768,Variable
DryerType_DesiccantBeds_DesiccantBed_Nr_TemperatureOfDesiccantBed_Status_Definition,8769,Variable
DryerType_DesiccantBeds_DesiccantBed_Nr_TemperatureOfDesiccantBed_Status_ValuePrecision,8770,Variable
DryerType_DesiccantBeds_DesiccantBed_Nr_TemperatureOfDesiccantBed_UpperTolerance_Definition,8771,Variable
DryerType_DesiccantBeds_DesiccantBed_Nr_TemperatureOfDesiccantBed_UpperTolerance_EngineeringUnits,8772,Variable
DryerType_DesiccantBeds_DesiccantBed_Nr_TemperatureOfDesiccantBed_UpperTolerance_InstrumentRange,8773,Variable
DryerType_DesiccantBeds_DesiccantBed_Nr_TemperatureOfDesiccantBed_UpperTolerance_ValuePrecision,8774,Variable
DryerType_DesiccantBeds_DesiccantBed_Nr_TemperatureOfDesiccantBed_UpperTolerance2_Definition,8775,Variable
DryerType_DesiccantBeds_DesiccantBed_Nr_TemperatureOfDesiccantBed_UpperTolerance2_EngineeringUnits,8776,Variable
DryerType_DesiccantBeds_DesiccantBed_Nr_TemperatureOfDesiccantBed_UpperTolerance2_InstrumentRange,8777,Variable
DryerType_DesiccantBeds_DesiccantBed_Nr_TemperatureOfDesiccantBed_UpperTolerance2_ValuePrecision,8778,Variable
DryerType_DesiccantBeds_DesiccantBed_Nr_TotalEnergy_ActualPower_Definition,8779,Variable
DryerType_DesiccantBeds_DesiccantBed_Nr_TotalEnergy_ActualPower_EURange,8780,Variable
DryerType_DesiccantBeds_DesiccantBed_Nr_TotalEnergy_ActualPower_InstrumentRange,8781,Variable
DryerType_DesiccantBeds_DesiccantBed_Nr_TotalEnergy_ActualPower_ValuePrecision,8782,Variable
DryerType_DesiccantBeds_DesiccantBed_Nr_TotalEnergy_ActualSpecificEnergy_Definition,8783,Variable
DryerType_DesiccantBeds_DesiccantBed_Nr_TotalEnergy_ActualSpecificEnergy_EURange,8784,Variable
DryerType_DesiccantBeds_DesiccantBed_Nr_TotalEnergy_ActualSpecificEnergy_InstrumentRange,8785,Variable
DryerType_DesiccantBeds_DesiccantBed_Nr_TotalEnergy_ActualSpecificEnergy_ValuePrecision,8786,Variable
DryerType_DesiccantBeds_DesiccantBed_Nr_TotalEnergy_PowerConsumption_Definition,8787,Variable
DryerType_DesiccantBeds_DesiccantBed_Nr_TotalEnergy_PowerConsumption_EURange,8788,Variable
DryerType_DesiccantBeds_DesiccantBed_Nr_TotalEnergy_PowerConsumption_InstrumentRange,8789,Variable
DryerType_DesiccantBeds_DesiccantBed_Nr_TotalEnergy_PowerConsumption_ValuePrecision,8790,Variable
GranulateDryingDeviceType_Dryer_Bins_Bin_Nr_Temperature_ActualValue,8791,Variable
GranulateDryingDeviceType_Dryer_Bins_Bin_Nr_Temperature_ActualValue_EURange,8792,Variable
GranulateDryingDeviceType_Dryer_Bins_Bin_Nr_Temperature_AlarmSuppression,8793,Variable
BinsType_Bin_Nr_TotalEnergy_PowerConsumption,8794,Variable
BinsType_Bin_Nr_TotalEnergy_PowerConsumption_EngineeringUnits,8795,Variable
BinsType_Bin_Nr_TotalEnergy_PowerFactor,8796,Variable
BinsType_Bin_Nr_TotalEnergy_ActualPower_Definition,8797,Variable
BinsType_Bin_Nr_TotalEnergy_ActualPower_EURange,8798,Variable
BinsType_Bin_Nr_TotalEnergy_ActualPower_InstrumentRange,8799,Variable
BinsType_Bin_Nr_TotalEnergy_ActualPower_ValuePrecision,8800,Variable
BinsType_Bin_Nr_TotalEnergy_ActualSpecificEnergy_Definition,8801,Variable
BinsType_Bin_Nr_TotalEnergy_ActualSpecificEnergy_EURange,8802,Variable
BinsType_Bin_Nr_TotalEnergy_ActualSpecificEnergy_InstrumentRange,8803,Variable
BinsType_Bin_Nr_TotalEnergy_ActualSpecificEnergy_ValuePrecision,8804,Variable
BinsType_Bin_Nr_TotalEnergy_PowerConsumption_Definition,8805,Variable
BinsType_Bin_Nr_TotalEnergy_PowerConsumption_EURange,8806,Variable
BinsType_Bin_Nr_TotalEnergy_PowerConsumption_InstrumentRange,8807,Variable
BinsType_Bin_Nr_TotalEnergy_PowerConsumption_ValuePrecision,8808,Variable
DryerType_Bins_Bin_Nr_EnergyConsumptionResettable,8809,Variable
DryerType_Bins_Bin_Nr_EnergyConsumptionResettable_EngineeringUnits,8810,Variable
DryerType_Bins_Bin_Nr_EnergyConsumptionResettable_Definition,8811,Variable
DryerType_Bins_Bin_Nr_EnergyConsumptionResettable_EURange,8812,Variable
DryerType_Bins_Bin_Nr_EnergyConsumptionResettable_InstrumentRange,8813,Variable
DryerType_Bins_Bin_Nr_EnergyConsumptionResettable_ValuePrecision,8814,Variable
DryerType_Bins_Bin_Nr_TotalEnergy_ActualPower,8815,Variable
DryerType_Bins_Bin_Nr_TotalEnergy_ActualPower_EngineeringUnits,8816,Variable
DryerType_Bins_Bin_Nr_TotalEnergy_ActualSpecificEnergy,8817,Variable
DryerType_Bins_Bin_Nr_TotalEnergy_ActualSpecificEnergy_EngineeringUnits,8818,Variable
DryerType_Bins_Bin_Nr_TotalEnergy_PowerConsumption,8819,Variable
DryerType_Bins_Bin_Nr_TotalEnergy_PowerConsumption_EngineeringUnits,8820,Variable
DryerType_Bins_Bin_Nr_TotalEnergy_PowerFactor,8821,Variable
DryerType_Bins_Bin_Nr_TotalEnergy_ActualPower_Definition,8822,Variable
DryerType_Bins_Bin_Nr_TotalEnergy_ActualPower_EURange,8823,Variable
DryerType_Bins_Bin_Nr_TotalEnergy_ActualPower_InstrumentRange,8824,Variable
DryerType_Bins_Bin_Nr_TotalEnergy_ActualPower_ValuePrecision,8825,Variable
DryerType_Bins_Bin_Nr_TotalEnergy_ActualSpecificEnergy_Definition,8826,Variable
DryerType_Bins_Bin_Nr_TotalEnergy_ActualSpecificEnergy_EURange,8827,Variable
DryerType_Bins_Bin_Nr_TotalEnergy_ActualSpecificEnergy_InstrumentRange,8828,Variable
DryerType_Bins_Bin_Nr_TotalEnergy_ActualSpecificEnergy_ValuePrecision,8829,Variable
DryerType_Bins_Bin_Nr_TotalEnergy_PowerConsumption_Definition,8830,Variable
DryerType_Bins_Bin_Nr_TotalEnergy_PowerConsumption_EURange,8831,Variable
DryerType_Bins_Bin_Nr_TotalEnergy_PowerConsumption_InstrumentRange,8832,Variable
DryerType_Bins_Bin_Nr_TotalEnergy_PowerConsumption_ValuePrecision,8833,Variable
GranulateDryingDeviceType_Dryer_Bins_Bin_Nr_Temperature_AlarmSuppression_EnumValues,8834,Variable
GranulateDryingDeviceType_Dryer_Bins_Bin_Nr_Temperature_AlarmSuppression_ValueAsText,8835,Variable
GranulateDryingDeviceType_Dryer_Bins_Bin_Nr_Temperature_AutomaticMonitoring,8836,Variable
GranulateDryingDeviceType_Dryer_Bins_Bin_Nr_Temperature_LowerTolerance,8837,Variable
GranulateDryingDeviceType_Dryer_Bins_Bin_Nr_Temperature_LowerTolerance_EURange,8838,Variable
GranulateDryingDeviceType_Dryer_Bins_Bin_Nr_Temperature_LowerTolerance2,8839,Variable
GranulateDryingDeviceType_Dryer_Bins_Bin_Nr_Temperature_LowerTolerance2_EURange,8840,Variable
GranulateDryingDeviceType_Dryer_Bins_Bin_Nr_Temperature_MaxValue,8841,Variable
GranulateDryingDeviceType_Dryer_Bins_Bin_Nr_Temperature_MaxValue_EURange,8842,Variable
GranulateDryingDeviceType_Dryer_Bins_Bin_Nr_Temperature_MinValue,8843,Variable
GranulateDryingDeviceType_Dryer_Bins_Bin_Nr_Temperature_MinValue_EURange,8844,Variable
GranulateDryingDeviceType_Dryer_Bins_Bin_Nr_Temperature_MonitoringSensitivity,8845,Variable
GranulateDryingDeviceType_Dryer_Bins_Bin_Nr_Temperature_MonitoringSensitivity_EnumValues,8846,Variable
GranulateDryingDeviceType_Dryer_Bins_Bin_Nr_Temperature_MonitoringSensitivity_ValueAsText,8847,Variable
GranulateDryingDeviceType_Dryer_Bins_Bin_Nr_Temperature_ResetMonitoring,8848,Method
GranulateDryingDeviceType_Dryer_Bins_Bin_Nr_Temperature_SetRampDown,8849,Variable
GranulateDryingDeviceType_Dryer_Bins_Bin_Nr_Temperature_SetRampDown_EURange,8850,Variable
GranulateDryingDeviceType_Dryer_Bins_Bin_Nr_Temperature_SetRampUp,8851,Variable
GranulateDryingDeviceType_Dryer_Bins_Bin_Nr_Temperature_SetRampUp_EURange,8852,Variable
GranulateDryingDeviceType_Dryer_Bins_Bin_Nr_Temperature_SetValue,8853,Variable
GranulateDryingDeviceType_Dryer_Bins_Bin_Nr_Temperature_SetValue_EURange,8854,Variable
GranulateDryingDeviceType_Dryer_Bins_Bin_Nr_Temperature_Status,8855,Variable
GranulateDryingDeviceType_Dryer_Bins_Bin_Nr_Temperature_Status_EnumValues,8856,Variable
GranulateDryingDeviceType_Dryer_Bins_Bin_Nr_Temperature_Status_ValueAsText,8857,Variable
GranulateDryingDeviceType_Dryer_Bins_Bin_Nr_Temperature_UpperTolerance,8858,Variable
GranulateDryingDeviceType_Dryer_Bins_Bin_Nr_Temperature_UpperTolerance_EURange,8859,Variable
GranulateDryingDeviceType_Dryer_Bins_Bin_Nr_Temperature_UpperTolerance2,8860,Variable
GranulateDryingDeviceType_Dryer_Bins_Bin_Nr_Temperature_UpperTolerance2_EURange,8861,Variable
GranulateDryingDeviceType_Dryer_Bins_Bin_Nr_Temperature_ActualValue_Definition,8862,Variable
GranulateDryingDeviceType_Dryer_Bins_Bin_Nr_Temperature_ActualValue_EngineeringUnits,8863,Variable
GranulateDryingDeviceType_Dryer_Bins_Bin_Nr_Temperature_ActualValue_InstrumentRange,8864,Variable
GranulateDryingDeviceType_Dryer_Bins_Bin_Nr_Temperature_ActualValue_ValuePrecision,8865,Variable
GranulateDryingDeviceType_Dryer_Bins_Bin_Nr_Temperature_AlarmSuppression_Definition,8866,Variable
GranulateDryingDeviceType_Dryer_Bins_Bin_Nr_Temperature_AlarmSuppression_ValuePrecision,8867,Variable
GranulateDryingDeviceType_Dryer_Bins_Bin_Nr_Temperature_LowerTolerance_Definition,8868,Variable
GranulateDryingDeviceType_Dryer_Bins_Bin_Nr_Temperature_LowerTolerance_EngineeringUnits,8869,Variable
GranulateDryingDeviceType_Dryer_Bins_Bin_Nr_Temperature_LowerTolerance_InstrumentRange,8870,Variable
GranulateDryingDeviceType_Dryer_Bins_Bin_Nr_Temperature_LowerTolerance_ValuePrecision,8871,Variable
GranulateDryingDeviceType_Dryer_Bins_Bin_Nr_Temperature_LowerTolerance2_Definition,8872,Variable
GranulateDryingDeviceType_Dryer_Bins_Bin_Nr_Temperature_LowerTolerance2_EngineeringUnits,8873,Variable
GranulateDryingDeviceType_Dryer_Bins_Bin_Nr_Temperature_LowerTolerance2_InstrumentRange,8874,Variable
GranulateDryingDeviceType_Dryer_Bins_Bin_Nr_Temperature_LowerTolerance2_ValuePrecision,8875,Variable
GranulateDryingDeviceType_Dryer_Bins_Bin_Nr_Temperature_MaxValue_Definition,8876,Variable
GranulateDryingDeviceType_Dryer_Bins_Bin_Nr_Temperature_MaxValue_EngineeringUnits,8877,Variable
GranulateDryingDeviceType_Dryer_Bins_Bin_Nr_Temperature_MaxValue_InstrumentRange,8878,Variable
GranulateDryingDeviceType_Dryer_Bins_Bin_Nr_Temperature_MaxValue_ValuePrecision,8879,Variable
GranulateDryingDeviceType_Dryer_Bins_Bin_Nr_Temperature_MinValue_Definition,8880,Variable
GranulateDryingDeviceType_Dryer_Bins_Bin_Nr_Temperature_MinValue_EngineeringUnits,8881,Variable
GranulateDryingDeviceType_Dryer_Bins_Bin_Nr_Temperature_MinValue_InstrumentRange,8882,Variable
GranulateDryingDeviceType_Dryer_Bins_Bin_Nr_Temperature_MinValue_ValuePrecision,8883,Variable
GranulateDryingDeviceType_Dryer_Bins_Bin_Nr_Temperature_MonitoringSensitivity_Definition,8884,Variable
GranulateDryingDeviceType_Dryer_Bins_Bin_Nr_Temperature_MonitoringSensitivity_ValuePrecision,8885,Variable
GranulateDryingDeviceType_Dryer_Bins_Bin_Nr_Temperature_SetRampDown_Definition,8886,Variable
GranulateDryingDeviceType_Dryer_Bins_Bin_Nr_Temperature_SetRampDown_EngineeringUnits,8887,Variable
GranulateDryingDeviceType_Dryer_Bins_Bin_Nr_Temperature_SetRampDown_InstrumentRange,8888,Variable
GranulateDryingDeviceType_Dryer_Bins_Bin_Nr_Temperature_SetRampDown_ValuePrecision,8889,Variable
GranulateDryingDeviceType_Dryer_Bins_Bin_Nr_Temperature_SetRampUp_Definition,8890,Variable
GranulateDryingDeviceType_Dryer_Bins_Bin_Nr_Temperature_SetRampUp_EngineeringUnits,8891,Variable
GranulateDryingDeviceType_Dryer_Bins_Bin_Nr_Temperature_SetRampUp_InstrumentRange,8892,Variable
GranulateDryingDeviceType_Dryer_Bins_Bin_Nr_Temperature_SetRampUp_ValuePrecision,8893,Variable
GranulateDryingDeviceType_Dryer_Bins_Bin_Nr_Temperature_SetValue_Definition,8894,Variable
GranulateDryingDeviceType_Dryer_Bins_Bin_Nr_Temperature_SetValue_EngineeringUnits,8895,Variable
GranulateDryingDeviceType_Dryer_Bins_Bin_Nr_Temperature_SetValue_InstrumentRange,8896,Variable
GranulateDryingDeviceType_Dryer_Bins_Bin_Nr_Temperature_SetValue_ValuePrecision,8897,Variable
GranulateDryingDeviceType_Dryer_Bins_Bin_Nr_Temperature_Status_Definition,8898,Variable
GranulateDryingDeviceType_Dryer_Bins_Bin_Nr_Temperature_Status_ValuePrecision,8899,Variable
GranulateDryingDeviceType_Dryer_Bins_Bin_Nr_Temperature_UpperTolerance_Definition,8900,Variable
GranulateDryingDeviceType_Dryer_Bins_Bin_Nr_Temperature_UpperTolerance_EngineeringUnits,8901,Variable
GranulateDryingDeviceType_Dryer_Bins_Bin_Nr_Temperature_UpperTolerance_InstrumentRange,8902,Variable
GranulateDryingDeviceType_Dryer_Bins_Bin_Nr_Temperature_UpperTolerance_ValuePrecision,8903,Variable
GranulateDryingDeviceType_Dryer_Bins_Bin_Nr_Temperature_UpperTolerance2_Definition,8904,Variable
GranulateDryingDeviceType_Dryer_Bins_Bin_Nr_Temperature_UpperTolerance2_EngineeringUnits,8905,Variable
GranulateDryingDeviceType_Dryer_Bins_Bin_Nr_Temperature_UpperTolerance2_InstrumentRange,8906,Variable
GranulateDryingDeviceType_Dryer_Bins_Bin_Nr_Temperature_UpperTolerance2_ValuePrecision,8907,Variable
GranulateDryingDeviceType_Dryer_Bins_Bin_Nr_ActivateAllFeeders,8908,Method
GranulateDryingDeviceType_Dryer_Bins_Bin_Nr_ActivateDryingProtection,8909,Method
GranulateDryingDeviceType_Dryer_Bins_Bin_Nr_ActivateDryingProtectionAirVolumeFlowReduction,8910,Method
GranulateDryingDeviceType_Dryer_Bins_Bin_Nr_ActivateMaterialFeederDryer,8911,Method
GranulateDryingDeviceType_Dryer_Bins_Bin_Nr_ActivateMaterialFeederMachine,8912,Method
GranulateDryingDeviceType_Dryer_Bins_Bin_Nr_ActivateTemperatureController,8913,Method
GranulateDryingDeviceType_Dryer_Bins_Bin_Nr_AirFlow_ActualValue,8914,Variable
GranulateDryingDeviceType_Dryer_Bins_Bin_Nr_AirFlow_ActualValue_EURange,8915,Variable
GranulateDryingDeviceType_Dryer_Bins_Bin_Nr_AirFlowMode,8916,Variable
GranulateDryingDeviceType_Dryer_Bins_Bin_Nr_AirSource,8917,Variable
GranulateDryingDeviceType_Dryer_Bins_Bin_Nr_AmbientAirTemperature_ActualValue,8918,Variable
GranulateDryingDeviceType_Dryer_Bins_Bin_Nr_AmbientAirTemperature_ActualValue_EURange,8919,Variable
GranulateDryingDeviceType_Dryer_Bins_Bin_Nr_BatchNumber,8920,Variable
GranulateDryingDeviceType_Dryer_Bins_Bin_Nr_DeactivateAllFeeders,8921,Method
GranulateDryingDeviceType_Dryer_Bins_Bin_Nr_DeactivateDryingProtection,8922,Method
GranulateDryingDeviceType_Dryer_Bins_Bin_Nr_DeactivateDryingProtectionAirVolumeFlowReduction,8923,Method
GranulateDryingDeviceType_Dryer_Bins_Bin_Nr_DeactivateMaterialFeederDryer,8924,Method
GranulateDryingDeviceType_Dryer_Bins_Bin_Nr_DeactivateMaterialFeederMachine,8925,Method
GranulateDryingDeviceType_Dryer_Bins_Bin_Nr_DeactivateTemperatureController,8926,Method
GranulateDryingDeviceType_Dryer_Bins_Bin_Nr_DewPoint,8927,Variable
GranulateDryingDeviceType_Dryer_Bins_Bin_Nr_DewPoint_EngineeringUnits,8928,Variable
GranulateDryingDeviceType_Dryer_Bins_Bin_Nr_DryAirTemperature_ActualValue,8929,Variable
GranulateDryingDeviceType_Dryer_Bins_Bin_Nr_DryAirTemperature_ActualValue_EURange,8930,Variable
GranulateDryingDeviceType_Dryer_Bins_Bin_Nr_DryingLevel,8931,Variable
GranulateDryingDeviceType_Dryer_Bins_Bin_Nr_DryingMode,8932,Variable
GranulateDryingDeviceType_Dryer_Bins_Bin_Nr_DryingProtectionAirVolumeFlowMode,8933,Variable
GranulateDryingDeviceType_Dryer_Bins_Bin_Nr_DryingProtectionStatus,8934,Variable
GranulateDryingDeviceType_Dryer_Bins_Bin_Nr_DustRemovalPulses,8935,Variable
GranulateDryingDeviceType_Dryer_Bins_Bin_Nr_EnergyConsumptionResettable,8936,Variable
GranulateDryingDeviceType_Dryer_Bins_Bin_Nr_EnergyConsumptionResettable_EngineeringUnits,8937,Variable
GranulateDryingDeviceType_Dryer_Bins_Bin_Nr_ExpiredDryingTime,8938,Variable
GranulateDryingDeviceType_Dryer_Bins_Bin_Nr_InitialFillingActive,8939,Variable
GranulateDryingDeviceType_Dryer_Bins_Bin_Nr_IntervalTimeOff,8940,Variable
GranulateDryingDeviceType_Dryer_Bins_Bin_Nr_IntervalTimeOn,8941,Variable
GranulateDryingDeviceType_Dryer_Bins_Bin_Nr_LooseningAid,8942,Variable
GranulateDryingDeviceType_Dryer_Bins_Bin_Nr_MaterialAvailableDryer,8943,Variable
GranulateDryingDeviceType_Dryer_Bins_Bin_Nr_MaterialAvailableMachine,8944,Variable
GranulateDryingDeviceType_Dryer_Bins_Bin_Nr_MaterialDryingTime,8945,Variable
GranulateDryingDeviceType_Dryer_Bins_Bin_Nr_MaterialFeederDryerStatus,8946,Variable
GranulateDryingDeviceType_Dryer_Bins_Bin_Nr_MaterialFeederMachineStatus,8947,Variable
GranulateDryingDeviceType_Dryer_Bins_Bin_Nr_MaterialIdentification,8948,Variable
GranulateDryingDeviceType_Dryer_Bins_Bin_Nr_RemainingMaterialDryingTime,8949,Variable
GranulateDryingDeviceType_Dryer_Bins_Bin_Nr_ResetDryingTime,8950,Method
GranulateDryingDeviceType_Dryer_Bins_Bin_Nr_ResetDryingTimeResponseStatus,8951,Variable
GranulateDryingDeviceType_Dryer_Bins_Bin_Nr_TemperatureControllerStatus,8952,Variable
GranulateDryingDeviceType_Dryer_Bins_Bin_Nr_TemperatureReduction,8953,Variable
GranulateDryingDeviceType_Dryer_Bins_Bin_Nr_TemperatureReduction_EngineeringUnits,8954,Variable
GranulateDryingDeviceType_Dryer_Bins_Bin_Nr_TemperatureReduction_EURange,8955,Variable
GranulateDryingDeviceType_Dryer_Bins_Bin_Nr_TopTemperature_ActualValue,8956,Variable
GranulateDryingDeviceType_Dryer_Bins_Bin_Nr_TopTemperature_ActualValue_EURange,8957,Variable
GranulateDryingDeviceType_Dryer_Bins_Bin_Nr_TotalAirConsumption,8958,Variable
GranulateDryingDeviceType_Dryer_Bins_Bin_Nr_TotalAirConsumption_EngineeringUnits,8959,Variable
GranulateDryingDeviceType_Dryer_Bins_Bin_Nr_AirFlow_AlarmSuppression,8960,Variable
GranulateDryingDeviceType_Dryer_Bins_Bin_Nr_AirFlow_AlarmSuppression_EnumValues,8961,Variable
GranulateDryingDeviceType_Dryer_Bins_Bin_Nr_AirFlow_AlarmSuppression_ValueAsText,8962,Variable
GranulateDryingDeviceType_Dryer_Bins_Bin_Nr_AirFlow_AutomaticMonitoring,8963,Variable
GranulateDryingDeviceType_Dryer_Bins_Bin_Nr_AirFlow_LowerTolerance,8964,Variable
GranulateDryingDeviceType_Dryer_Bins_Bin_Nr_AirFlow_LowerTolerance_EURange,8965,Variable
GranulateDryingDeviceType_Dryer_Bins_Bin_Nr_AirFlow_LowerTolerance2,8966,Variable
GranulateDryingDeviceType_Dryer_Bins_Bin_Nr_AirFlow_LowerTolerance2_EURange,8967,Variable
GranulateDryingDeviceType_Dryer_Bins_Bin_Nr_AirFlow_MaxValue,8968,Variable
GranulateDryingDeviceType_Dryer_Bins_Bin_Nr_AirFlow_MaxValue_EURange,8969,Variable
GranulateDryingDeviceType_Dryer_Bins_Bin_Nr_AirFlow_MinValue,8970,Variable
GranulateDryingDeviceType_Dryer_Bins_Bin_Nr_AirFlow_MinValue_EURange,8971,Variable
GranulateDryingDeviceType_Dryer_Bins_Bin_Nr_AirFlow_MonitoringSensitivity,8972,Variable
GranulateDryingDeviceType_Dryer_Bins_Bin_Nr_AirFlow_MonitoringSensitivity_EnumValues,8973,Variable
GranulateDryingDeviceType_Dryer_Bins_Bin_Nr_AirFlow_MonitoringSensitivity_ValueAsText,8974,Variable
GranulateDryingDeviceType_Dryer_Bins_Bin_Nr_AirFlow_ResetMonitoring,8975,Method
GranulateDryingDeviceType_Dryer_Bins_Bin_Nr_AirFlow_SetRampDown,8976,Variable
GranulateDryingDeviceType_Dryer_Bins_Bin_Nr_AirFlow_SetRampDown_EURange,8977,Variable
GranulateDryingDeviceType_Dryer_Bins_Bin_Nr_AirFlow_SetRampUp,8978,Variable
GranulateDryingDeviceType_Dryer_Bins_Bin_Nr_AirFlow_SetRampUp_EURange,8979,Variable
GranulateDryingDeviceType_Dryer_Bins_Bin_Nr_AirFlow_SetValue,8980,Variable
GranulateDryingDeviceType_Dryer_Bins_Bin_Nr_AirFlow_SetValue_EURange,8981,Variable
GranulateDryingDeviceType_Dryer_Bins_Bin_Nr_AirFlow_Status,8982,Variable
GranulateDryingDeviceType_Dryer_Bins_Bin_Nr_AirFlow_Status_EnumValues,8983,Variable
GranulateDryingDeviceType_Dryer_Bins_Bin_Nr_AirFlow_Status_ValueAsText,8984,Variable
GranulateDryingDeviceType_Dryer_Bins_Bin_Nr_AirFlow_UpperTolerance,8985,Variable
GranulateDryingDeviceType_Dryer_Bins_Bin_Nr_AirFlow_UpperTolerance_EURange,8986,Variable
GranulateDryingDeviceType_Dryer_Bins_Bin_Nr_AirFlow_UpperTolerance2,8987,Variable
GranulateDryingDeviceType_Dryer_Bins_Bin_Nr_AirFlow_UpperTolerance2_EURange,8988,Variable
GranulateDryingDeviceType_Dryer_Bins_Bin_Nr_AmbientAirTemperature_AlarmSuppression,8989,Variable
GranulateDryingDeviceType_Dryer_Bins_Bin_Nr_AmbientAirTemperature_AlarmSuppression_EnumValues,8990,Variable
GranulateDryingDeviceType_Dryer_Bins_Bin_Nr_AmbientAirTemperature_AlarmSuppression_ValueAsText,8991,Variable
GranulateDryingDeviceType_Dryer_Bins_Bin_Nr_AmbientAirTemperature_AutomaticMonitoring,8992,Variable
GranulateDryingDeviceType_Dryer_Bins_Bin_Nr_AmbientAirTemperature_LowerTolerance,8993,Variable
GranulateDryingDeviceType_Dryer_Bins_Bin_Nr_AmbientAirTemperature_LowerTolerance_EURange,8994,Variable
GranulateDryingDeviceType_Dryer_Bins_Bin_Nr_AmbientAirTemperature_LowerTolerance2,8995,Variable
GranulateDryingDeviceType_Dryer_Bins_Bin_Nr_AmbientAirTemperature_LowerTolerance2_EURange,8996,Variable
GranulateDryingDeviceType_Dryer_Bins_Bin_Nr_AmbientAirTemperature_MaxValue,8997,Variable
GranulateDryingDeviceType_Dryer_Bins_Bin_Nr_AmbientAirTemperature_MaxValue_EURange,8998,Variable
GranulateDryingDeviceType_Dryer_Bins_Bin_Nr_AmbientAirTemperature_MinValue,8999,Variable
GranulateDryingDeviceType_Dryer_Bins_Bin_Nr_AmbientAirTemperature_MinValue_EURange,9000,Variable
GranulateDryingDeviceType_Dryer_Bins_Bin_Nr_AmbientAirTemperature_MonitoringSensitivity,9001,Variable
GranulateDryingDeviceType_Dryer_Bins_Bin_Nr_AmbientAirTemperature_MonitoringSensitivity_EnumValues,9002,Variable
GranulateDryingDeviceType_Dryer_Bins_Bin_Nr_AmbientAirTemperature_MonitoringSensitivity_ValueAsText,9003,Variable
GranulateDryingDeviceType_Dryer_Bins_Bin_Nr_AmbientAirTemperature_ResetMonitoring,9004,Method
GranulateDryingDeviceType_Dryer_Bins_Bin_Nr_AmbientAirTemperature_SetRampDown,9005,Variable
GranulateDryingDeviceType_Dryer_Bins_Bin_Nr_AmbientAirTemperature_SetRampDown_EURange,9006,Variable
GranulateDryingDeviceType_Dryer_Bins_Bin_Nr_AmbientAirTemperature_SetRampUp,9007,Variable
GranulateDryingDeviceType_Dryer_Bins_Bin_Nr_AmbientAirTemperature_SetRampUp_EURange,9008,Variable
GranulateDryingDeviceType_Dryer_Bins_Bin_Nr_AmbientAirTemperature_SetValue,9009,Variable
GranulateDryingDeviceType_Dryer_Bins_Bin_Nr_AmbientAirTemperature_SetValue_EURange,9010,Variable
GranulateDryingDeviceType_Dryer_Bins_Bin_Nr_AmbientAirTemperature_Status,9011,Variable
GranulateDryingDeviceType_Dryer_Bins_Bin_Nr_AmbientAirTemperature_Status_EnumValues,9012,Variable
GranulateDryingDeviceType_Dryer_Bins_Bin_Nr_AmbientAirTemperature_Status_ValueAsText,9013,Variable
GranulateDryingDeviceType_Dryer_Bins_Bin_Nr_AmbientAirTemperature_UpperTolerance,9014,Variable
GranulateDryingDeviceType_Dryer_Bins_Bin_Nr_AmbientAirTemperature_UpperTolerance_EURange,9015,Variable
GranulateDryingDeviceType_Dryer_Bins_Bin_Nr_AmbientAirTemperature_UpperTolerance2,9016,Variable
GranulateDryingDeviceType_Dryer_Bins_Bin_Nr_AmbientAirTemperature_UpperTolerance2_EURange,9017,Variable
GranulateDryingDeviceType_Dryer_Bins_Bin_Nr_DewPoint_Definition,9018,Variable
GranulateDryingDeviceType_Dryer_Bins_Bin_Nr_DewPoint_EURange,9019,Variable
GranulateDryingDeviceType_Dryer_Bins_Bin_Nr_DewPoint_InstrumentRange,9020,Variable
GranulateDryingDeviceType_Dryer_Bins_Bin_Nr_DewPoint_ValuePrecision,9021,Variable
GranulateDryingDeviceType_Dryer_Bins_Bin_Nr_DryAirTemperature_AlarmSuppression,9022,Variable
GranulateDryingDeviceType_Dryer_Bins_Bin_Nr_DryAirTemperature_AlarmSuppression_EnumValues,9023,Variable
GranulateDryingDeviceType_Dryer_Bins_Bin_Nr_DryAirTemperature_AlarmSuppression_ValueAsText,9024,Variable
GranulateDryingDeviceType_Dryer_Bins_Bin_Nr_DryAirTemperature_AutomaticMonitoring,9025,Variable
GranulateDryingDeviceType_Dryer_Bins_Bin_Nr_DryAirTemperature_LowerTolerance,9026,Variable
GranulateDryingDeviceType_Dryer_Bins_Bin_Nr_DryAirTemperature_LowerTolerance_EURange,9027,Variable
GranulateDryingDeviceType_Dryer_Bins_Bin_Nr_DryAirTemperature_LowerTolerance2,9028,Variable
GranulateDryingDeviceType_Dryer_Bins_Bin_Nr_DryAirTemperature_LowerTolerance2_EURange,9029,Variable
GranulateDryingDeviceType_Dryer_Bins_Bin_Nr_DryAirTemperature_MaxValue,9030,Variable
GranulateDryingDeviceType_Dryer_Bins_Bin_Nr_DryAirTemperature_MaxValue_EURange,9031,Variable
GranulateDryingDeviceType_Dryer_Bins_Bin_Nr_DryAirTemperature_MinValue,9032,Variable
GranulateDryingDeviceType_Dryer_Bins_Bin_Nr_DryAirTemperature_MinValue_EURange,9033,Variable
GranulateDryingDeviceType_Dryer_Bins_Bin_Nr_DryAirTemperature_MonitoringSensitivity,9034,Variable
GranulateDryingDeviceType_Dryer_Bins_Bin_Nr_DryAirTemperature_MonitoringSensitivity_EnumValues,9035,Variable
GranulateDryingDeviceType_Dryer_Bins_Bin_Nr_DryAirTemperature_MonitoringSensitivity_ValueAsText,9036,Variable
GranulateDryingDeviceType_Dryer_Bins_Bin_Nr_DryAirTemperature_ResetMonitoring,9037,Method
GranulateDryingDeviceType_Dryer_Bins_Bin_Nr_DryAirTemperature_SetRampDown,9038,Variable
GranulateDryingDeviceType_Dryer_Bins_Bin_Nr_DryAirTemperature_SetRampDown_EURange,9039,Variable
GranulateDryingDeviceType_Dryer_Bins_Bin_Nr_DryAirTemperature_SetRampUp,9040,Variable
GranulateDryingDeviceType_Dryer_Bins_Bin_Nr_DryAirTemperature_SetRampUp_EURange,9041,Variable
GranulateDryingDeviceType_Dryer_Bins_Bin_Nr_DryAirTemperature_SetValue,9042,Variable
GranulateDryingDeviceType_Dryer_Bins_Bin_Nr_DryAirTemperature_SetValue_EURange,9043,Variable
GranulateDryingDeviceType_Dryer_Bins_Bin_Nr_DryAirTemperature_Status,9044,Variable
GranulateDryingDeviceType_Dryer_Bins_Bin_Nr_DryAirTemperature_Status_EnumValues,9045,Variable
GranulateDryingDeviceType_Dryer_Bins_Bin_Nr_DryAirTemperature_Status_ValueAsText,9046,Variable
GranulateDryingDeviceType_Dryer_Bins_Bin_Nr_DryAirTemperature_UpperTolerance,9047,Variable
GranulateDryingDeviceType_Dryer_Bins_Bin_Nr_DryAirTemperature_UpperTolerance_EURange,9048,Variable
GranulateDryingDeviceType_Dryer_Bins_Bin_Nr_DryAirTemperature_UpperTolerance2,9049,Variable
GranulateDryingDeviceType_Dryer_Bins_Bin_Nr_DryAirTemperature_UpperTolerance2_EURange,9050,Variable
GranulateDryingDeviceType_Dryer_Bins_Bin_Nr_EnergyConsumptionResettable_Definition,9051,Variable
GranulateDryingDeviceType_Dryer_Bins_Bin_Nr_EnergyConsumptionResettable_EURange,9052,Variable
GranulateDryingDeviceType_Dryer_Bins_Bin_Nr_EnergyConsumptionResettable_InstrumentRange,9053,Variable
GranulateDryingDeviceType_Dryer_Bins_Bin_Nr_EnergyConsumptionResettable_ValuePrecision,9054,Variable
GranulateDryingDeviceType_Dryer_Bins_Bin_Nr_TemperatureReduction_Definition,9055,Variable
GranulateDryingDeviceType_Dryer_Bins_Bin_Nr_TemperatureReduction_InstrumentRange,9056,Variable
GranulateDryingDeviceType_Dryer_Bins_Bin_Nr_TemperatureReduction_ValuePrecision,9057,Variable
GranulateDryingDeviceType_Dryer_Bins_Bin_Nr_TopTemperature_AlarmSuppression,9058,Variable
GranulateDryingDeviceType_Dryer_Bins_Bin_Nr_TopTemperature_AlarmSuppression_EnumValues,9059,Variable
GranulateDryingDeviceType_Dryer_Bins_Bin_Nr_TopTemperature_AlarmSuppression_ValueAsText,9060,Variable
GranulateDryingDeviceType_Dryer_Bins_Bin_Nr_TopTemperature_AutomaticMonitoring,9061,Variable
GranulateDryingDeviceType_Dryer_Bins_Bin_Nr_TopTemperature_LowerTolerance,9062,Variable
GranulateDryingDeviceType_Dryer_Bins_Bin_Nr_TopTemperature_LowerTolerance_EURange,9063,Variable
GranulateDryingDeviceType_Dryer_Bins_Bin_Nr_TopTemperature_LowerTolerance2,9064,Variable
GranulateDryingDeviceType_Dryer_Bins_Bin_Nr_TopTemperature_LowerTolerance2_EURange,9065,Variable
GranulateDryingDeviceType_Dryer_Bins_Bin_Nr_TopTemperature_MaxValue,9066,Variable
GranulateDryingDeviceType_Dryer_Bins_Bin_Nr_TopTemperature_MaxValue_EURange,9067,Variable
GranulateDryingDeviceType_Dryer_Bins_Bin_Nr_TopTemperature_MinValue,9068,Variable
GranulateDryingDeviceType_Dryer_Bins_Bin_Nr_TopTemperature_MinValue_EURange,9069,Variable
GranulateDryingDeviceType_Dryer_Bins_Bin_Nr_TopTemperature_MonitoringSensitivity,9070,Variable
GranulateDryingDeviceType_Dryer_Bins_Bin_Nr_TopTemperature_MonitoringSensitivity_EnumValues,9071,Variable
GranulateDryingDeviceType_Dryer_Bins_Bin_Nr_TopTemperature_MonitoringSensitivity_ValueAsText,9072,Variable
GranulateDryingDeviceType_Dryer_Bins_Bin_Nr_TopTemperature_ResetMonitoring,9073,Method
GranulateDryingDeviceType_Dryer_Bins_Bin_Nr_TopTemperature_SetRampDown,9074,Variable
GranulateDryingDeviceType_Dryer_Bins_Bin_Nr_TopTemperature_SetRampDown_EURange,9075,Variable
GranulateDryingDeviceType_Dryer_Bins_Bin_Nr_TopTemperature_SetRampUp,9076,Variable
GranulateDryingDeviceType_Dryer_Bins_Bin_Nr_TopTemperature_SetRampUp_EURange,9077,Variable
GranulateDryingDeviceType_Dryer_Bins_Bin_Nr_TopTemperature_SetValue,9078,Variable
GranulateDryingDeviceType_Dryer_Bins_Bin_Nr_TopTemperature_SetValue_EURange,9079,Variable
GranulateDryingDeviceType_Dryer_Bins_Bin_Nr_TopTemperature_Status,9080,Variable
GranulateDryingDeviceType_Dryer_Bins_Bin_Nr_TopTemperature_Status_EnumValues,9081,Variable
GranulateDryingDeviceType_Dryer_Bins_Bin_Nr_TopTemperature_Status_ValueAsText,9082,Variable
GranulateDryingDeviceType_Dryer_Bins_Bin_Nr_TopTemperature_UpperTolerance,9083,Variable
GranulateDryingDeviceType_Dryer_Bins_Bin_Nr_TopTemperature_UpperTolerance_EURange,9084,Variable
GranulateDryingDeviceType_Dryer_Bins_Bin_Nr_TopTemperature_UpperTolerance2,9085,Variable
GranulateDryingDeviceType_Dryer_Bins_Bin_Nr_TopTemperature_UpperTolerance2_EURange,9086,Variable
GranulateDryingDeviceType_Dryer_Bins_Bin_Nr_TotalAirConsumption_Definition,9087,Variable
GranulateDryingDeviceType_Dryer_Bins_Bin_Nr_TotalAirConsumption_EURange,9088,Variable
GranulateDryingDeviceType_Dryer_Bins_Bin_Nr_TotalAirConsumption_InstrumentRange,9089,Variable
GranulateDryingDeviceType_Dryer_Bins_Bin_Nr_TotalAirConsumption_ValuePrecision,9090,Variable
GranulateDryingDeviceType_Dryer_Bins_Bin_Nr_TotalEnergy_ActualPower,9091,Variable
GranulateDryingDeviceType_Dryer_Bins_Bin_Nr_TotalEnergy_ActualPower_EngineeringUnits,9092,Variable
GranulateDryingDeviceType_Dryer_Bins_Bin_Nr_TotalEnergy_ActualSpecificEnergy,9093,Variable
GranulateDryingDeviceType_Dryer_Bins_Bin_Nr_TotalEnergy_ActualSpecificEnergy_EngineeringUnits,9094,Variable
GranulateDryingDeviceType_Dryer_Bins_Bin_Nr_TotalEnergy_PowerConsumption,9095,Variable
GranulateDryingDeviceType_Dryer_Bins_Bin_Nr_TotalEnergy_PowerConsumption_EngineeringUnits,9096,Variable
GranulateDryingDeviceType_Dryer_Bins_Bin_Nr_TotalEnergy_PowerFactor,9097,Variable
GranulateDryingDeviceType_Dryer_Bins_Bin_Nr_AirFlow_ActualValue_Definition,9098,Variable
GranulateDryingDeviceType_Dryer_Bins_Bin_Nr_AirFlow_ActualValue_EngineeringUnits,9099,Variable
GranulateDryingDeviceType_Dryer_Bins_Bin_Nr_AirFlow_ActualValue_InstrumentRange,9100,Variable
GranulateDryingDeviceType_Dryer_Bins_Bin_Nr_AirFlow_ActualValue_ValuePrecision,9101,Variable
GranulateDryingDeviceType_Dryer_Bins_Bin_Nr_AirFlow_AlarmSuppression_Definition,9102,Variable
GranulateDryingDeviceType_Dryer_Bins_Bin_Nr_AirFlow_AlarmSuppression_ValuePrecision,9103,Variable
GranulateDryingDeviceType_Dryer_Bins_Bin_Nr_AirFlow_LowerTolerance_Definition,9104,Variable
GranulateDryingDeviceType_Dryer_Bins_Bin_Nr_AirFlow_LowerTolerance_EngineeringUnits,9105,Variable
GranulateDryingDeviceType_Dryer_Bins_Bin_Nr_AirFlow_LowerTolerance_InstrumentRange,9106,Variable
GranulateDryingDeviceType_Dryer_Bins_Bin_Nr_AirFlow_LowerTolerance_ValuePrecision,9107,Variable
GranulateDryingDeviceType_Dryer_Bins_Bin_Nr_AirFlow_LowerTolerance2_Definition,9108,Variable
GranulateDryingDeviceType_Dryer_Bins_Bin_Nr_AirFlow_LowerTolerance2_EngineeringUnits,9109,Variable
GranulateDryingDeviceType_Dryer_Bins_Bin_Nr_AirFlow_LowerTolerance2_InstrumentRange,9110,Variable
GranulateDryingDeviceType_Dryer_Bins_Bin_Nr_AirFlow_LowerTolerance2_ValuePrecision,9111,Variable
GranulateDryingDeviceType_Dryer_Bins_Bin_Nr_AirFlow_MaxValue_Definition,9112,Variable
GranulateDryingDeviceType_Dryer_Bins_Bin_Nr_AirFlow_MaxValue_EngineeringUnits,9113,Variable
GranulateDryingDeviceType_Dryer_Bins_Bin_Nr_AirFlow_MaxValue_InstrumentRange,9114,Variable
GranulateDryingDeviceType_Dryer_Bins_Bin_Nr_AirFlow_MaxValue_ValuePrecision,9115,Variable
GranulateDryingDeviceType_Dryer_Bins_Bin_Nr_AirFlow_MinValue_Definition,9116,Variable
GranulateDryingDeviceType_Dryer_Bins_Bin_Nr_AirFlow_MinValue_EngineeringUnits,9117,Variable
GranulateDryingDeviceType_Dryer_Bins_Bin_Nr_AirFlow_MinValue_InstrumentRange,9118,Variable
GranulateDryingDeviceType_Dryer_Bins_Bin_Nr_AirFlow_MinValue_ValuePrecision,9119,Variable
GranulateDryingDeviceType_Dryer_Bins_Bin_Nr_AirFlow_MonitoringSensitivity_Definition,9120,Variable
GranulateDryingDeviceType_Dryer_Bins_Bin_Nr_AirFlow_MonitoringSensitivity_ValuePrecision,9121,Variable
GranulateDryingDeviceType_Dryer_Bins_Bin_Nr_AirFlow_SetRampDown_Definition,9122,Variable
GranulateDryingDeviceType_Dryer_Bins_Bin_Nr_AirFlow_SetRampDown_EngineeringUnits,9123,Variable
GranulateDryingDeviceType_Dryer_Bins_Bin_Nr_AirFlow_SetRampDown_InstrumentRange,9124,Variable
GranulateDryingDeviceType_Dryer_Bins_Bin_Nr_AirFlow_SetRampDown_ValuePrecision,9125,Variable
GranulateDryingDeviceType_Dryer_Bins_Bin_Nr_AirFlow_SetRampUp_Definition,9126,Variable
GranulateDryingDeviceType_Dryer_Bins_Bin_Nr_AirFlow_SetRampUp_EngineeringUnits,9127,Variable
GranulateDryingDeviceType_Dryer_Bins_Bin_Nr_AirFlow_SetRampUp_InstrumentRange,9128,Variable
GranulateDryingDeviceType_Dryer_Bins_Bin_Nr_AirFlow_SetRampUp_ValuePrecision,9129,Variable
GranulateDryingDeviceType_Dryer_Bins_Bin_Nr_AirFlow_SetValue_Definition,9130,Variable
GranulateDryingDeviceType_Dryer_Bins_Bin_Nr_AirFlow_SetValue_EngineeringUnits,9131,Variable
GranulateDryingDeviceType_Dryer_Bins_Bin_Nr_AirFlow_SetValue_InstrumentRange,9132,Variable
GranulateDryingDeviceType_Dryer_Bins_Bin_Nr_AirFlow_SetValue_ValuePrecision,9133,Variable
GranulateDryingDeviceType_Dryer_Bins_Bin_Nr_AirFlow_Status_Definition,9134,Variable
GranulateDryingDeviceType_Dryer_Bins_Bin_Nr_AirFlow_Status_ValuePrecision,9135,Variable
GranulateDryingDeviceType_Dryer_Bins_Bin_Nr_AirFlow_UpperTolerance_Definition,9136,Variable
GranulateDryingDeviceType_Dryer_Bins_Bin_Nr_AirFlow_UpperTolerance_EngineeringUnits,9137,Variable
GranulateDryingDeviceType_Dryer_Bins_Bin_Nr_AirFlow_UpperTolerance_InstrumentRange,9138,Variable
GranulateDryingDeviceType_Dryer_Bins_Bin_Nr_AirFlow_UpperTolerance_ValuePrecision,9139,Variable
GranulateDryingDeviceType_Dryer_Bins_Bin_Nr_AirFlow_UpperTolerance2_Definition,9140,Variable
GranulateDryingDeviceType_Dryer_Bins_Bin_Nr_AirFlow_UpperTolerance2_EngineeringUnits,9141,Variable
GranulateDryingDeviceType_Dryer_Bins_Bin_Nr_AirFlow_UpperTolerance2_InstrumentRange,9142,Variable
GranulateDryingDeviceType_Dryer_Bins_Bin_Nr_AirFlow_UpperTolerance2_ValuePrecision,9143,Variable
GranulateDryingDeviceType_Dryer_Bins_Bin_Nr_AmbientAirTemperature_ActualValue_Definition,9144,Variable
GranulateDryingDeviceType_Dryer_Bins_Bin_Nr_AmbientAirTemperature_ActualValue_EngineeringUnits,9145,Variable
GranulateDryingDeviceType_Dryer_Bins_Bin_Nr_AmbientAirTemperature_ActualValue_InstrumentRange,9146,Variable
GranulateDryingDeviceType_Dryer_Bins_Bin_Nr_AmbientAirTemperature_ActualValue_ValuePrecision,9147,Variable
GranulateDryingDeviceType_Dryer_Bins_Bin_Nr_AmbientAirTemperature_AlarmSuppression_Definition,9148,Variable
GranulateDryingDeviceType_Dryer_Bins_Bin_Nr_AmbientAirTemperature_AlarmSuppression_ValuePrecision,9149,Variable
GranulateDryingDeviceType_Dryer_Bins_Bin_Nr_AmbientAirTemperature_LowerTolerance_Definition,9150,Variable
GranulateDryingDeviceType_Dryer_Bins_Bin_Nr_AmbientAirTemperature_LowerTolerance_EngineeringUnits,9151,Variable
GranulateDryingDeviceType_Dryer_Bins_Bin_Nr_AmbientAirTemperature_LowerTolerance_InstrumentRange,9152,Variable
GranulateDryingDeviceType_Dryer_Bins_Bin_Nr_AmbientAirTemperature_LowerTolerance_ValuePrecision,9153,Variable
GranulateDryingDeviceType_Dryer_Bins_Bin_Nr_AmbientAirTemperature_LowerTolerance2_Definition,9154,Variable
GranulateDryingDeviceType_Dryer_Bins_Bin_Nr_AmbientAirTemperature_LowerTolerance2_EngineeringUnits,9155,Variable
GranulateDryingDeviceType_Dryer_Bins_Bin_Nr_AmbientAirTemperature_LowerTolerance2_InstrumentRange,9156,Variable
GranulateDryingDeviceType_Dryer_Bins_Bin_Nr_AmbientAirTemperature_LowerTolerance2_ValuePrecision,9157,Variable
GranulateDryingDeviceType_Dryer_Bins_Bin_Nr_AmbientAirTemperature_MaxValue_Definition,9158,Variable
GranulateDryingDeviceType_Dryer_Bins_Bin_Nr_AmbientAirTemperature_MaxValue_EngineeringUnits,9159,Variable
GranulateDryingDeviceType_Dryer_Bins_Bin_Nr_AmbientAirTemperature_MaxValue_InstrumentRange,9160,Variable
GranulateDryingDeviceType_Dryer_Bins_Bin_Nr_AmbientAirTemperature_MaxValue_ValuePrecision,9161,Variable
GranulateDryingDeviceType_Dryer_Bins_Bin_Nr_AmbientAirTemperature_MinValue_Definition,9162,Variable
GranulateDryingDeviceType_Dryer_Bins_Bin_Nr_AmbientAirTemperature_MinValue_EngineeringUnits,9163,Variable
GranulateDryingDeviceType_Dryer_Bins_Bin_Nr_AmbientAirTemperature_MinValue_InstrumentRange,9164,Variable
GranulateDryingDeviceType_Dryer_Bins_Bin_Nr_AmbientAirTemperature_MinValue_ValuePrecision,9165,Variable
GranulateDryingDeviceType_Dryer_Bins_Bin_Nr_AmbientAirTemperature_MonitoringSensitivity_Definition,9166,Variable
GranulateDryingDeviceType_Dryer_Bins_Bin_Nr_AmbientAirTemperature_MonitoringSensitivity_ValuePrecision,9167,Variable
GranulateDryingDeviceType_Dryer_Bins_Bin_Nr_AmbientAirTemperature_SetRampDown_Definition,9168,Variable
GranulateDryingDeviceType_Dryer_Bins_Bin_Nr_AmbientAirTemperature_SetRampDown_EngineeringUnits,9169,Variable
GranulateDryingDeviceType_Dryer_Bins_Bin_Nr_AmbientAirTemperature_SetRampDown_InstrumentRange,9170,Variable
GranulateDryingDeviceType_Dryer_Bins_Bin_Nr_AmbientAirTemperature_SetRampDown_ValuePrecision,9171,Variable
GranulateDryingDeviceType_Dryer_Bins_Bin_Nr_AmbientAirTemperature_SetRampUp_Definition,9172,Variable
GranulateDryingDeviceType_Dryer_Bins_Bin_Nr_AmbientAirTemperature_SetRampUp_EngineeringUnits,9173,Variable
GranulateDryingDeviceType_Dryer_Bins_Bin_Nr_AmbientAirTemperature_SetRampUp_InstrumentRange,9174,Variable
GranulateDryingDeviceType_Dryer_Bins_Bin_Nr_AmbientAirTemperature_SetRampUp_ValuePrecision,9175,Variable
GranulateDryingDeviceType_Dryer_Bins_Bin_Nr_AmbientAirTemperature_SetValue_Definition,9176,Variable
GranulateDryingDeviceType_Dryer_Bins_Bin_Nr_AmbientAirTemperature_SetValue_EngineeringUnits,9177,Variable
GranulateDryingDeviceType_Dryer_Bins_Bin_Nr_AmbientAirTemperature_SetValue_InstrumentRange,9178,Variable
GranulateDryingDeviceType_Dryer_Bins_Bin_Nr_AmbientAirTemperature_SetValue_ValuePrecision,9179,Variable
GranulateDryingDeviceType_Dryer_Bins_Bin_Nr_AmbientAirTemperature_Status_Definition,9180,Variable
GranulateDryingDeviceType_Dryer_Bins_Bin_Nr_AmbientAirTemperature_Status_ValuePrecision,9181,Variable
GranulateDryingDeviceType_Dryer_Bins_Bin_Nr_AmbientAirTemperature_UpperTolerance_Definition,9182,Variable
GranulateDryingDeviceType_Dryer_Bins_Bin_Nr_AmbientAirTemperature_UpperTolerance_EngineeringUnits,9183,Variable
GranulateDryingDeviceType_Dryer_Bins_Bin_Nr_AmbientAirTemperature_UpperTolerance_InstrumentRange,9184,Variable
GranulateDryingDeviceType_Dryer_Bins_Bin_Nr_AmbientAirTemperature_UpperTolerance_ValuePrecision,9185,Variable
GranulateDryingDeviceType_Dryer_Bins_Bin_Nr_AmbientAirTemperature_UpperTolerance2_Definition,9186,Variable
GranulateDryingDeviceType_Dryer_Bins_Bin_Nr_AmbientAirTemperature_UpperTolerance2_EngineeringUnits,9187,Variable
GranulateDryingDeviceType_Dryer_Bins_Bin_Nr_AmbientAirTemperature_UpperTolerance2_InstrumentRange,9188,Variable
GranulateDryingDeviceType_Dryer_Bins_Bin_Nr_AmbientAirTemperature_UpperTolerance2_ValuePrecision,9189,Variable
GranulateDryingDeviceType_Dryer_Bins_Bin_Nr_DryAirTemperature_ActualValue_Definition,9190,Variable
GranulateDryingDeviceType_Dryer_Bins_Bin_Nr_DryAirTemperature_ActualValue_EngineeringUnits,9191,Variable
GranulateDryingDeviceType_Dryer_Bins_Bin_Nr_DryAirTemperature_ActualValue_InstrumentRange,9192,Variable
GranulateDryingDeviceType_Dryer_Bins_Bin_Nr_DryAirTemperature_ActualValue_ValuePrecision,9193,Variable
GranulateDryingDeviceType_Dryer_Bins_Bin_Nr_DryAirTemperature_AlarmSuppression_Definition,9194,Variable
GranulateDryingDeviceType_Dryer_Bins_Bin_Nr_DryAirTemperature_AlarmSuppression_ValuePrecision,9195,Variable
GranulateDryingDeviceType_Dryer_Bins_Bin_Nr_DryAirTemperature_LowerTolerance_Definition,9196,Variable
GranulateDryingDeviceType_Dryer_Bins_Bin_Nr_DryAirTemperature_LowerTolerance_EngineeringUnits,9197,Variable
GranulateDryingDeviceType_Dryer_Bins_Bin_Nr_DryAirTemperature_LowerTolerance_InstrumentRange,9198,Variable
GranulateDryingDeviceType_Dryer_Bins_Bin_Nr_DryAirTemperature_LowerTolerance_ValuePrecision,9199,Variable
GranulateDryingDeviceType_Dryer_Bins_Bin_Nr_DryAirTemperature_LowerTolerance2_Definition,9200,Variable
GranulateDryingDeviceType_Dryer_Bins_Bin_Nr_DryAirTemperature_LowerTolerance2_EngineeringUnits,9201,Variable
GranulateDryingDeviceType_Dryer_Bins_Bin_Nr_DryAirTemperature_LowerTolerance2_InstrumentRange,9202,Variable
GranulateDryingDeviceType_Dryer_Bins_Bin_Nr_DryAirTemperature_LowerTolerance2_ValuePrecision,9203,Variable
GranulateDryingDeviceType_Dryer_Bins_Bin_Nr_DryAirTemperature_MaxValue_Definition,9204,Variable
GranulateDryingDeviceType_Dryer_Bins_Bin_Nr_DryAirTemperature_MaxValue_EngineeringUnits,9205,Variable
GranulateDryingDeviceType_Dryer_Bins_Bin_Nr_DryAirTemperature_MaxValue_InstrumentRange,9206,Variable
GranulateDryingDeviceType_Dryer_Bins_Bin_Nr_DryAirTemperature_MaxValue_ValuePrecision,9207,Variable
GranulateDryingDeviceType_Dryer_Bins_Bin_Nr_DryAirTemperature_MinValue_Definition,9208,Variable
GranulateDryingDeviceType_Dryer_Bins_Bin_Nr_DryAirTemperature_MinValue_EngineeringUnits,9209,Variable
GranulateDryingDeviceType_Dryer_Bins_Bin_Nr_DryAirTemperature_MinValue_InstrumentRange,9210,Variable
GranulateDryingDeviceType_Dryer_Bins_Bin_Nr_DryAirTemperature_MinValue_ValuePrecision,9211,Variable
GranulateDryingDeviceType_Dryer_Bins_Bin_Nr_DryAirTemperature_MonitoringSensitivity_Definition,9212,Variable
GranulateDryingDeviceType_Dryer_Bins_Bin_Nr_DryAirTemperature_MonitoringSensitivity_ValuePrecision,9213,Variable
GranulateDryingDeviceType_Dryer_Bins_Bin_Nr_DryAirTemperature_SetRampDown_Definition,9214,Variable
GranulateDryingDeviceType_Dryer_Bins_Bin_Nr_DryAirTemperature_SetRampDown_EngineeringUnits,9215,Variable
GranulateDryingDeviceType_Dryer_Bins_Bin_Nr_DryAirTemperature_SetRampDown_InstrumentRange,9216,Variable
GranulateDryingDeviceType_Dryer_Bins_Bin_Nr_DryAirTemperature_SetRampDown_ValuePrecision,9217,Variable
GranulateDryingDeviceType_Dryer_Bins_Bin_Nr_DryAirTemperature_SetRampUp_Definition,9218,Variable
GranulateDryingDeviceType_Dryer_Bins_Bin_Nr_DryAirTemperature_SetRampUp_EngineeringUnits,9219,Variable
GranulateDryingDeviceType_Dryer_Bins_Bin_Nr_DryAirTemperature_SetRampUp_InstrumentRange,9220,Variable
GranulateDryingDeviceType_Dryer_Bins_Bin_Nr_DryAirTemperature_SetRampUp_ValuePrecision,9221,Variable
GranulateDryingDeviceType_Dryer_Bins_Bin_Nr_DryAirTemperature_SetValue_Definition,9222,Variable
GranulateDryingDeviceType_Dryer_Bins_Bin_Nr_DryAirTemperature_SetValue_EngineeringUnits,9223,Variable
GranulateDryingDeviceType_MachineConfiguration_GetCurrentPage,9224,Method
GranulateDryingDeviceType_MachineConfiguration_GetCurrentPage_InputArguments,9225,Variable
GranulateDryingDeviceType_MachineConfiguration_GetCurrentPage_OutputArguments,9226,Variable
GranulateDryingDeviceType_MachineConfiguration_GetPage,9227,Method
GranulateDryingDeviceType_MachineConfiguration_GetPage_InputArguments,9228,Variable
GranulateDryingDeviceType_MachineConfiguration_GetPage_OutputArguments,9229,Variable
GranulateDryingDeviceType_MachineConfiguration_PageDirectory,9230,Variable
GranulateDryingDeviceType_Operation_EnergyConsumptionLimit,9231,Variable
GranulateDryingDeviceType_Operation_EnergyConsumptionResettable,9232,Variable
GranulateDryingDeviceType_Operation_EnergyConsumptionResettable_EngineeringUnits,9233,Variable
GranulateDryingDeviceType_Operation_IdentifyDevice,9234,Method
GranulateDryingDeviceType_Operation_MainFailureBehaviour,9235,Variable
GranulateDryingDeviceType_Operation_MaintenanceInformation_Maintenance_Nr_GDDMaintenanceReset,9236,Method
GranulateDryingDeviceType_Operation_MaintenanceInformation_Maintenance_Nr_GDDMaintenanceReset_InputArguments,9237,Variable
GranulateDryingDeviceType_Operation_MaintenanceInformation_Maintenance_Nr_Id,9238,Variable
GranulateDryingDeviceType_Operation_MaintenanceInformation_Maintenance_Nr_Reset,9239,Method
GranulateDryingDeviceType_Operation_MaintenanceInformation_Maintenance_Nr_Status,9240,Variable
GranulateDryingDeviceType_Operation_MaintenanceInformation_NodeVersion,9241,Variable
GranulateDryingDeviceType_Operation_ResetAllErrors,9242,Method
GranulateDryingDeviceType_Operation_ResetEnergyMeasurement,9243,Method
GranulateDryingDeviceType_Operation_ResetErrorById,9244,Method
GranulateDryingDeviceType_Operation_ResetErrorById_InputArguments,9245,Variable
GranulateDryingDeviceType_Operation_EnergyConsumptionResettable_Definition,9246,Variable
GranulateDryingDeviceType_Operation_EnergyConsumptionResettable_EURange,9247,Variable
GranulateDryingDeviceType_Operation_EnergyConsumptionResettable_InstrumentRange,9248,Variable
GranulateDryingDeviceType_Operation_EnergyConsumptionResettable_ValuePrecision,9249,Variable
GranulateDryingDeviceType_Operation_TotalEnergy_ActualPower,9250,Variable
GranulateDryingDeviceType_Operation_TotalEnergy_ActualPower_EngineeringUnits,9251,Variable
GranulateDryingDeviceType_Operation_TotalEnergy_ActualSpecificEnergy,9252,Variable
GranulateDryingDeviceType_Operation_TotalEnergy_ActualSpecificEnergy_EngineeringUnits,9253,Variable
GranulateDryingDeviceType_Operation_TotalEnergy_PowerConsumption,9254,Variable
GranulateDryingDeviceType_Operation_TotalEnergy_PowerConsumption_EngineeringUnits,9255,Variable
GranulateDryingDeviceType_Operation_TotalEnergy_PowerFactor,9256,Variable
GranulateDryingDeviceType_Operation_TotalEnergy_ActualPower_Definition,9257,Variable
GranulateDryingDeviceType_Operation_TotalEnergy_ActualPower_EURange,9258,Variable
GranulateDryingDeviceType_Operation_TotalEnergy_ActualPower_InstrumentRange,9259,Variable
GranulateDryingDeviceType_Operation_TotalEnergy_ActualPower_ValuePrecision,9260,Variable
GranulateDryingDeviceType_Operation_TotalEnergy_ActualSpecificEnergy_Definition,9261,Variable
GranulateDryingDeviceType_Operation_TotalEnergy_ActualSpecificEnergy_EURange,9262,Variable
GranulateDryingDeviceType_Operation_TotalEnergy_ActualSpecificEnergy_InstrumentRange,9263,Variable
GranulateDryingDeviceType_Operation_TotalEnergy_ActualSpecificEnergy_ValuePrecision,9264,Variable
GranulateDryingDeviceType_Operation_TotalEnergy_PowerConsumption_Definition,9265,Variable
GranulateDryingDeviceType_Operation_TotalEnergy_PowerConsumption_EURange,9266,Variable
GranulateDryingDeviceType_Operation_TotalEnergy_PowerConsumption_InstrumentRange,9267,Variable
GranulateDryingDeviceType_Operation_TotalEnergy_PowerConsumption_ValuePrecision,9268,Variable
GranulateDryingDeviceType_Operation_MaintenanceInformation_Maintenance_Nr_AdditionalInformation,9269,Variable
GranulateDryingDeviceType_Operation_MaintenanceInformation_Maintenance_Nr_Interval,9270,Variable
GranulateDryingDeviceType_Operation_MaintenanceInformation_Maintenance_Nr_Interval_EURange,9271,Variable
GranulateDryingDeviceType_Operation_MaintenanceInformation_Maintenance_Nr_MaintenanceInstructions_Close,9272,Method
GranulateDryingDeviceType_Operation_MaintenanceInformation_Maintenance_Nr_MaintenanceInstructions_Close_InputArguments,9273,Variable
GranulateDryingDeviceType_Operation_MaintenanceInformation_Maintenance_Nr_MaintenanceInstructions_GetPosition,9274,Method
GranulateDryingDeviceType_Operation_MaintenanceInformation_Maintenance_Nr_MaintenanceInstructions_GetPosition_InputArguments,9275,Variable
GranulateDryingDeviceType_Operation_MaintenanceInformation_Maintenance_Nr_MaintenanceInstructions_GetPosition_OutputArguments,9276,Variable
GranulateDryingDeviceType_Operation_MaintenanceInformation_Maintenance_Nr_MaintenanceInstructions_Open,9277,Method
GranulateDryingDeviceType_Operation_MaintenanceInformation_Maintenance_Nr_MaintenanceInstructions_Open_InputArguments,9278,Variable
GranulateDryingDeviceType_Operation_MaintenanceInformation_Maintenance_Nr_MaintenanceInstructions_Open_OutputArguments,9279,Variable
GranulateDryingDeviceType_Operation_MaintenanceInformation_Maintenance_Nr_MaintenanceInstructions_OpenCount,9280,Variable
GranulateDryingDeviceType_Operation_MaintenanceInformation_Maintenance_Nr_MaintenanceInstructions_Read,9281,Method
GranulateDryingDeviceType_Operation_MaintenanceInformation_Maintenance_Nr_MaintenanceInstructions_Read_InputArguments,9282,Variable
GranulateDryingDeviceType_Operation_MaintenanceInformation_Maintenance_Nr_MaintenanceInstructions_Read_OutputArguments,9283,Variable
GranulateDryingDeviceType_Operation_MaintenanceInformation_Maintenance_Nr_MaintenanceInstructions_SetPosition,9284,Method
GranulateDryingDeviceType_Operation_MaintenanceInformation_Maintenance_Nr_MaintenanceInstructions_SetPosition_InputArguments,9285,Variable
GranulateDryingDeviceType_Operation_MaintenanceInformation_Maintenance_Nr_MaintenanceInstructions_Size,9286,Variable
GranulateDryingDeviceType_Operation_MaintenanceInformation_Maintenance_Nr_MaintenanceInstructions_UserWritable,9287,Variable
GranulateDryingDeviceType_Operation_MaintenanceInformation_Maintenance_Nr_MaintenanceInstructions_Writable,9288,Variable
GranulateDryingDeviceType_Operation_MaintenanceInformation_Maintenance_Nr_MaintenanceInstructions_Write,9289,Method
GranulateDryingDeviceType_Operation_MaintenanceInformation_Maintenance_Nr_MaintenanceInstructions_Write_InputArguments,9290,Variable
GranulateDryingDeviceType_Operation_MaintenanceInformation_Maintenance_Nr_RemainingInterval,9291,Variable
GranulateDryingDeviceType_Operation_MaintenanceInformation_Maintenance_Nr_RemainingInterval_EURange,9292,Variable
GranulateDryingDeviceType_Operation_MaintenanceInformation_Maintenance_Nr_TotalOperation,9293,Variable
GranulateDryingDeviceType_Operation_MaintenanceInformation_Maintenance_Nr_TotalOperation_EURange,9294,Variable
GranulateDryingDeviceType_Operation_MaintenanceInformation_Maintenance_Nr_Interval_Definition,9295,Variable
GranulateDryingDeviceType_Operation_MaintenanceInformation_Maintenance_Nr_Interval_EngineeringUnits,9296,Variable
GranulateDryingDeviceType_Operation_MaintenanceInformation_Maintenance_Nr_Interval_InstrumentRange,9297,Variable
GranulateDryingDeviceType_Operation_MaintenanceInformation_Maintenance_Nr_Interval_ValuePrecision,9298,Variable
GranulateDryingDeviceType_Operation_MaintenanceInformation_Maintenance_Nr_MaintenanceInstructions_LastModifiedTime,9299,Variable
GranulateDryingDeviceType_Operation_MaintenanceInformation_Maintenance_Nr_MaintenanceInstructions_MaxByteStringLength,9300,Variable
GranulateDryingDeviceType_Operation_MaintenanceInformation_Maintenance_Nr_MaintenanceInstructions_MimeType,9301,Variable
GranulateDryingDeviceType_Operation_MaintenanceInformation_Maintenance_Nr_RemainingInterval_Definition,9302,Variable
GranulateDryingDeviceType_Operation_MaintenanceInformation_Maintenance_Nr_RemainingInterval_EngineeringUnits,9303,Variable
GranulateDryingDeviceType_Operation_MaintenanceInformation_Maintenance_Nr_RemainingInterval_InstrumentRange,9304,Variable
GranulateDryingDeviceType_Operation_MaintenanceInformation_Maintenance_Nr_RemainingInterval_ValuePrecision,9305,Variable
GranulateDryingDeviceType_Operation_MaintenanceInformation_Maintenance_Nr_TotalOperation_Definition,9306,Variable
GranulateDryingDeviceType_Operation_MaintenanceInformation_Maintenance_Nr_TotalOperation_EngineeringUnits,9307,Variable
GranulateDryingDeviceType_Operation_MaintenanceInformation_Maintenance_Nr_TotalOperation_InstrumentRange,9308,Variable
GranulateDryingDeviceType_Operation_MaintenanceInformation_Maintenance_Nr_TotalOperation_ValuePrecision,9309,Variable
GranulateDryingDeviceType_UserLogin_ActualUser_CardUid,9310,Variable
GranulateDryingDeviceType_UserLogin_ActualUser_Language,9311,Variable
GranulateDryingDeviceType_UserLogin_ActualUser_UserLevel,9312,Variable
GranulateDryingDeviceType_UserLogin_ActualUser_UserRole,9313,Variable
GranulateDryingDeviceType_Identification_ProductInstanceUri,9314,Variable
GranulateDryingDeviceType_Identification_Manufacturer,9315,Variable
GranulateDryingDeviceType_Identification_SerialNumber,9316,Variable
GranulateDryingDeviceType_Identification_AssetId,9317,Variable
GranulateDryingDeviceType_Identification_ComponentName,9318,Variable
GranulateDryingDeviceType_Identification_DeviceClass,9319,Variable
GranulateDryingDeviceType_Identification_HardwareRevision,9320,Variable
GranulateDryingDeviceType_Identification_InitialOperationDate,9321,Variable
GranulateDryingDeviceType_Identification_Location,9322,Variable
GranulateDryingDeviceType_Identification_ManufacturerUri,9323,Variable
GranulateDryingDeviceType_Identification_Model,9324,Variable
GranulateDryingDeviceType_Identification_MonthOfConstruction,9325,Variable
GranulateDryingDeviceType_Identification_ProductCode,9326,Variable
GranulateDryingDeviceType_Identification_SoftwareRevision,9327,Variable
GranulateDryingDeviceType_Identification_UIElement,9328,Variable
GranulateDryingDeviceType_Identification_YearOfConstruction,9329,Variable
GranulateDryingDeviceType_MachineryBuildingBlocks_MachineryItemState_CurrentState,9330,Variable
GranulateDryingDeviceType_MachineryBuildingBlocks_MachineryItemState_CurrentState_Id,9331,Variable
GranulateDryingDeviceType_MachineryBuildingBlocks_MachineryOperationMode_CurrentState,9332,Variable
GranulateDryingDeviceType_MachineryBuildingBlocks_MachineryOperationMode_CurrentState_Id,9333,Variable
GranulateDryingDeviceType_MachineryBuildingBlocks_MachineryItemState_CurrentState_EffectiveDisplayName,9334,Variable
GranulateDryingDeviceType_MachineryBuildingBlocks_MachineryItemState_CurrentState_Name,9335,Variable
GranulateDryingDeviceType_MachineryBuildingBlocks_MachineryItemState_CurrentState_Number,9336,Variable
GranulateDryingDeviceType_MachineryBuildingBlocks_MachineryItemState_AvailableStates,9337,Variable
GranulateDryingDeviceType_MachineryBuildingBlocks_MachineryItemState_AvailableTransitions,9338,Variable
GranulateDryingDeviceType_MachineryBuildingBlocks_MachineryItemState_LastTransition,9339,Variable
GranulateDryingDeviceType_MachineryBuildingBlocks_MachineryItemState_LastTransition_Id,9340,Variable
GranulateDryingDeviceType_MachineryBuildingBlocks_MachineryItemState_LastTransition_EffectiveTransitionTime,9341,Variable
GranulateDryingDeviceType_MachineryBuildingBlocks_MachineryItemState_LastTransition_Name,9342,Variable
GranulateDryingDeviceType_MachineryBuildingBlocks_MachineryItemState_LastTransition_Number,9343,Variable
GranulateDryingDeviceType_MachineryBuildingBlocks_MachineryItemState_LastTransition_TransitionTime,9344,Variable
GranulateDryingDeviceType_MachineryBuildingBlocks_MachineryOperationMode_CurrentState_EffectiveDisplayName,9345,Variable
GranulateDryingDeviceType_MachineryBuildingBlocks_MachineryOperationMode_CurrentState_Name,9346,Variable
GranulateDryingDeviceType_MachineryBuildingBlocks_MachineryOperationMode_CurrentState_Number,9347,Variable
GranulateDryingDeviceType_MachineryBuildingBlocks_MachineryOperationMode_AvailableStates,9348,Variable
GranulateDryingDeviceType_MachineryBuildingBlocks_MachineryOperationMode_AvailableTransitions,9349,Variable
GranulateDryingDeviceType_MachineryBuildingBlocks_MachineryOperationMode_LastTransition,9350,Variable
GranulateDryingDeviceType_MachineryBuildingBlocks_MachineryOperationMode_LastTransition_Id,9351,Variable
GranulateDryingDeviceType_MachineryBuildingBlocks_MachineryOperationMode_LastTransition_EffectiveTransitionTime,9352,Variable
GranulateDryingDeviceType_MachineryBuildingBlocks_MachineryOperationMode_LastTransition_Name,9353,Variable
GranulateDryingDeviceType_MachineryBuildingBlocks_MachineryOperationMode_LastTransition_Number,9354,Variable
GranulateDryingDeviceType_MachineryBuildingBlocks_MachineryOperationMode_LastTransition_TransitionTime,9355,Variable
Server_Namespaces_http___opcfoundation_org_UA_PlasticsRubber_GDD__IsNamespaceSubset,9356,Variable
Server_Namespaces_http___opcfoundation_org_UA_PlasticsRubber_GDD__NamespacePublicationDate,9357,Variable
Server_Namespaces_http___opcfoundation_org_UA_PlasticsRubber_GDD__NamespaceUri,9358,Variable
Server_Namespaces_http___opcfoundation_org_UA_PlasticsRubber_GDD__NamespaceVersion,9359,Variable
Server_Namespaces_http___opcfoundation_org_UA_PlasticsRubber_GDD__StaticNodeIdTypes,9360,Variable
Server_Namespaces_http___opcfoundation_org_UA_PlasticsRubber_GDD__StaticNumericNodeIdRange,9361,Variable
Server_Namespaces_http___opcfoundation_org_UA_PlasticsRubber_GDD__StaticStringNodeIdPattern,9362,Variable
BinType_EnergyConsumptionResettable,9363,Variable
BinType_EnergyConsumptionResettable_EngineeringUnits,9364,Variable
Server_Namespaces_http___opcfoundation_org_UA_PlasticsRubber_GDD__DefaultAccessRestrictions,9365,Variable
BinType_EnergyConsumptionResettable_Definition,9366,Variable
BinType_EnergyConsumptionResettable_EURange,9367,Variable
BinType_EnergyConsumptionResettable_InstrumentRange,9368,Variable
BinType_EnergyConsumptionResettable_ValuePrecision,9369,Variable
BinType_TotalEnergy_ActualPower,9370,Variable
BinType_TotalEnergy_ActualPower_EngineeringUnits,9371,Variable
BinType_TotalEnergy_ActualSpecificEnergy,9372,Variable
BinType_TotalEnergy_ActualSpecificEnergy_EngineeringUnits,9373,Variable
BinType_TotalEnergy_PowerConsumption,9374,Variable
BinType_TotalEnergy_PowerConsumption_EngineeringUnits,9375,Variable
BinType_TotalEnergy_PowerFactor,9376,Variable
BinType_TotalEnergy_ActualPower_Definition,9377,Variable
BinType_TotalEnergy_ActualPower_EURange,9378,Variable
BinType_TotalEnergy_ActualPower_InstrumentRange,9379,Variable
BinType_TotalEnergy_ActualPower_ValuePrecision,9380,Variable
BinType_TotalEnergy_ActualSpecificEnergy_Definition,9381,Variable
BinType_TotalEnergy_ActualSpecificEnergy_EURange,9382,Variable
BinType_TotalEnergy_ActualSpecificEnergy_InstrumentRange,9383,Variable
BinType_TotalEnergy_ActualSpecificEnergy_ValuePrecision,9384,Variable
BinType_TotalEnergy_PowerConsumption_Definition,9385,Variable
BinType_TotalEnergy_PowerConsumption_EURange,9386,Variable
BinType_TotalEnergy_PowerConsumption_InstrumentRange,9387,Variable
BinType_TotalEnergy_PowerConsumption_ValuePrecision,9388,Variable
BinsType_Bin_Nr_EnergyConsumptionResettable,9389,Variable
BinsType_Bin_Nr_EnergyConsumptionResettable_EngineeringUnits,9390,Variable
GranulateDryingDeviceType_Dryer_Bins_Bin_Nr_DryAirTemperature_SetValue_InstrumentRange,9391,Variable
GranulateDryingDeviceType_Dryer_Bins_Bin_Nr_DryAirTemperature_SetValue_ValuePrecision,9392,Variable
GranulateDryingDeviceType_Dryer_Bins_Bin_Nr_DryAirTemperature_Status_Definition,9393,Variable
GranulateDryingDeviceType_Dryer_Bins_Bin_Nr_DryAirTemperature_Status_ValuePrecision,9394,Variable
GranulateDryingDeviceType_Dryer_Bins_Bin_Nr_DryAirTemperature_UpperTolerance_Definition,9395,Variable
GranulateDryingDeviceType_Dryer_Bins_Bin_Nr_DryAirTemperature_UpperTolerance_EngineeringUnits,9396,Variable
GranulateDryingDeviceType_Dryer_Bins_Bin_Nr_DryAirTemperature_UpperTolerance_InstrumentRange,9397,Variable
GranulateDryingDeviceType_Dryer_Bins_Bin_Nr_DryAirTemperature_UpperTolerance_ValuePrecision,9398,Variable
GranulateDryingDeviceType_Dryer_Bins_Bin_Nr_DryAirTemperature_UpperTolerance2_Definition,9399,Variable
GranulateDryingDeviceType_Dryer_Bins_Bin_Nr_DryAirTemperature_UpperTolerance2_EngineeringUnits,9400,Variable
GranulateDryingDeviceType_Dryer_Bins_Bin_Nr_DryAirTemperature_UpperTolerance2_InstrumentRange,9401,Variable
GranulateDryingDeviceType_Dryer_Bins_Bin_Nr_DryAirTemperature_UpperTolerance2_ValuePrecision,9402,Variable
GranulateDryingDeviceType_Dryer_Bins_Bin_Nr_TopTemperature_ActualValue_Definition,9403,Variable
GranulateDryingDeviceType_Dryer_Bins_Bin_Nr_TopTemperature_ActualValue_EngineeringUnits,9404,Variable
GranulateDryingDeviceType_Dryer_Bins_Bin_Nr_TopTemperature_ActualValue_InstrumentRange,9405,Variable
GranulateDryingDeviceType_Dryer_Bins_Bin_Nr_TopTemperature_ActualValue_ValuePrecision,9406,Variable
GranulateDryingDeviceType_Dryer_Bins_Bin_Nr_TopTemperature_AlarmSuppression_Definition,9407,Variable
GranulateDryingDeviceType_Dryer_Bins_Bin_Nr_TopTemperature_AlarmSuppression_ValuePrecision,9408,Variable
GranulateDryingDeviceType_Dryer_Bins_Bin_Nr_TopTemperature_LowerTolerance_Definition,9409,Variable
GranulateDryingDeviceType_Dryer_Bins_Bin_Nr_TopTemperature_LowerTolerance_EngineeringUnits,9410,Variable
GranulateDryingDeviceType_Dryer_Bins_Bin_Nr_TopTemperature_LowerTolerance_InstrumentRange,9411,Variable
GranulateDryingDeviceType_Dryer_Bins_Bin_Nr_TopTemperature_LowerTolerance_ValuePrecision,9412,Variable
GranulateDryingDeviceType_Dryer_Bins_Bin_Nr_TopTemperature_LowerTolerance2_Definition,9413,Variable
GranulateDryingDeviceType_Dryer_Bins_Bin_Nr_TopTemperature_LowerTolerance2_EngineeringUnits,9414,Variable
GranulateDryingDeviceType_Dryer_Bins_Bin_Nr_TopTemperature_LowerTolerance2_InstrumentRange,9415,Variable
GranulateDryingDeviceType_Dryer_Bins_Bin_Nr_TopTemperature_LowerTolerance2_ValuePrecision,9416,Variable
GranulateDryingDeviceType_Dryer_Bins_Bin_Nr_TopTemperature_MaxValue_Definition,9417,Variable
GranulateDryingDeviceType_Dryer_Bins_Bin_Nr_TopTemperature_MaxValue_EngineeringUnits,9418,Variable
GranulateDryingDeviceType_Dryer_Bins_Bin_Nr_TopTemperature_MaxValue_InstrumentRange,9419,Variable
GranulateDryingDeviceType_Dryer_Bins_Bin_Nr_TopTemperature_MaxValue_ValuePrecision,9420,Variable
GranulateDryingDeviceType_Dryer_Bins_Bin_Nr_TopTemperature_MinValue_Definition,9421,Variable
GranulateDryingDeviceType_Dryer_Bins_Bin_Nr_TopTemperature_MinValue_EngineeringUnits,9422,Variable
GranulateDryingDeviceType_Dryer_Bins_Bin_Nr_TopTemperature_MinValue_InstrumentRange,9423,Variable
GranulateDryingDeviceType_Dryer_Bins_Bin_Nr_TopTemperature_MinValue_ValuePrecision,9424,Variable
GranulateDryingDeviceType_Dryer_Bins_Bin_Nr_TopTemperature_MonitoringSensitivity_Definition,9425,Variable
GranulateDryingDeviceType_Dryer_Bins_Bin_Nr_TopTemperature_MonitoringSensitivity_ValuePrecision,9426,Variable
GranulateDryingDeviceType_Dryer_Bins_Bin_Nr_TopTemperature_SetRampDown_Definition,9427,Variable
GranulateDryingDeviceType_Dryer_Bins_Bin_Nr_TopTemperature_SetRampDown_EngineeringUnits,9428,Variable
GranulateDryingDeviceType_Dryer_Bins_Bin_Nr_TopTemperature_SetRampDown_InstrumentRange,9429,Variable
GranulateDryingDeviceType_Dryer_Bins_Bin_Nr_TopTemperature_SetRampDown_ValuePrecision,9430,Variable
GranulateDryingDeviceType_Dryer_Bins_Bin_Nr_TopTemperature_SetRampUp_Definition,9431,Variable
GranulateDryingDeviceType_Dryer_Bins_Bin_Nr_TopTemperature_SetRampUp_EngineeringUnits,9432,Variable
GranulateDryingDeviceType_Dryer_Bins_Bin_Nr_TopTemperature_SetRampUp_InstrumentRange,9433,Variable
GranulateDryingDeviceType_Dryer_Bins_Bin_Nr_TopTemperature_SetRampUp_ValuePrecision,9434,Variable
GranulateDryingDeviceType_Dryer_Bins_Bin_Nr_TopTemperature_SetValue_Definition,9435,Variable
GranulateDryingDeviceType_Dryer_Bins_Bin_Nr_TopTemperature_SetValue_EngineeringUnits,9436,Variable
GranulateDryingDeviceType_Dryer_Bins_Bin_Nr_TopTemperature_SetValue_InstrumentRange,9437,Variable
GranulateDryingDeviceType_Dryer_Bins_Bin_Nr_TopTemperature_SetValue_ValuePrecision,9438,Variable
GranulateDryingDeviceType_Dryer_Bins_Bin_Nr_TopTemperature_Status_Definition,9439,Variable
GranulateDryingDeviceType_Dryer_Bins_Bin_Nr_TopTemperature_Status_ValuePrecision,9440,Variable
GranulateDryingDeviceType_Dryer_Bins_Bin_Nr_TopTemperature_UpperTolerance_Definition,9441,Variable
GranulateDryingDeviceType_Dryer_Bins_Bin_Nr_TopTemperature_UpperTolerance_EngineeringUnits,9442,Variable
GranulateDryingDeviceType_Dryer_Bins_Bin_Nr_TopTemperature_UpperTolerance_InstrumentRange,9443,Variable
GranulateDryingDeviceType_Dryer_Bins_Bin_Nr_TopTemperature_UpperTolerance_ValuePrecision,9444,Variable
GranulateDryingDeviceType_Dryer_Bins_Bin_Nr_TopTemperature_UpperTolerance2_Definition,9445,Variable
GranulateDryingDeviceType_Dryer_Bins_Bin_Nr_TopTemperature_UpperTolerance2_EngineeringUnits,9446,Variable
GranulateDryingDeviceType_Dryer_Bins_Bin_Nr_TopTemperature_UpperTolerance2_InstrumentRange,9447,Variable
GranulateDryingDeviceType_Dryer_Bins_Bin_Nr_TopTemperature_UpperTolerance2_ValuePrecision,9448,Variable
GranulateDryingDeviceType_Dryer_Bins_Bin_Nr_TotalEnergy_ActualPower_Definition,9449,Variable
GranulateDryingDeviceType_Dryer_Bins_Bin_Nr_TotalEnergy_ActualPower_EURange,9450,Variable
GranulateDryingDeviceType_Dryer_Bins_Bin_Nr_TotalEnergy_ActualPower_InstrumentRange,9451,Variable
GranulateDryingDeviceType_Dryer_Bins_Bin_Nr_TotalEnergy_ActualPower_ValuePrecision,9452,Variable
GranulateDryingDeviceType_Dryer_Bins_Bin_Nr_TotalEnergy_ActualSpecificEnergy_Definition,9453,Variable
GranulateDryingDeviceType_Dryer_Bins_Bin_Nr_TotalEnergy_ActualSpecificEnergy_EURange,9454,Variable
GranulateDryingDeviceType_Dryer_Bins_Bin_Nr_TotalEnergy_ActualSpecificEnergy_InstrumentRange,9455,Variable
GranulateDryingDeviceType_Dryer_Bins_Bin_Nr_TotalEnergy_ActualSpecificEnergy_ValuePrecision,9456,Variable
GranulateDryingDeviceType_Dryer_Bins_Bin_Nr_TotalEnergy_PowerConsumption_Definition,9457,Variable
GranulateDryingDeviceType_Dryer_Bins_Bin_Nr_TotalEnergy_PowerConsumption_EURange,9458,Variable
GranulateDryingDeviceType_Dryer_Bins_Bin_Nr_TotalEnergy_PowerConsumption_InstrumentRange,9459,Variable
GranulateDryingDeviceType_Dryer_Bins_Bin_Nr_TotalEnergy_PowerConsumption_ValuePrecision,9460,Variable
GranulateDryingDeviceType_Dryer_DesiccantBeds_DesiccantBed_Nr_ActivateDesiccantBedController,9461,Method
GranulateDryingDeviceType_Dryer_DesiccantBeds_DesiccantBed_Nr_AirFlow_ActualValue,9462,Variable
GranulateDryingDeviceType_Dryer_DesiccantBeds_DesiccantBed_Nr_AirFlow_ActualValue_EURange,9463,Variable
GranulateDryingDeviceType_Dryer_DesiccantBeds_DesiccantBed_Nr_DeactivateDesiccantBedController,9464,Method
GranulateDryingDeviceType_Dryer_DesiccantBeds_DesiccantBed_Nr_DesiccantBedControllerStatus,9465,Variable
GranulateDryingDeviceType_Dryer_DesiccantBeds_DesiccantBed_Nr_DewPoint_ActualValue,9466,Variable
GranulateDryingDeviceType_Dryer_DesiccantBeds_DesiccantBed_Nr_DewPoint_ActualValue_EURange,9467,Variable
GranulateDryingDeviceType_Dryer_DesiccantBeds_DesiccantBed_Nr_EnergyConsumptionResettable,9468,Variable
GranulateDryingDeviceType_Dryer_DesiccantBeds_DesiccantBed_Nr_EnergyConsumptionResettable_EngineeringUnits,9469,Variable
GranulateDryingDeviceType_Dryer_DesiccantBeds_DesiccantBed_Nr_TemperatureBackToDesiccantBed_ActualValue,9470,Variable
GranulateDryingDeviceType_Dryer_DesiccantBeds_DesiccantBed_Nr_TemperatureBackToDesiccantBed_ActualValue_EURange,9471,Variable
GranulateDryingDeviceType_Dryer_DesiccantBeds_DesiccantBed_Nr_TemperatureDesiccantBedOut_ActualValue,9472,Variable
GranulateDryingDeviceType_Dryer_DesiccantBeds_DesiccantBed_Nr_TemperatureDesiccantBedOut_ActualValue_EURange,9473,Variable
GranulateDryingDeviceType_Dryer_DesiccantBeds_DesiccantBed_Nr_TemperatureOfDesiccantBed_ActualValue,9474,Variable
GranulateDryingDeviceType_Dryer_DesiccantBeds_DesiccantBed_Nr_TemperatureOfDesiccantBed_ActualValue_EURange,9475,Variable
GranulateDryingDeviceType_Dryer_DesiccantBeds_DesiccantBed_Nr_AirFlow_AlarmSuppression,9476,Variable
GranulateDryingDeviceType_Dryer_DesiccantBeds_DesiccantBed_Nr_AirFlow_AlarmSuppression_EnumValues,9477,Variable
GranulateDryingDeviceType_Dryer_DesiccantBeds_DesiccantBed_Nr_AirFlow_AlarmSuppression_ValueAsText,9478,Variable
GranulateDryingDeviceType_Dryer_DesiccantBeds_DesiccantBed_Nr_AirFlow_AutomaticMonitoring,9479,Variable
GranulateDryingDeviceType_Dryer_DesiccantBeds_DesiccantBed_Nr_AirFlow_LowerTolerance,9480,Variable
GranulateDryingDeviceType_Dryer_DesiccantBeds_DesiccantBed_Nr_AirFlow_LowerTolerance_EURange,9481,Variable
GranulateDryingDeviceType_Dryer_DesiccantBeds_DesiccantBed_Nr_AirFlow_LowerTolerance2,9482,Variable
GranulateDryingDeviceType_Dryer_DesiccantBeds_DesiccantBed_Nr_AirFlow_LowerTolerance2_EURange,9483,Variable
GranulateDryingDeviceType_Dryer_DesiccantBeds_DesiccantBed_Nr_AirFlow_MaxValue,9484,Variable
GranulateDryingDeviceType_Dryer_DesiccantBeds_DesiccantBed_Nr_AirFlow_MaxValue_EURange,9485,Variable
GranulateDryingDeviceType_Dryer_DesiccantBeds_DesiccantBed_Nr_AirFlow_MinValue,9486,Variable
GranulateDryingDeviceType_Dryer_DesiccantBeds_DesiccantBed_Nr_AirFlow_MinValue_EURange,9487,Variable
GranulateDryingDeviceType_Dryer_DesiccantBeds_DesiccantBed_Nr_AirFlow_MonitoringSensitivity,9488,Variable
GranulateDryingDeviceType_Dryer_DesiccantBeds_DesiccantBed_Nr_AirFlow_MonitoringSensitivity_EnumValues,9489,Variable
GranulateDryingDeviceType_Dryer_DesiccantBeds_DesiccantBed_Nr_AirFlow_MonitoringSensitivity_ValueAsText,9490,Variable
GranulateDryingDeviceType_Dryer_DesiccantBeds_DesiccantBed_Nr_AirFlow_ResetMonitoring,9491,Method
GranulateDryingDeviceType_Dryer_DesiccantBeds_DesiccantBed_Nr_AirFlow_SetRampDown,9492,Variable
GranulateDryingDeviceType_Dryer_DesiccantBeds_DesiccantBed_Nr_AirFlow_SetRampDown_EURange,9493,Variable
GranulateDryingDeviceType_Dryer_DesiccantBeds_DesiccantBed_Nr_AirFlow_SetRampUp,9494,Variable
GranulateDryingDeviceType_Dryer_DesiccantBeds_DesiccantBed_Nr_AirFlow_SetRampUp_EURange,9495,Variable
GranulateDryingDeviceType_Dryer_DesiccantBeds_DesiccantBed_Nr_AirFlow_SetValue,9496,Variable
GranulateDryingDeviceType_Dryer_DesiccantBeds_DesiccantBed_Nr_AirFlow_SetValue_EURange,9497,Variable
GranulateDryingDeviceType_Dryer_DesiccantBeds_DesiccantBed_Nr_AirFlow_Status,9498,Variable
GranulateDryingDeviceType_Dryer_DesiccantBeds_DesiccantBed_Nr_AirFlow_Status_EnumValues,9499,Variable
GranulateDryingDeviceType_Dryer_DesiccantBeds_DesiccantBed_Nr_AirFlow_Status_ValueAsText,9500,Variable
GranulateDryingDeviceType_Dryer_DesiccantBeds_DesiccantBed_Nr_AirFlow_UpperTolerance,9501,Variable
GranulateDryingDeviceType_Dryer_DesiccantBeds_DesiccantBed_Nr_AirFlow_UpperTolerance_EURange,9502,Variable
GranulateDryingDeviceType_Dryer_DesiccantBeds_DesiccantBed_Nr_AirFlow_UpperTolerance2,9503,Variable
GranulateDryingDeviceType_Dryer_DesiccantBeds_DesiccantBed_Nr_AirFlow_UpperTolerance2_EURange,9504,Variable
GranulateDryingDeviceType_Dryer_DesiccantBeds_DesiccantBed_Nr_DewPoint_AlarmSuppression,9505,Variable
GranulateDryingDeviceType_Dryer_DesiccantBeds_DesiccantBed_Nr_DewPoint_AlarmSuppression_EnumValues,9506,Variable
GranulateDryingDeviceType_Dryer_DesiccantBeds_DesiccantBed_Nr_DewPoint_AlarmSuppression_ValueAsText,9507,Variable
GranulateDryingDeviceType_Dryer_DesiccantBeds_DesiccantBed_Nr_DewPoint_AutomaticMonitoring,9508,Variable
GranulateDryingDeviceType_Dryer_DesiccantBeds_DesiccantBed_Nr_DewPoint_LowerTolerance,9509,Variable
GranulateDryingDeviceType_Dryer_DesiccantBeds_DesiccantBed_Nr_DewPoint_LowerTolerance_EURange,9510,Variable
GranulateDryingDeviceType_Dryer_DesiccantBeds_DesiccantBed_Nr_DewPoint_LowerTolerance2,9511,Variable
GranulateDryingDeviceType_Dryer_DesiccantBeds_DesiccantBed_Nr_DewPoint_LowerTolerance2_EURange,9512,Variable
GranulateDryingDeviceType_Dryer_DesiccantBeds_DesiccantBed_Nr_DewPoint_MaxValue,9513,Variable
GranulateDryingDeviceType_Dryer_DesiccantBeds_DesiccantBed_Nr_DewPoint_MaxValue_EURange,9514,Variable
GranulateDryingDeviceType_Dryer_DesiccantBeds_DesiccantBed_Nr_DewPoint_MinValue,9515,Variable
GranulateDryingDeviceType_Dryer_DesiccantBeds_DesiccantBed_Nr_DewPoint_MinValue_EURange,9516,Variable
GranulateDryingDeviceType_Dryer_DesiccantBeds_DesiccantBed_Nr_DewPoint_MonitoringSensitivity,9517,Variable
GranulateDryingDeviceType_Dryer_DesiccantBeds_DesiccantBed_Nr_DewPoint_MonitoringSensitivity_EnumValues,9518,Variable
GranulateDryingDeviceType_Dryer_DesiccantBeds_DesiccantBed_Nr_DewPoint_MonitoringSensitivity_ValueAsText,9519,Variable
GranulateDryingDeviceType_Dryer_DesiccantBeds_DesiccantBed_Nr_DewPoint_ResetMonitoring,9520,Method
GranulateDryingDeviceType_Dryer_DesiccantBeds_DesiccantBed_Nr_DewPoint_SetRampDown,9521,Variable
GranulateDryingDeviceType_Dryer_DesiccantBeds_DesiccantBed_Nr_DewPoint_SetRampDown_EURange,9522,Variable
GranulateDryingDeviceType_Dryer_DesiccantBeds_DesiccantBed_Nr_DewPoint_SetRampUp,9523,Variable
GranulateDryingDeviceType_Dryer_DesiccantBeds_DesiccantBed_Nr_DewPoint_SetRampUp_EURange,9524,Variable
GranulateDryingDeviceType_Dryer_DesiccantBeds_DesiccantBed_Nr_DewPoint_SetValue,9525,Variable
GranulateDryingDeviceType_Dryer_DesiccantBeds_DesiccantBed_Nr_DewPoint_SetValue_EURange,9526,Variable
GranulateDryingDeviceType_Dryer_DesiccantBeds_DesiccantBed_Nr_DewPoint_Status,9527,Variable
GranulateDryingDeviceType_Dryer_DesiccantBeds_DesiccantBed_Nr_DewPoint_Status_EnumValues,9528,Variable
GranulateDryingDeviceType_Dryer_DesiccantBeds_DesiccantBed_Nr_DewPoint_Status_ValueAsText,9529,Variable
GranulateDryingDeviceType_Dryer_DesiccantBeds_DesiccantBed_Nr_DewPoint_UpperTolerance,9530,Variable
GranulateDryingDeviceType_Dryer_DesiccantBeds_DesiccantBed_Nr_DewPoint_UpperTolerance_EURange,9531,Variable
GranulateDryingDeviceType_Dryer_DesiccantBeds_DesiccantBed_Nr_DewPoint_UpperTolerance2,9532,Variable
GranulateDryingDeviceType_Dryer_DesiccantBeds_DesiccantBed_Nr_DewPoint_UpperTolerance2_EURange,9533,Variable
GranulateDryingDeviceType_Dryer_DesiccantBeds_DesiccantBed_Nr_EnergyConsumptionResettable_Definition,9534,Variable
GranulateDryingDeviceType_Dryer_DesiccantBeds_DesiccantBed_Nr_EnergyConsumptionResettable_EURange,9535,Variable
GranulateDryingDeviceType_Dryer_DesiccantBeds_DesiccantBed_Nr_EnergyConsumptionResettable_InstrumentRange,9536,Variable
GranulateDryingDeviceType_Dryer_DesiccantBeds_DesiccantBed_Nr_EnergyConsumptionResettable_ValuePrecision,9537,Variable
GranulateDryingDeviceType_Dryer_DesiccantBeds_DesiccantBed_Nr_TemperatureBackToDesiccantBed_AlarmSuppression,9538,Variable
GranulateDryingDeviceType_Dryer_DesiccantBeds_DesiccantBed_Nr_TemperatureBackToDesiccantBed_AlarmSuppression_EnumValues,9539,Variable
GranulateDryingDeviceType_Dryer_DesiccantBeds_DesiccantBed_Nr_TemperatureBackToDesiccantBed_AlarmSuppression_ValueAsText,9540,Variable
GranulateDryingDeviceType_Dryer_DesiccantBeds_DesiccantBed_Nr_TemperatureBackToDesiccantBed_AutomaticMonitoring,9541,Variable
GranulateDryingDeviceType_Dryer_DesiccantBeds_DesiccantBed_Nr_TemperatureBackToDesiccantBed_LowerTolerance,9542,Variable
GranulateDryingDeviceType_Dryer_DesiccantBeds_DesiccantBed_Nr_TemperatureBackToDesiccantBed_LowerTolerance_EURange,9543,Variable
GranulateDryingDeviceType_Dryer_DesiccantBeds_DesiccantBed_Nr_TemperatureBackToDesiccantBed_LowerTolerance2,9544,Variable
GranulateDryingDeviceType_Dryer_DesiccantBeds_DesiccantBed_Nr_TemperatureBackToDesiccantBed_LowerTolerance2_EURange,9545,Variable
GranulateDryingDeviceType_Dryer_DesiccantBeds_DesiccantBed_Nr_TemperatureBackToDesiccantBed_MaxValue,9546,Variable
GranulateDryingDeviceType_Dryer_DesiccantBeds_DesiccantBed_Nr_TemperatureBackToDesiccantBed_MaxValue_EURange,9547,Variable
GranulateDryingDeviceType_Dryer_DesiccantBeds_DesiccantBed_Nr_TemperatureBackToDesiccantBed_MinValue,9548,Variable
GranulateDryingDeviceType_Dryer_DesiccantBeds_DesiccantBed_Nr_TemperatureBackToDesiccantBed_MinValue_EURange,9549,Variable
GranulateDryingDeviceType_Dryer_DesiccantBeds_DesiccantBed_Nr_TemperatureBackToDesiccantBed_MonitoringSensitivity,9550,Variable
GranulateDryingDeviceType_Dryer_DesiccantBeds_DesiccantBed_Nr_TemperatureBackToDesiccantBed_MonitoringSensitivity_EnumValues,9551,Variable
GranulateDryingDeviceType_Dryer_DesiccantBeds_DesiccantBed_Nr_TemperatureBackToDesiccantBed_MonitoringSensitivity_ValueAsText,9552,Variable
GranulateDryingDeviceType_Dryer_DesiccantBeds_DesiccantBed_Nr_TemperatureBackToDesiccantBed_ResetMonitoring,9553,Method
GranulateDryingDeviceType_Dryer_DesiccantBeds_DesiccantBed_Nr_TemperatureBackToDesiccantBed_SetRampDown,9554,Variable
GranulateDryingDeviceType_Dryer_DesiccantBeds_DesiccantBed_Nr_TemperatureBackToDesiccantBed_SetRampDown_EURange,9555,Variable
GranulateDryingDeviceType_Dryer_DesiccantBeds_DesiccantBed_Nr_TemperatureBackToDesiccantBed_SetRampUp,9556,Variable
GranulateDryingDeviceType_Dryer_DesiccantBeds_DesiccantBed_Nr_TemperatureBackToDesiccantBed_SetRampUp_EURange,9557,Variable
GranulateDryingDeviceType_Dryer_DesiccantBeds_DesiccantBed_Nr_TemperatureBackToDesiccantBed_SetValue,9558,Variable
GranulateDryingDeviceType_Dryer_DesiccantBeds_DesiccantBed_Nr_TemperatureBackToDesiccantBed_SetValue_EURange,9559,Variable
GranulateDryingDeviceType_Dryer_DesiccantBeds_DesiccantBed_Nr_TemperatureBackToDesiccantBed_Status,9560,Variable
GranulateDryingDeviceType_Dryer_DesiccantBeds_DesiccantBed_Nr_TemperatureBackToDesiccantBed_Status_EnumValues,9561,Variable
GranulateDryingDeviceType_Dryer_DesiccantBeds_DesiccantBed_Nr_TemperatureBackToDesiccantBed_Status_ValueAsText,9562,Variable
GranulateDryingDeviceType_Dryer_DesiccantBeds_DesiccantBed_Nr_TemperatureBackToDesiccantBed_UpperTolerance,9563,Variable
GranulateDryingDeviceType_Dryer_DesiccantBeds_DesiccantBed_Nr_TemperatureBackToDesiccantBed_UpperTolerance_EURange,9564,Variable
GranulateDryingDeviceType_Dryer_DesiccantBeds_DesiccantBed_Nr_TemperatureBackToDesiccantBed_UpperTolerance2,9565,Variable
GranulateDryingDeviceType_Dryer_DesiccantBeds_DesiccantBed_Nr_TemperatureBackToDesiccantBed_UpperTolerance2_EURange,9566,Variable
GranulateDryingDeviceType_Dryer_DesiccantBeds_DesiccantBed_Nr_TemperatureDesiccantBedOut_AlarmSuppression,9567,Variable
GranulateDryingDeviceType_Dryer_DesiccantBeds_DesiccantBed_Nr_TemperatureDesiccantBedOut_AlarmSuppression_EnumValues,9568,Variable
GranulateDryingDeviceType_Dryer_DesiccantBeds_DesiccantBed_Nr_TemperatureDesiccantBedOut_AlarmSuppression_ValueAsText,9569,Variable
GranulateDryingDeviceType_Dryer_DesiccantBeds_DesiccantBed_Nr_TemperatureDesiccantBedOut_AutomaticMonitoring,9570,Variable
GranulateDryingDeviceType_Dryer_DesiccantBeds_DesiccantBed_Nr_TemperatureDesiccantBedOut_LowerTolerance,9571,Variable
GranulateDryingDeviceType_Dryer_DesiccantBeds_DesiccantBed_Nr_TemperatureDesiccantBedOut_LowerTolerance_EURange,9572,Variable
GranulateDryingDeviceType_Dryer_DesiccantBeds_DesiccantBed_Nr_TemperatureDesiccantBedOut_LowerTolerance2,9573,Variable
GranulateDryingDeviceType_Dryer_DesiccantBeds_DesiccantBed_Nr_TemperatureDesiccantBedOut_LowerTolerance2_EURange,9574,Variable
GranulateDryingDeviceType_Dryer_DesiccantBeds_DesiccantBed_Nr_TemperatureDesiccantBedOut_MaxValue,9575,Variable
GranulateDryingDeviceType_Dryer_DesiccantBeds_DesiccantBed_Nr_TemperatureDesiccantBedOut_MaxValue_EURange,9576,Variable
GranulateDryingDeviceType_Dryer_DesiccantBeds_DesiccantBed_Nr_TemperatureDesiccantBedOut_MinValue,9577,Variable
GranulateDryingDeviceType_Dryer_DesiccantBeds_DesiccantBed_Nr_TemperatureDesiccantBedOut_MinValue_EURange,9578,Variable
GranulateDryingDeviceType_Dryer_DesiccantBeds_DesiccantBed_Nr_TemperatureDesiccantBedOut_MonitoringSensitivity,9579,Variable
GranulateDryingDeviceType_Dryer_DesiccantBeds_DesiccantBed_Nr_TemperatureDesiccantBedOut_MonitoringSensitivity_EnumValues,9580,Variable
GranulateDryingDeviceType_Dryer_DesiccantBeds_DesiccantBed_Nr_TemperatureDesiccantBedOut_MonitoringSensitivity_ValueAsText,9581,Variable
GranulateDryingDeviceType_Dryer_DesiccantBeds_DesiccantBed_Nr_TemperatureDesiccantBedOut_ResetMonitoring,9582,Method
GranulateDryingDeviceType_Dryer_DesiccantBeds_DesiccantBed_Nr_TemperatureDesiccantBedOut_SetRampDown,9583,Variable
GranulateDryingDeviceType_Dryer_DesiccantBeds_DesiccantBed_Nr_TemperatureDesiccantBedOut_SetRampDown_EURange,9584,Variable
GranulateDryingDeviceType_Dryer_DesiccantBeds_DesiccantBed_Nr_TemperatureDesiccantBedOut_SetRampUp,9585,Variable
GranulateDryingDeviceType_Dryer_DesiccantBeds_DesiccantBed_Nr_TemperatureDesiccantBedOut_SetRampUp_EURange,9586,Variable
GranulateDryingDeviceType_Dryer_DesiccantBeds_DesiccantBed_Nr_TemperatureDesiccantBedOut_SetValue,9587,Variable
GranulateDryingDeviceType_Dryer_DesiccantBeds_DesiccantBed_Nr_TemperatureDesiccantBedOut_SetValue_EURange,9588,Variable
GranulateDryingDeviceType_Dryer_DesiccantBeds_DesiccantBed_Nr_TemperatureDesiccantBedOut_Status,9589,Variable
GranulateDryingDeviceType_Dryer_DesiccantBeds_DesiccantBed_Nr_TemperatureDesiccantBedOut_Status_EnumValues,9590,Variable
GranulateDryingDeviceType_Dryer_DesiccantBeds_DesiccantBed_Nr_TemperatureDesiccantBedOut_Status_ValueAsText,9591,Variable
GranulateDryingDeviceType_Dryer_DesiccantBeds_DesiccantBed_Nr_TemperatureDesiccantBedOut_UpperTolerance,9592,Variable
GranulateDryingDeviceType_Dryer_DesiccantBeds_DesiccantBed_Nr_TemperatureDesiccantBedOut_UpperTolerance_EURange,9593,Variable
GranulateDryingDeviceType_Dryer_DesiccantBeds_DesiccantBed_Nr_TemperatureDesiccantBedOut_UpperTolerance2,9594,Variable
GranulateDryingDeviceType_Dryer_DesiccantBeds_DesiccantBed_Nr_TemperatureDesiccantBedOut_UpperTolerance2_EURange,9595,Variable
GranulateDryingDeviceType_Dryer_DesiccantBeds_DesiccantBed_Nr_TemperatureOfDesiccantBed_AlarmSuppression,9596,Variable
GranulateDryingDeviceType_Dryer_DesiccantBeds_DesiccantBed_Nr_TemperatureOfDesiccantBed_AlarmSuppression_EnumValues,9597,Variable
GranulateDryingDeviceType_Dryer_DesiccantBeds_DesiccantBed_Nr_TemperatureOfDesiccantBed_AlarmSuppression_ValueAsText,9598,Variable
GranulateDryingDeviceType_Dryer_DesiccantBeds_DesiccantBed_Nr_TemperatureOfDesiccantBed_AutomaticMonitoring,9599,Variable
GranulateDryingDeviceType_Dryer_DesiccantBeds_DesiccantBed_Nr_TemperatureOfDesiccantBed_LowerTolerance,9600,Variable
GranulateDryingDeviceType_Dryer_DesiccantBeds_DesiccantBed_Nr_TemperatureOfDesiccantBed_LowerTolerance_EURange,9601,Variable
GranulateDryingDeviceType_Dryer_DesiccantBeds_DesiccantBed_Nr_TemperatureOfDesiccantBed_LowerTolerance2,9602,Variable
GranulateDryingDeviceType_Dryer_DesiccantBeds_DesiccantBed_Nr_TemperatureOfDesiccantBed_LowerTolerance2_EURange,9603,Variable
GranulateDryingDeviceType_Dryer_DesiccantBeds_DesiccantBed_Nr_TemperatureOfDesiccantBed_MaxValue,9604,Variable
GranulateDryingDeviceType_Dryer_DesiccantBeds_DesiccantBed_Nr_TemperatureOfDesiccantBed_MaxValue_EURange,9605,Variable
GranulateDryingDeviceType_Dryer_DesiccantBeds_DesiccantBed_Nr_TemperatureOfDesiccantBed_MinValue,9606,Variable
GranulateDryingDeviceType_Dryer_DesiccantBeds_DesiccantBed_Nr_TemperatureOfDesiccantBed_MinValue_EURange,9607,Variable
GranulateDryingDeviceType_Dryer_DesiccantBeds_DesiccantBed_Nr_TemperatureOfDesiccantBed_MonitoringSensitivity,9608,Variable
GranulateDryingDeviceType_Dryer_DesiccantBeds_DesiccantBed_Nr_TemperatureOfDesiccantBed_MonitoringSensitivity_EnumValues,9609,Variable
GranulateDryingDeviceType_Dryer_DesiccantBeds_DesiccantBed_Nr_TemperatureOfDesiccantBed_MonitoringSensitivity_ValueAsText,9610,Variable
GranulateDryingDeviceType_Dryer_DesiccantBeds_DesiccantBed_Nr_TemperatureOfDesiccantBed_ResetMonitoring,9611,Method
GranulateDryingDeviceType_Dryer_DesiccantBeds_DesiccantBed_Nr_TemperatureOfDesiccantBed_SetRampDown,9612,Variable
GranulateDryingDeviceType_Dryer_DesiccantBeds_DesiccantBed_Nr_TemperatureOfDesiccantBed_SetRampDown_EURange,9613,Variable
GranulateDryingDeviceType_Dryer_DesiccantBeds_DesiccantBed_Nr_TemperatureOfDesiccantBed_SetRampUp,9614,Variable
GranulateDryingDeviceType_Dryer_DesiccantBeds_DesiccantBed_Nr_TemperatureOfDesiccantBed_SetRampUp_EURange,9615,Variable
GranulateDryingDeviceType_Dryer_DesiccantBeds_DesiccantBed_Nr_TemperatureOfDesiccantBed_SetValue,9616,Variable
GranulateDryingDeviceType_Dryer_DesiccantBeds_DesiccantBed_Nr_TemperatureOfDesiccantBed_SetValue_EURange,9617,Variable
GranulateDryingDeviceType_Dryer_DesiccantBeds_DesiccantBed_Nr_TemperatureOfDesiccantBed_Status,9618,Variable
GranulateDryingDeviceType_Dryer_DesiccantBeds_DesiccantBed_Nr_TemperatureOfDesiccantBed_Status_EnumValues,9619,Variable
GranulateDryingDeviceType_Dryer_DesiccantBeds_DesiccantBed_Nr_TemperatureOfDesiccantBed_Status_ValueAsText,9620,Variable
GranulateDryingDeviceType_Dryer_DesiccantBeds_DesiccantBed_Nr_TemperatureOfDesiccantBed_UpperTolerance,9621,Variable
GranulateDryingDeviceType_Dryer_DesiccantBeds_DesiccantBed_Nr_TemperatureOfDesiccantBed_UpperTolerance_EURange,9622,Variable
GranulateDryingDeviceType_Dryer_DesiccantBeds_DesiccantBed_Nr_TemperatureOfDesiccantBed_UpperTolerance2,9623,Variable
GranulateDryingDeviceType_Dryer_DesiccantBeds_DesiccantBed_Nr_TemperatureOfDesiccantBed_UpperTolerance2_EURange,9624,Variable
GranulateDryingDeviceType_Dryer_DesiccantBeds_DesiccantBed_Nr_TotalEnergy_ActualPower,9625,Variable
GranulateDryingDeviceType_Dryer_DesiccantBeds_DesiccantBed_Nr_TotalEnergy_ActualPower_EngineeringUnits,9626,Variable
GranulateDryingDeviceType_Dryer_DesiccantBeds_DesiccantBed_Nr_TotalEnergy_ActualSpecificEnergy,9627,Variable
GranulateDryingDeviceType_Dryer_DesiccantBeds_DesiccantBed_Nr_TotalEnergy_ActualSpecificEnergy_EngineeringUnits,9628,Variable
GranulateDryingDeviceType_Dryer_DesiccantBeds_DesiccantBed_Nr_TotalEnergy_PowerConsumption,9629,Variable
GranulateDryingDeviceType_Dryer_DesiccantBeds_DesiccantBed_Nr_TotalEnergy_PowerConsumption_EngineeringUnits,9630,Variable
GranulateDryingDeviceType_Dryer_DesiccantBeds_DesiccantBed_Nr_TotalEnergy_PowerFactor,9631,Variable
GranulateDryingDeviceType_Dryer_DesiccantBeds_DesiccantBed_Nr_AirFlow_ActualValue_Definition,9632,Variable
GranulateDryingDeviceType_Dryer_DesiccantBeds_DesiccantBed_Nr_AirFlow_ActualValue_EngineeringUnits,9633,Variable
GranulateDryingDeviceType_Dryer_DesiccantBeds_DesiccantBed_Nr_AirFlow_ActualValue_InstrumentRange,9634,Variable
GranulateDryingDeviceType_Dryer_DesiccantBeds_DesiccantBed_Nr_AirFlow_ActualValue_ValuePrecision,9635,Variable
GranulateDryingDeviceType_Dryer_DesiccantBeds_DesiccantBed_Nr_AirFlow_AlarmSuppression_Definition,9636,Variable
GranulateDryingDeviceType_Dryer_DesiccantBeds_DesiccantBed_Nr_AirFlow_AlarmSuppression_ValuePrecision,9637,Variable
GranulateDryingDeviceType_Dryer_DesiccantBeds_DesiccantBed_Nr_AirFlow_ClosedLoopControl_AutoTuningActive,9638,Variable
GranulateDryingDeviceType_Dryer_DesiccantBeds_DesiccantBed_Nr_AirFlow_ClosedLoopControl_AutoTuningOff,9639,Method
GranulateDryingDeviceType_Dryer_DesiccantBeds_DesiccantBed_Nr_AirFlow_ClosedLoopControl_AutoTuningOn,9640,Method
GranulateDryingDeviceType_Dryer_DesiccantBeds_DesiccantBed_Nr_AirFlow_ClosedLoopControl_AutomaticControllerMode,9641,Variable
GranulateDryingDeviceType_Dryer_DesiccantBeds_DesiccantBed_Nr_AirFlow_ClosedLoopControl_PIDParameters,9642,Variable
GranulateDryingDeviceType_Dryer_DesiccantBeds_DesiccantBed_Nr_AirFlow_LowerTolerance_Definition,9643,Variable
GranulateDryingDeviceType_Dryer_DesiccantBeds_DesiccantBed_Nr_AirFlow_LowerTolerance_EngineeringUnits,9644,Variable
GranulateDryingDeviceType_Dryer_DesiccantBeds_DesiccantBed_Nr_AirFlow_LowerTolerance_InstrumentRange,9645,Variable
GranulateDryingDeviceType_Dryer_DesiccantBeds_DesiccantBed_Nr_AirFlow_LowerTolerance_ValuePrecision,9646,Variable
GranulateDryingDeviceType_Dryer_DesiccantBeds_DesiccantBed_Nr_AirFlow_LowerTolerance2_Definition,9647,Variable
GranulateDryingDeviceType_Dryer_DesiccantBeds_DesiccantBed_Nr_AirFlow_LowerTolerance2_EngineeringUnits,9648,Variable
GranulateDryingDeviceType_Dryer_DesiccantBeds_DesiccantBed_Nr_AirFlow_LowerTolerance2_InstrumentRange,9649,Variable
GranulateDryingDeviceType_Dryer_DesiccantBeds_DesiccantBed_Nr_AirFlow_LowerTolerance2_ValuePrecision,9650,Variable
GranulateDryingDeviceType_Dryer_DesiccantBeds_DesiccantBed_Nr_AirFlow_MaxValue_Definition,9651,Variable
GranulateDryingDeviceType_Dryer_DesiccantBeds_DesiccantBed_Nr_AirFlow_MaxValue_EngineeringUnits,9652,Variable
GranulateDryingDeviceType_Dryer_DesiccantBeds_DesiccantBed_Nr_AirFlow_MaxValue_InstrumentRange,9653,Variable
GranulateDryingDeviceType_Dryer_DesiccantBeds_DesiccantBed_Nr_AirFlow_MaxValue_ValuePrecision,9654,Variable
GranulateDryingDeviceType_Dryer_DesiccantBeds_DesiccantBed_Nr_AirFlow_MinValue_Definition,9655,Variable
GranulateDryingDeviceType_Dryer_DesiccantBeds_DesiccantBed_Nr_AirFlow_MinValue_EngineeringUnits,9656,Variable
GranulateDryingDeviceType_Dryer_DesiccantBeds_DesiccantBed_Nr_AirFlow_MinValue_InstrumentRange,9657,Variable
GranulateDryingDeviceType_Dryer_DesiccantBeds_DesiccantBed_Nr_AirFlow_MinValue_ValuePrecision,9658,Variable
GranulateDryingDeviceType_Dryer_DesiccantBeds_DesiccantBed_Nr_AirFlow_MonitoringSensitivity_Definition,9659,Variable
GranulateDryingDeviceType_Dryer_DesiccantBeds_DesiccantBed_Nr_AirFlow_MonitoringSensitivity_ValuePrecision,9660,Variable
GranulateDryingDeviceType_Dryer_DesiccantBeds_DesiccantBed_Nr_AirFlow_SetRampDown_Definition,9661,Variable
GranulateDryingDeviceType_Dryer_DesiccantBeds_DesiccantBed_Nr_AirFlow_SetRampDown_EngineeringUnits,9662,Variable
GranulateDryingDeviceType_Dryer_DesiccantBeds_DesiccantBed_Nr_AirFlow_SetRampDown_InstrumentRange,9663,Variable
GranulateDryingDeviceType_Dryer_DesiccantBeds_DesiccantBed_Nr_AirFlow_SetRampDown_ValuePrecision,9664,Variable
GranulateDryingDeviceType_Dryer_DesiccantBeds_DesiccantBed_Nr_AirFlow_SetRampUp_Definition,9665,Variable
GranulateDryingDeviceType_Dryer_DesiccantBeds_DesiccantBed_Nr_AirFlow_SetRampUp_EngineeringUnits,9666,Variable
GranulateDryingDeviceType_Dryer_DesiccantBeds_DesiccantBed_Nr_AirFlow_SetRampUp_InstrumentRange,9667,Variable
GranulateDryingDeviceType_Dryer_DesiccantBeds_DesiccantBed_Nr_AirFlow_SetRampUp_ValuePrecision,9668,Variable
GranulateDryingDeviceType_Dryer_DesiccantBeds_DesiccantBed_Nr_AirFlow_SetValue_Definition,9669,Variable
GranulateDryingDeviceType_Dryer_DesiccantBeds_DesiccantBed_Nr_AirFlow_SetValue_EngineeringUnits,9670,Variable
GranulateDryingDeviceType_Dryer_DesiccantBeds_DesiccantBed_Nr_AirFlow_SetValue_InstrumentRange,9671,Variable
GranulateDryingDeviceType_Dryer_DesiccantBeds_DesiccantBed_Nr_AirFlow_SetValue_ValuePrecision,9672,Variable
GranulateDryingDeviceType_Dryer_DesiccantBeds_DesiccantBed_Nr_AirFlow_Status_Definition,9673,Variable
GranulateDryingDeviceType_Dryer_DesiccantBeds_DesiccantBed_Nr_AirFlow_Status_ValuePrecision,9674,Variable
GranulateDryingDeviceType_Dryer_DesiccantBeds_DesiccantBed_Nr_AirFlow_UpperTolerance_Definition,9675,Variable
GranulateDryingDeviceType_Dryer_DesiccantBeds_DesiccantBed_Nr_AirFlow_UpperTolerance_EngineeringUnits,9676,Variable
GranulateDryingDeviceType_Dryer_DesiccantBeds_DesiccantBed_Nr_AirFlow_UpperTolerance_InstrumentRange,9677,Variable
GranulateDryingDeviceType_Dryer_DesiccantBeds_DesiccantBed_Nr_AirFlow_UpperTolerance_ValuePrecision,9678,Variable
GranulateDryingDeviceType_Dryer_DesiccantBeds_DesiccantBed_Nr_AirFlow_UpperTolerance2_Definition,9679,Variable
GranulateDryingDeviceType_Dryer_DesiccantBeds_DesiccantBed_Nr_AirFlow_UpperTolerance2_EngineeringUnits,9680,Variable
GranulateDryingDeviceType_Dryer_DesiccantBeds_DesiccantBed_Nr_AirFlow_UpperTolerance2_InstrumentRange,9681,Variable
GranulateDryingDeviceType_Dryer_DesiccantBeds_DesiccantBed_Nr_AirFlow_UpperTolerance2_ValuePrecision,9682,Variable
GranulateDryingDeviceType_Dryer_DesiccantBeds_DesiccantBed_Nr_DewPoint_ActualValue_Definition,9683,Variable
GranulateDryingDeviceType_Dryer_DesiccantBeds_DesiccantBed_Nr_DewPoint_ActualValue_EngineeringUnits,9684,Variable
GranulateDryingDeviceType_Dryer_DesiccantBeds_DesiccantBed_Nr_DewPoint_ActualValue_InstrumentRange,9685,Variable
GranulateDryingDeviceType_Dryer_DesiccantBeds_DesiccantBed_Nr_DewPoint_ActualValue_ValuePrecision,9686,Variable
GranulateDryingDeviceType_Dryer_DesiccantBeds_DesiccantBed_Nr_DewPoint_AlarmSuppression_Definition,9687,Variable
GranulateDryingDeviceType_Dryer_DesiccantBeds_DesiccantBed_Nr_DewPoint_AlarmSuppression_ValuePrecision,9688,Variable
GranulateDryingDeviceType_Dryer_DesiccantBeds_DesiccantBed_Nr_DewPoint_LowerTolerance_Definition,9689,Variable
GranulateDryingDeviceType_Dryer_DesiccantBeds_DesiccantBed_Nr_DewPoint_LowerTolerance_EngineeringUnits,9690,Variable
GranulateDryingDeviceType_Dryer_DesiccantBeds_DesiccantBed_Nr_DewPoint_LowerTolerance_InstrumentRange,9691,Variable
GranulateDryingDeviceType_Dryer_DesiccantBeds_DesiccantBed_Nr_DewPoint_LowerTolerance_ValuePrecision,9692,Variable
GranulateDryingDeviceType_Dryer_DesiccantBeds_DesiccantBed_Nr_DewPoint_LowerTolerance2_Definition,9693,Variable
GranulateDryingDeviceType_Dryer_DesiccantBeds_DesiccantBed_Nr_DewPoint_LowerTolerance2_EngineeringUnits,9694,Variable
GranulateDryingDeviceType_Dryer_DesiccantBeds_DesiccantBed_Nr_DewPoint_LowerTolerance2_InstrumentRange,9695,Variable
GranulateDryingDeviceType_Dryer_DesiccantBeds_DesiccantBed_Nr_DewPoint_LowerTolerance2_ValuePrecision,9696,Variable
GranulateDryingDeviceType_Dryer_DesiccantBeds_DesiccantBed_Nr_DewPoint_MaxValue_Definition,9697,Variable
GranulateDryingDeviceType_Dryer_DesiccantBeds_DesiccantBed_Nr_DewPoint_MaxValue_EngineeringUnits,9698,Variable
GranulateDryingDeviceType_Dryer_DesiccantBeds_DesiccantBed_Nr_DewPoint_MaxValue_InstrumentRange,9699,Variable
GranulateDryingDeviceType_Dryer_DesiccantBeds_DesiccantBed_Nr_DewPoint_MaxValue_ValuePrecision,9700,Variable
GranulateDryingDeviceType_Dryer_DesiccantBeds_DesiccantBed_Nr_DewPoint_MinValue_Definition,9701,Variable
GranulateDryingDeviceType_Dryer_DesiccantBeds_DesiccantBed_Nr_DewPoint_MinValue_EngineeringUnits,9702,Variable
GranulateDryingDeviceType_Dryer_DesiccantBeds_DesiccantBed_Nr_DewPoint_MinValue_InstrumentRange,9703,Variable
GranulateDryingDeviceType_Dryer_DesiccantBeds_DesiccantBed_Nr_DewPoint_MinValue_ValuePrecision,9704,Variable
GranulateDryingDeviceType_Dryer_DesiccantBeds_DesiccantBed_Nr_DewPoint_MonitoringSensitivity_Definition,9705,Variable
GranulateDryingDeviceType_Dryer_DesiccantBeds_DesiccantBed_Nr_DewPoint_MonitoringSensitivity_ValuePrecision,9706,Variable
GranulateDryingDeviceType_Dryer_DesiccantBeds_DesiccantBed_Nr_DewPoint_SetRampDown_Definition,9707,Variable
GranulateDryingDeviceType_Dryer_DesiccantBeds_DesiccantBed_Nr_DewPoint_SetRampDown_EngineeringUnits,9708,Variable
GranulateDryingDeviceType_Dryer_DesiccantBeds_DesiccantBed_Nr_DewPoint_SetRampDown_InstrumentRange,9709,Variable
GranulateDryingDeviceType_Dryer_DesiccantBeds_DesiccantBed_Nr_DewPoint_SetRampDown_ValuePrecision,9710,Variable
GranulateDryingDeviceType_Dryer_DesiccantBeds_DesiccantBed_Nr_DewPoint_SetRampUp_Definition,9711,Variable
GranulateDryingDeviceType_Dryer_DesiccantBeds_DesiccantBed_Nr_DewPoint_SetRampUp_EngineeringUnits,9712,Variable
GranulateDryingDeviceType_Dryer_DesiccantBeds_DesiccantBed_Nr_DewPoint_SetRampUp_InstrumentRange,9713,Variable
GranulateDryingDeviceType_Dryer_DesiccantBeds_DesiccantBed_Nr_DewPoint_SetRampUp_ValuePrecision,9714,Variable
GranulateDryingDeviceType_Dryer_DesiccantBeds_DesiccantBed_Nr_DewPoint_SetValue_Definition,9715,Variable
GranulateDryingDeviceType_Dryer_DesiccantBeds_DesiccantBed_Nr_DewPoint_SetValue_EngineeringUnits,9716,Variable
GranulateDryingDeviceType_Dryer_DesiccantBeds_DesiccantBed_Nr_DewPoint_SetValue_InstrumentRange,9717,Variable
GranulateDryingDeviceType_Dryer_DesiccantBeds_DesiccantBed_Nr_DewPoint_SetValue_ValuePrecision,9718,Variable
GranulateDryingDeviceType_Dryer_DesiccantBeds_DesiccantBed_Nr_DewPoint_Status_Definition,9719,Variable
GranulateDryingDeviceType_Dryer_DesiccantBeds_DesiccantBed_Nr_DewPoint_Status_ValuePrecision,9720,Variable
GranulateDryingDeviceType_Dryer_DesiccantBeds_DesiccantBed_Nr_DewPoint_UpperTolerance_Definition,9721,Variable
GranulateDryingDeviceType_Dryer_DesiccantBeds_DesiccantBed_Nr_DewPoint_UpperTolerance_EngineeringUnits,9722,Variable
GranulateDryingDeviceType_Dryer_DesiccantBeds_DesiccantBed_Nr_DewPoint_UpperTolerance_InstrumentRange,9723,Variable
GranulateDryingDeviceType_Dryer_DesiccantBeds_DesiccantBed_Nr_DewPoint_UpperTolerance_ValuePrecision,9724,Variable
GranulateDryingDeviceType_Dryer_DesiccantBeds_DesiccantBed_Nr_DewPoint_UpperTolerance2_Definition,9725,Variable
GranulateDryingDeviceType_Dryer_DesiccantBeds_DesiccantBed_Nr_DewPoint_UpperTolerance2_EngineeringUnits,9726,Variable
GranulateDryingDeviceType_Dryer_DesiccantBeds_DesiccantBed_Nr_DewPoint_UpperTolerance2_InstrumentRange,9727,Variable
GranulateDryingDeviceType_Dryer_DesiccantBeds_DesiccantBed_Nr_DewPoint_UpperTolerance2_ValuePrecision,9728,Variable
GranulateDryingDeviceType_Dryer_DesiccantBeds_DesiccantBed_Nr_TemperatureBackToDesiccantBed_ActualValue_Definition,9729,Variable
GranulateDryingDeviceType_Dryer_DesiccantBeds_DesiccantBed_Nr_TemperatureBackToDesiccantBed_ActualValue_EngineeringUnits,9730,Variable
GranulateDryingDeviceType_Dryer_DesiccantBeds_DesiccantBed_Nr_TemperatureBackToDesiccantBed_ActualValue_InstrumentRange,9731,Variable
GranulateDryingDeviceType_Dryer_DesiccantBeds_DesiccantBed_Nr_TemperatureBackToDesiccantBed_ActualValue_ValuePrecision,9732,Variable
GranulateDryingDeviceType_Dryer_DesiccantBeds_DesiccantBed_Nr_TemperatureBackToDesiccantBed_AlarmSuppression_Definition,9733,Variable
GranulateDryingDeviceType_Dryer_DesiccantBeds_DesiccantBed_Nr_TemperatureBackToDesiccantBed_AlarmSuppression_ValuePrecision,9734,Variable
GranulateDryingDeviceType_Dryer_DesiccantBeds_DesiccantBed_Nr_TemperatureBackToDesiccantBed_LowerTolerance_Definition,9735,Variable
GranulateDryingDeviceType_Dryer_DesiccantBeds_DesiccantBed_Nr_TemperatureBackToDesiccantBed_LowerTolerance_EngineeringUnits,9736,Variable
GranulateDryingDeviceType_Dryer_DesiccantBeds_DesiccantBed_Nr_TemperatureBackToDesiccantBed_LowerTolerance_InstrumentRange,9737,Variable
GranulateDryingDeviceType_Dryer_DesiccantBeds_DesiccantBed_Nr_TemperatureBackToDesiccantBed_LowerTolerance_ValuePrecision,9738,Variable
GranulateDryingDeviceType_Dryer_DesiccantBeds_DesiccantBed_Nr_TemperatureBackToDesiccantBed_LowerTolerance2_Definition,9739,Variable
GranulateDryingDeviceType_Dryer_DesiccantBeds_DesiccantBed_Nr_TemperatureBackToDesiccantBed_LowerTolerance2_EngineeringUnits,9740,Variable
GranulateDryingDeviceType_Dryer_DesiccantBeds_DesiccantBed_Nr_TemperatureBackToDesiccantBed_LowerTolerance2_InstrumentRange,9741,Variable
GranulateDryingDeviceType_Dryer_DesiccantBeds_DesiccantBed_Nr_TemperatureBackToDesiccantBed_LowerTolerance2_ValuePrecision,9742,Variable
GranulateDryingDeviceType_Dryer_DesiccantBeds_DesiccantBed_Nr_TemperatureBackToDesiccantBed_MaxValue_Definition,9743,Variable
GranulateDryingDeviceType_Dryer_DesiccantBeds_DesiccantBed_Nr_TemperatureBackToDesiccantBed_MaxValue_EngineeringUnits,9744,Variable
GranulateDryingDeviceType_Dryer_DesiccantBeds_DesiccantBed_Nr_TemperatureBackToDesiccantBed_MaxValue_InstrumentRange,9745,Variable
GranulateDryingDeviceType_Dryer_DesiccantBeds_DesiccantBed_Nr_TemperatureBackToDesiccantBed_MaxValue_ValuePrecision,9746,Variable
GranulateDryingDeviceType_Dryer_DesiccantBeds_DesiccantBed_Nr_TemperatureBackToDesiccantBed_MinValue_Definition,9747,Variable
GranulateDryingDeviceType_Dryer_DesiccantBeds_DesiccantBed_Nr_TemperatureBackToDesiccantBed_MinValue_EngineeringUnits,9748,Variable
GranulateDryingDeviceType_Dryer_DesiccantBeds_DesiccantBed_Nr_TemperatureBackToDesiccantBed_MinValue_InstrumentRange,9749,Variable
GranulateDryingDeviceType_Dryer_DesiccantBeds_DesiccantBed_Nr_TemperatureBackToDesiccantBed_MinValue_ValuePrecision,9750,Variable
GranulateDryingDeviceType_Dryer_DesiccantBeds_DesiccantBed_Nr_TemperatureBackToDesiccantBed_MonitoringSensitivity_Definition,9751,Variable
GranulateDryingDeviceType_Dryer_DesiccantBeds_DesiccantBed_Nr_TemperatureBackToDesiccantBed_MonitoringSensitivity_ValuePrecision,9752,Variable
GranulateDryingDeviceType_Dryer_DesiccantBeds_DesiccantBed_Nr_TemperatureBackToDesiccantBed_SetRampDown_Definition,9753,Variable
GranulateDryingDeviceType_Dryer_DesiccantBeds_DesiccantBed_Nr_TemperatureBackToDesiccantBed_SetRampDown_EngineeringUnits,9754,Variable
GranulateDryingDeviceType_Dryer_DesiccantBeds_DesiccantBed_Nr_TemperatureBackToDesiccantBed_SetRampDown_InstrumentRange,9755,Variable
GranulateDryingDeviceType_Dryer_DesiccantBeds_DesiccantBed_Nr_TemperatureBackToDesiccantBed_SetRampDown_ValuePrecision,9756,Variable
GranulateDryingDeviceType_Dryer_DesiccantBeds_DesiccantBed_Nr_TemperatureBackToDesiccantBed_SetRampUp_Definition,9757,Variable
GranulateDryingDeviceType_Dryer_DesiccantBeds_DesiccantBed_Nr_TemperatureBackToDesiccantBed_SetRampUp_EngineeringUnits,9758,Variable
GranulateDryingDeviceType_Dryer_DesiccantBeds_DesiccantBed_Nr_TemperatureBackToDesiccantBed_SetRampUp_InstrumentRange,9759,Variable
GranulateDryingDeviceType_Dryer_DesiccantBeds_DesiccantBed_Nr_TemperatureBackToDesiccantBed_SetRampUp_ValuePrecision,9760,Variable
GranulateDryingDeviceType_Dryer_DesiccantBeds_DesiccantBed_Nr_TemperatureBackToDesiccantBed_SetValue_Definition,9761,Variable
GranulateDryingDeviceType_Dryer_DesiccantBeds_DesiccantBed_Nr_TemperatureBackToDesiccantBed_SetValue_EngineeringUnits,9762,Variable
GranulateDryingDeviceType_Dryer_DesiccantBeds_DesiccantBed_Nr_TemperatureBackToDesiccantBed_SetValue_InstrumentRange,9763,Variable
GranulateDryingDeviceType_Dryer_DesiccantBeds_DesiccantBed_Nr_TemperatureBackToDesiccantBed_SetValue_ValuePrecision,9764,Variable
GranulateDryingDeviceType_Dryer_DesiccantBeds_DesiccantBed_Nr_TemperatureBackToDesiccantBed_Status_Definition,9765,Variable
GranulateDryingDeviceType_Dryer_DesiccantBeds_DesiccantBed_Nr_TemperatureBackToDesiccantBed_Status_ValuePrecision,9766,Variable
GranulateDryingDeviceType_Dryer_DesiccantBeds_DesiccantBed_Nr_TemperatureBackToDesiccantBed_UpperTolerance_Definition,9767,Variable
GranulateDryingDeviceType_Dryer_DesiccantBeds_DesiccantBed_Nr_TemperatureBackToDesiccantBed_UpperTolerance_EngineeringUnits,9768,Variable
GranulateDryingDeviceType_Dryer_DesiccantBeds_DesiccantBed_Nr_TemperatureBackToDesiccantBed_UpperTolerance_InstrumentRange,9769,Variable
GranulateDryingDeviceType_Dryer_DesiccantBeds_DesiccantBed_Nr_TemperatureBackToDesiccantBed_UpperTolerance_ValuePrecision,9770,Variable
GranulateDryingDeviceType_Dryer_DesiccantBeds_DesiccantBed_Nr_TemperatureBackToDesiccantBed_UpperTolerance2_Definition,9771,Variable
GranulateDryingDeviceType_Dryer_DesiccantBeds_DesiccantBed_Nr_TemperatureBackToDesiccantBed_UpperTolerance2_EngineeringUnits,9772,Variable
GranulateDryingDeviceType_Dryer_DesiccantBeds_DesiccantBed_Nr_TemperatureBackToDesiccantBed_UpperTolerance2_InstrumentRange,9773,Variable
GranulateDryingDeviceType_Dryer_DesiccantBeds_DesiccantBed_Nr_TemperatureBackToDesiccantBed_UpperTolerance2_ValuePrecision,9774,Variable
GranulateDryingDeviceType_Dryer_DesiccantBeds_DesiccantBed_Nr_TemperatureDesiccantBedOut_ActualValue_Definition,9775,Variable
GranulateDryingDeviceType_Dryer_DesiccantBeds_DesiccantBed_Nr_TemperatureDesiccantBedOut_ActualValue_EngineeringUnits,9776,Variable
GranulateDryingDeviceType_Dryer_DesiccantBeds_DesiccantBed_Nr_TemperatureDesiccantBedOut_ActualValue_InstrumentRange,9777,Variable
GranulateDryingDeviceType_Dryer_DesiccantBeds_DesiccantBed_Nr_TemperatureDesiccantBedOut_ActualValue_ValuePrecision,9778,Variable
GranulateDryingDeviceType_Dryer_DesiccantBeds_DesiccantBed_Nr_TemperatureDesiccantBedOut_AlarmSuppression_Definition,9779,Variable
GranulateDryingDeviceType_Dryer_DesiccantBeds_DesiccantBed_Nr_TemperatureDesiccantBedOut_AlarmSuppression_ValuePrecision,9780,Variable
GranulateDryingDeviceType_Dryer_DesiccantBeds_DesiccantBed_Nr_TemperatureDesiccantBedOut_LowerTolerance_Definition,9781,Variable
GranulateDryingDeviceType_Dryer_DesiccantBeds_DesiccantBed_Nr_TemperatureDesiccantBedOut_LowerTolerance_EngineeringUnits,9782,Variable
GranulateDryingDeviceType_Dryer_DesiccantBeds_DesiccantBed_Nr_TemperatureDesiccantBedOut_LowerTolerance_InstrumentRange,9783,Variable
GranulateDryingDeviceType_Dryer_DesiccantBeds_DesiccantBed_Nr_TemperatureDesiccantBedOut_LowerTolerance_ValuePrecision,9784,Variable
GranulateDryingDeviceType_Dryer_DesiccantBeds_DesiccantBed_Nr_TemperatureDesiccantBedOut_LowerTolerance2_Definition,9785,Variable
GranulateDryingDeviceType_Dryer_DesiccantBeds_DesiccantBed_Nr_TemperatureDesiccantBedOut_LowerTolerance2_EngineeringUnits,9786,Variable
GranulateDryingDeviceType_Dryer_DesiccantBeds_DesiccantBed_Nr_TemperatureDesiccantBedOut_LowerTolerance2_InstrumentRange,9787,Variable
GranulateDryingDeviceType_Dryer_DesiccantBeds_DesiccantBed_Nr_TemperatureDesiccantBedOut_LowerTolerance2_ValuePrecision,9788,Variable
GranulateDryingDeviceType_Dryer_DesiccantBeds_DesiccantBed_Nr_TemperatureDesiccantBedOut_MaxValue_Definition,9789,Variable
GranulateDryingDeviceType_Dryer_DesiccantBeds_DesiccantBed_Nr_TemperatureDesiccantBedOut_MaxValue_EngineeringUnits,9790,Variable
GranulateDryingDeviceType_Dryer_DesiccantBeds_DesiccantBed_Nr_TemperatureDesiccantBedOut_MaxValue_InstrumentRange,9791,Variable
GranulateDryingDeviceType_Dryer_DesiccantBeds_DesiccantBed_Nr_TemperatureDesiccantBedOut_MaxValue_ValuePrecision,9792,Variable
GranulateDryingDeviceType_Dryer_DesiccantBeds_DesiccantBed_Nr_TemperatureDesiccantBedOut_MinValue_Definition,9793,Variable
GranulateDryingDeviceType_Dryer_DesiccantBeds_DesiccantBed_Nr_TemperatureDesiccantBedOut_MinValue_EngineeringUnits,9794,Variable
GranulateDryingDeviceType_Dryer_DesiccantBeds_DesiccantBed_Nr_TemperatureDesiccantBedOut_MinValue_InstrumentRange,9795,Variable
GranulateDryingDeviceType_Dryer_DesiccantBeds_DesiccantBed_Nr_TemperatureDesiccantBedOut_MinValue_ValuePrecision,9796,Variable
GranulateDryingDeviceType_Dryer_DesiccantBeds_DesiccantBed_Nr_TemperatureDesiccantBedOut_MonitoringSensitivity_Definition,9797,Variable
GranulateDryingDeviceType_Dryer_DesiccantBeds_DesiccantBed_Nr_TemperatureDesiccantBedOut_MonitoringSensitivity_ValuePrecision,9798,Variable
GranulateDryingDeviceType_Dryer_DesiccantBeds_DesiccantBed_Nr_TemperatureDesiccantBedOut_SetRampDown_Definition,9799,Variable
GranulateDryingDeviceType_Dryer_DesiccantBeds_DesiccantBed_Nr_TemperatureDesiccantBedOut_SetRampDown_EngineeringUnits,9800,Variable
GranulateDryingDeviceType_Dryer_DesiccantBeds_DesiccantBed_Nr_TemperatureDesiccantBedOut_SetRampDown_InstrumentRange,9801,Variable
GranulateDryingDeviceType_Dryer_DesiccantBeds_DesiccantBed_Nr_TemperatureDesiccantBedOut_SetRampDown_ValuePrecision,9802,Variable
GranulateDryingDeviceType_Dryer_DesiccantBeds_DesiccantBed_Nr_TemperatureDesiccantBedOut_SetRampUp_Definition,9803,Variable
GranulateDryingDeviceType_Dryer_DesiccantBeds_DesiccantBed_Nr_TemperatureDesiccantBedOut_SetRampUp_EngineeringUnits,9804,Variable
GranulateDryingDeviceType_Dryer_DesiccantBeds_DesiccantBed_Nr_TemperatureDesiccantBedOut_SetRampUp_InstrumentRange,9805,Variable
GranulateDryingDeviceType_Dryer_DesiccantBeds_DesiccantBed_Nr_TemperatureDesiccantBedOut_SetRampUp_ValuePrecision,9806,Variable
GranulateDryingDeviceType_Dryer_DesiccantBeds_DesiccantBed_Nr_TemperatureDesiccantBedOut_SetValue_Definition,9807,Variable
GranulateDryingDeviceType_Dryer_DesiccantBeds_DesiccantBed_Nr_TemperatureDesiccantBedOut_SetValue_EngineeringUnits,9808,Variable
GranulateDryingDeviceType_Dryer_DesiccantBeds_DesiccantBed_Nr_TemperatureDesiccantBedOut_SetValue_InstrumentRange,9809,Variable
GranulateDryingDeviceType_Dryer_DesiccantBeds_DesiccantBed_Nr_TemperatureDesiccantBedOut_SetValue_ValuePrecision,9810,Variable
GranulateDryingDeviceType_Dryer_DesiccantBeds_DesiccantBed_Nr_TemperatureDesiccantBedOut_Status_Definition,9811,Variable
GranulateDryingDeviceType_Dryer_DesiccantBeds_DesiccantBed_Nr_TemperatureDesiccantBedOut_Status_ValuePrecision,9812,Variable
GranulateDryingDeviceType_Dryer_DesiccantBeds_DesiccantBed_Nr_TemperatureDesiccantBedOut_UpperTolerance_Definition,9813,Variable
GranulateDryingDeviceType_Dryer_DesiccantBeds_DesiccantBed_Nr_TemperatureDesiccantBedOut_UpperTolerance_EngineeringUnits,9814,Variable
GranulateDryingDeviceType_Dryer_DesiccantBeds_DesiccantBed_Nr_TemperatureDesiccantBedOut_UpperTolerance_InstrumentRange,9815,Variable
GranulateDryingDeviceType_Dryer_DesiccantBeds_DesiccantBed_Nr_TemperatureDesiccantBedOut_UpperTolerance_ValuePrecision,9816,Variable
GranulateDryingDeviceType_Dryer_DesiccantBeds_DesiccantBed_Nr_TemperatureDesiccantBedOut_UpperTolerance2_Definition,9817,Variable
GranulateDryingDeviceType_Dryer_DesiccantBeds_DesiccantBed_Nr_TemperatureDesiccantBedOut_UpperTolerance2_EngineeringUnits,9818,Variable
GranulateDryingDeviceType_Dryer_DesiccantBeds_DesiccantBed_Nr_TemperatureDesiccantBedOut_UpperTolerance2_InstrumentRange,9819,Variable
GranulateDryingDeviceType_Dryer_DesiccantBeds_DesiccantBed_Nr_TemperatureDesiccantBedOut_UpperTolerance2_ValuePrecision,9820,Variable
GranulateDryingDeviceType_Dryer_DesiccantBeds_DesiccantBed_Nr_TemperatureOfDesiccantBed_ActualValue_Definition,9821,Variable
GranulateDryingDeviceType_Dryer_DesiccantBeds_DesiccantBed_Nr_TemperatureOfDesiccantBed_ActualValue_EngineeringUnits,9822,Variable
GranulateDryingDeviceType_Dryer_DesiccantBeds_DesiccantBed_Nr_TemperatureOfDesiccantBed_ActualValue_InstrumentRange,9823,Variable
GranulateDryingDeviceType_Dryer_DesiccantBeds_DesiccantBed_Nr_TemperatureOfDesiccantBed_ActualValue_ValuePrecision,9824,Variable
GranulateDryingDeviceType_Dryer_DesiccantBeds_DesiccantBed_Nr_TemperatureOfDesiccantBed_AlarmSuppression_Definition,9825,Variable
GranulateDryingDeviceType_Dryer_DesiccantBeds_DesiccantBed_Nr_TemperatureOfDesiccantBed_AlarmSuppression_ValuePrecision,9826,Variable
GranulateDryingDeviceType_Dryer_DesiccantBeds_DesiccantBed_Nr_TemperatureOfDesiccantBed_ClosedLoopControl_AutoTuningActive,9827,Variable
GranulateDryingDeviceType_Dryer_DesiccantBeds_DesiccantBed_Nr_TemperatureOfDesiccantBed_ClosedLoopControl_AutoTuningOff,9828,Method
GranulateDryingDeviceType_Dryer_DesiccantBeds_DesiccantBed_Nr_TemperatureOfDesiccantBed_ClosedLoopControl_AutoTuningOn,9829,Method
GranulateDryingDeviceType_Dryer_DesiccantBeds_DesiccantBed_Nr_TemperatureOfDesiccantBed_ClosedLoopControl_AutomaticControllerMode,9830,Variable
GranulateDryingDeviceType_Dryer_DesiccantBeds_DesiccantBed_Nr_TemperatureOfDesiccantBed_ClosedLoopControl_PIDParameters,9831,Variable
GranulateDryingDeviceType_Dryer_DesiccantBeds_DesiccantBed_Nr_TemperatureOfDesiccantBed_LowerTolerance_Definition,9832,Variable
GranulateDryingDeviceType_Dryer_DesiccantBeds_DesiccantBed_Nr_TemperatureOfDesiccantBed_LowerTolerance_EngineeringUnits,9833,Variable
GranulateDryingDeviceType_Dryer_DesiccantBeds_DesiccantBed_Nr_TemperatureOfDesiccantBed_LowerTolerance_InstrumentRange,9834,Variable
GranulateDryingDeviceType_Dryer_DesiccantBeds_DesiccantBed_Nr_TemperatureOfDesiccantBed_LowerTolerance_ValuePrecision,9835,Variable
GranulateDryingDeviceType_Dryer_DesiccantBeds_DesiccantBed_Nr_TemperatureOfDesiccantBed_LowerTolerance2_Definition,9836,Variable
GranulateDryingDeviceType_Dryer_DesiccantBeds_DesiccantBed_Nr_TemperatureOfDesiccantBed_LowerTolerance2_EngineeringUnits,9837,Variable
GranulateDryingDeviceType_Dryer_DesiccantBeds_DesiccantBed_Nr_TemperatureOfDesiccantBed_LowerTolerance2_InstrumentRange,9838,Variable
GranulateDryingDeviceType_Dryer_DesiccantBeds_DesiccantBed_Nr_TemperatureOfDesiccantBed_LowerTolerance2_ValuePrecision,9839,Variable
GranulateDryingDeviceType_Dryer_DesiccantBeds_DesiccantBed_Nr_TemperatureOfDesiccantBed_MaxValue_Definition,9840,Variable
GranulateDryingDeviceType_Dryer_DesiccantBeds_DesiccantBed_Nr_TemperatureOfDesiccantBed_MaxValue_EngineeringUnits,9841,Variable
GranulateDryingDeviceType_Dryer_DesiccantBeds_DesiccantBed_Nr_TemperatureOfDesiccantBed_MaxValue_InstrumentRange,9842,Variable
GranulateDryingDeviceType_Dryer_DesiccantBeds_DesiccantBed_Nr_TemperatureOfDesiccantBed_MaxValue_ValuePrecision,9843,Variable
GranulateDryingDeviceType_Dryer_DesiccantBeds_DesiccantBed_Nr_TemperatureOfDesiccantBed_MinValue_Definition,9844,Variable
GranulateDryingDeviceType_Dryer_DesiccantBeds_DesiccantBed_Nr_TemperatureOfDesiccantBed_MinValue_EngineeringUnits,9845,Variable
GranulateDryingDeviceType_Dryer_DesiccantBeds_DesiccantBed_Nr_TemperatureOfDesiccantBed_MinValue_InstrumentRange,9846,Variable
GranulateDryingDeviceType_Dryer_DesiccantBeds_DesiccantBed_Nr_TemperatureOfDesiccantBed_MinValue_ValuePrecision,9847,Variable
GranulateDryingDeviceType_Dryer_DesiccantBeds_DesiccantBed_Nr_TemperatureOfDesiccantBed_MonitoringSensitivity_Definition,9848,Variable
GranulateDryingDeviceType_Dryer_DesiccantBeds_DesiccantBed_Nr_TemperatureOfDesiccantBed_MonitoringSensitivity_ValuePrecision,9849,Variable
GranulateDryingDeviceType_Dryer_DesiccantBeds_DesiccantBed_Nr_TemperatureOfDesiccantBed_SetRampDown_Definition,9850,Variable
GranulateDryingDeviceType_Dryer_DesiccantBeds_DesiccantBed_Nr_TemperatureOfDesiccantBed_SetRampDown_EngineeringUnits,9851,Variable
GranulateDryingDeviceType_Dryer_DesiccantBeds_DesiccantBed_Nr_TemperatureOfDesiccantBed_SetRampDown_InstrumentRange,9852,Variable
GranulateDryingDeviceType_Dryer_DesiccantBeds_DesiccantBed_Nr_TemperatureOfDesiccantBed_SetRampDown_ValuePrecision,9853,Variable
GranulateDryingDeviceType_Dryer_DesiccantBeds_DesiccantBed_Nr_TemperatureOfDesiccantBed_SetRampUp_Definition,9854,Variable
GranulateDryingDeviceType_Dryer_DesiccantBeds_DesiccantBed_Nr_TemperatureOfDesiccantBed_SetRampUp_EngineeringUnits,9855,Variable
GranulateDryingDeviceType_Dryer_DesiccantBeds_DesiccantBed_Nr_TemperatureOfDesiccantBed_SetRampUp_InstrumentRange,9856,Variable
GranulateDryingDeviceType_Dryer_DesiccantBeds_DesiccantBed_Nr_TemperatureOfDesiccantBed_SetRampUp_ValuePrecision,9857,Variable
GranulateDryingDeviceType_Dryer_DesiccantBeds_DesiccantBed_Nr_TemperatureOfDesiccantBed_SetValue_Definition,9858,Variable
GranulateDryingDeviceType_Dryer_DesiccantBeds_DesiccantBed_Nr_TemperatureOfDesiccantBed_SetValue_EngineeringUnits,9859,Variable
GranulateDryingDeviceType_Dryer_DesiccantBeds_DesiccantBed_Nr_TemperatureOfDesiccantBed_SetValue_InstrumentRange,9860,Variable
GranulateDryingDeviceType_Dryer_DesiccantBeds_DesiccantBed_Nr_TemperatureOfDesiccantBed_SetValue_ValuePrecision,9861,Variable
GranulateDryingDeviceType_Dryer_DesiccantBeds_DesiccantBed_Nr_TemperatureOfDesiccantBed_Status_Definition,9862,Variable
GranulateDryingDeviceType_Dryer_DesiccantBeds_DesiccantBed_Nr_TemperatureOfDesiccantBed_Status_ValuePrecision,9863,Variable
GranulateDryingDeviceType_Dryer_DesiccantBeds_DesiccantBed_Nr_TemperatureOfDesiccantBed_UpperTolerance_Definition,9864,Variable
GranulateDryingDeviceType_Dryer_DesiccantBeds_DesiccantBed_Nr_TemperatureOfDesiccantBed_UpperTolerance_EngineeringUnits,9865,Variable
GranulateDryingDeviceType_Dryer_DesiccantBeds_DesiccantBed_Nr_TemperatureOfDesiccantBed_UpperTolerance_InstrumentRange,9866,Variable
GranulateDryingDeviceType_Dryer_DesiccantBeds_DesiccantBed_Nr_TemperatureOfDesiccantBed_UpperTolerance_ValuePrecision,9867,Variable
GranulateDryingDeviceType_Dryer_DesiccantBeds_DesiccantBed_Nr_TemperatureOfDesiccantBed_UpperTolerance2_Definition,9868,Variable
GranulateDryingDeviceType_Dryer_DesiccantBeds_DesiccantBed_Nr_TemperatureOfDesiccantBed_UpperTolerance2_EngineeringUnits,9869,Variable
GranulateDryingDeviceType_Dryer_DesiccantBeds_DesiccantBed_Nr_TemperatureOfDesiccantBed_UpperTolerance2_InstrumentRange,9870,Variable
GranulateDryingDeviceType_Dryer_DesiccantBeds_DesiccantBed_Nr_TemperatureOfDesiccantBed_UpperTolerance2_ValuePrecision,9871,Variable
GranulateDryingDeviceType_Dryer_DesiccantBeds_DesiccantBed_Nr_TotalEnergy_ActualPower_Definition,9872,Variable
GranulateDryingDeviceType_Dryer_DesiccantBeds_DesiccantBed_Nr_TotalEnergy_ActualPower_EURange,9873,Variable
GranulateDryingDeviceType_Dryer_DesiccantBeds_DesiccantBed_Nr_TotalEnergy_ActualPower_InstrumentRange,9874,Variable
GranulateDryingDeviceType_Dryer_DesiccantBeds_DesiccantBed_Nr_TotalEnergy_ActualPower_ValuePrecision,9875,Variable
GranulateDryingDeviceType_Dryer_DesiccantBeds_DesiccantBed_Nr_TotalEnergy_ActualSpecificEnergy_Definition,9876,Variable
GranulateDryingDeviceType_Dryer_DesiccantBeds_DesiccantBed_Nr_TotalEnergy_ActualSpecificEnergy_EURange,9877,Variable
GranulateDryingDeviceType_Dryer_DesiccantBeds_DesiccantBed_Nr_TotalEnergy_ActualSpecificEnergy_InstrumentRange,9878,Variable
GranulateDryingDeviceType_Dryer_DesiccantBeds_DesiccantBed_Nr_TotalEnergy_ActualSpecificEnergy_ValuePrecision,9879,Variable
GranulateDryingDeviceType_Dryer_DesiccantBeds_DesiccantBed_Nr_TotalEnergy_PowerConsumption_Definition,9880,Variable
GranulateDryingDeviceType_Dryer_DesiccantBeds_DesiccantBed_Nr_TotalEnergy_PowerConsumption_EURange,9881,Variable
GranulateDryingDeviceType_Dryer_DesiccantBeds_DesiccantBed_Nr_TotalEnergy_PowerConsumption_InstrumentRange,9882,Variable
GranulateDryingDeviceType_Dryer_DesiccantBeds_DesiccantBed_Nr_TotalEnergy_PowerConsumption_ValuePrecision,9883,Variable
OperationType_RemoteControlOpcUa,9884,Variable
GranulateDryingDeviceType_Operation_RemoteControlOpcUa,9885,Variable
BinType_AllFeedersStatus,9886,Variable
BinType_ConeTemperature_ActualValue,9887,Variable
BinType_ConeTemperature_ActualValue_EURange,9888,Variable
BinType_CylinderTemperature_ActualValue,9889,Variable
BinType_CylinderTemperature_ActualValue_EURange,9890,Variable
BinType_ConeTemperature_AlarmSuppression,9891,Variable
BinType_ConeTemperature_AlarmSuppression_EnumValues,9892,Variable
BinType_ConeTemperature_AlarmSuppression_ValueAsText,9893,Variable
BinType_ConeTemperature_AutomaticMonitoring,9894,Variable
BinType_ConeTemperature_LowerTolerance,9895,Variable
BinType_ConeTemperature_LowerTolerance_EURange,9896,Variable
BinType_ConeTemperature_LowerTolerance2,9897,Variable
BinType_ConeTemperature_LowerTolerance2_EURange,9898,Variable
BinType_ConeTemperature_MaxValue,9899,Variable
BinType_ConeTemperature_MaxValue_EURange,9900,Variable
BinType_ConeTemperature_MinValue,9901,Variable
BinType_ConeTemperature_MinValue_EURange,9902,Variable
BinType_ConeTemperature_MonitoringSensitivity,9903,Variable
BinType_ConeTemperature_MonitoringSensitivity_EnumValues,9904,Variable
BinType_ConeTemperature_MonitoringSensitivity_ValueAsText,9905,Variable
BinType_ConeTemperature_ResetMonitoring,9906,Method
BinType_ConeTemperature_SetRampDown,9907,Variable
BinType_ConeTemperature_SetRampDown_EURange,9908,Variable
BinType_ConeTemperature_SetRampUp,9909,Variable
BinType_ConeTemperature_SetRampUp_EURange,9910,Variable
BinType_ConeTemperature_SetValue,9911,Variable
BinType_ConeTemperature_SetValue_EURange,9912,Variable
BinType_ConeTemperature_Status,9913,Variable
BinType_ConeTemperature_Status_EnumValues,9914,Variable
BinType_ConeTemperature_Status_ValueAsText,9915,Variable
BinType_ConeTemperature_UpperTolerance,9916,Variable
BinType_ConeTemperature_UpperTolerance_EURange,9917,Variable
BinType_ConeTemperature_UpperTolerance2,9918,Variable
BinType_ConeTemperature_UpperTolerance2_EURange,9919,Variable
BinType_ConeTemperature_ActualValue_Definition,9920,Variable
BinType_ConeTemperature_ActualValue_EngineeringUnits,9921,Variable
BinType_ConeTemperature_ActualValue_InstrumentRange,9922,Variable
BinType_ConeTemperature_ActualValue_ValuePrecision,9923,Variable
BinType_ConeTemperature_AlarmSuppression_Definition,9924,Variable
BinType_ConeTemperature_AlarmSuppression_ValuePrecision,9925,Variable
BinType_ConeTemperature_LowerTolerance_Definition,9926,Variable
BinType_ConeTemperature_LowerTolerance_EngineeringUnits,9927,Variable
BinType_ConeTemperature_LowerTolerance_InstrumentRange,9928,Variable
BinType_ConeTemperature_LowerTolerance_ValuePrecision,9929,Variable
BinType_ConeTemperature_LowerTolerance2_Definition,9930,Variable
BinType_ConeTemperature_LowerTolerance2_EngineeringUnits,9931,Variable
BinType_ConeTemperature_LowerTolerance2_InstrumentRange,9932,Variable
BinType_ConeTemperature_LowerTolerance2_ValuePrecision,9933,Variable
BinType_ConeTemperature_MaxValue_Definition,9934,Variable
BinType_ConeTemperature_MaxValue_EngineeringUnits,9935,Variable
BinType_ConeTemperature_MaxValue_InstrumentRange,9936,Variable
BinType_ConeTemperature_MaxValue_ValuePrecision,9937,Variable
BinType_ConeTemperature_MinValue_Definition,9938,Variable
BinType_ConeTemperature_MinValue_EngineeringUnits,9939,Variable
BinType_ConeTemperature_MinValue_InstrumentRange,9940,Variable
BinType_ConeTemperature_MinValue_ValuePrecision,9941,Variable
BinType_ConeTemperature_MonitoringSensitivity_Definition,9942,Variable
BinType_ConeTemperature_MonitoringSensitivity_ValuePrecision,9943,Variable
BinType_ConeTemperature_SetRampDown_Definition,9944,Variable
BinType_ConeTemperature_SetRampDown_EngineeringUnits,9945,Variable
BinType_ConeTemperature_SetRampDown_InstrumentRange,9946,Variable
BinType_ConeTemperature_SetRampDown_ValuePrecision,9947,Variable
BinType_ConeTemperature_SetRampUp_Definition,9948,Variable
BinType_ConeTemperature_SetRampUp_EngineeringUnits,9949,Variable
BinType_ConeTemperature_SetRampUp_InstrumentRange,9950,Variable
BinType_ConeTemperature_SetRampUp_ValuePrecision,9951,Variable
BinType_ConeTemperature_SetValue_Definition,9952,Variable
BinType_ConeTemperature_SetValue_EngineeringUnits,9953,Variable
BinType_ConeTemperature_SetValue_InstrumentRange,9954,Variable
BinType_ConeTemperature_SetValue_ValuePrecision,9955,Variable
BinType_ConeTemperature_Status_Definition,9956,Variable
BinType_ConeTemperature_Status_ValuePrecision,9957,Variable
BinType_ConeTemperature_UpperTolerance_Definition,9958,Variable
BinType_ConeTemperature_UpperTolerance_EngineeringUnits,9959,Variable
BinType_ConeTemperature_UpperTolerance_InstrumentRange,9960,Variable
BinType_ConeTemperature_UpperTolerance_ValuePrecision,9961,Variable
BinType_ConeTemperature_UpperTolerance2_Definition,9962,Variable
BinType_ConeTemperature_UpperTolerance2_EngineeringUnits,9963,Variable
BinType_ConeTemperature_UpperTolerance2_InstrumentRange,9964,Variable
BinType_ConeTemperature_UpperTolerance2_ValuePrecision,9965,Variable
BinType_CylinderTemperature_ActualValue_Definition,9966,Variable
BinType_CylinderTemperature_ActualValue_EngineeringUnits,9967,Variable
BinType_CylinderTemperature_ActualValue_InstrumentRange,9968,Variable
BinType_CylinderTemperature_ActualValue_ValuePrecision,9969,Variable
BinType_CylinderTemperature_AlarmSuppression,9970,Variable
BinType_CylinderTemperature_AlarmSuppression_EnumValues,9971,Variable
BinType_CylinderTemperature_AlarmSuppression_ValueAsText,9972,Variable
BinType_CylinderTemperature_AutomaticMonitoring,9973,Variable
BinType_CylinderTemperature_LowerTolerance,9974,Variable
BinType_CylinderTemperature_LowerTolerance_EURange,9975,Variable
BinType_CylinderTemperature_LowerTolerance2,9976,Variable
BinType_CylinderTemperature_LowerTolerance2_EURange,9977,Variable
BinType_CylinderTemperature_MaxValue,9978,Variable
BinType_CylinderTemperature_MaxValue_EURange,9979,Variable
BinType_CylinderTemperature_MinValue,9980,Variable
BinType_CylinderTemperature_MinValue_EURange,9981,Variable
BinType_CylinderTemperature_MonitoringSensitivity,9982,Variable
BinType_CylinderTemperature_MonitoringSensitivity_EnumValues,9983,Variable
BinType_CylinderTemperature_MonitoringSensitivity_ValueAsText,9984,Variable
BinType_CylinderTemperature_ResetMonitoring,9985,Method
BinType_CylinderTemperature_SetRampDown,9986,Variable
BinType_CylinderTemperature_SetRampDown_EURange,9987,Variable
BinType_CylinderTemperature_SetRampUp,9988,Variable
BinType_CylinderTemperature_SetRampUp_EURange,9989,Variable
BinType_CylinderTemperature_SetValue,9990,Variable
BinType_CylinderTemperature_SetValue_EURange,9991,Variable
BinType_CylinderTemperature_Status,9992,Variable
BinType_CylinderTemperature_Status_EnumValues,9993,Variable
BinType_CylinderTemperature_Status_ValueAsText,9994,Variable
BinType_CylinderTemperature_UpperTolerance,9995,Variable
BinType_CylinderTemperature_UpperTolerance_EURange,9996,Variable
BinType_CylinderTemperature_UpperTolerance2,9997,Variable
BinType_CylinderTemperature_UpperTolerance2_EURange,9998,Variable
BinType_CylinderTemperature_AlarmSuppression_Definition,9999,Variable
BinType_CylinderTemperature_AlarmSuppression_ValuePrecision,10000,Variable
BinType_CylinderTemperature_LowerTolerance_Definition,10001,Variable
BinType_CylinderTemperature_LowerTolerance_EngineeringUnits,10002,Variable
BinType_CylinderTemperature_LowerTolerance_InstrumentRange,10003,Variable
BinType_CylinderTemperature_LowerTolerance_ValuePrecision,10004,Variable
BinType_CylinderTemperature_LowerTolerance2_Definition,10005,Variable
BinType_CylinderTemperature_LowerTolerance2_EngineeringUnits,10006,Variable
BinType_CylinderTemperature_LowerTolerance2_InstrumentRange,10007,Variable
BinType_CylinderTemperature_LowerTolerance2_ValuePrecision,10008,Variable
BinType_CylinderTemperature_MaxValue_Definition,10009,Variable
BinType_CylinderTemperature_MaxValue_EngineeringUnits,10010,Variable
BinType_CylinderTemperature_MaxValue_InstrumentRange,10011,Variable
BinType_CylinderTemperature_MaxValue_ValuePrecision,10012,Variable
BinType_CylinderTemperature_MinValue_Definition,10013,Variable
BinType_CylinderTemperature_MinValue_EngineeringUnits,10014,Variable
BinType_CylinderTemperature_MinValue_InstrumentRange,10015,Variable
BinType_CylinderTemperature_MinValue_ValuePrecision,10016,Variable
BinType_CylinderTemperature_MonitoringSensitivity_Definition,10017,Variable
BinType_CylinderTemperature_MonitoringSensitivity_ValuePrecision,10018,Variable
BinType_CylinderTemperature_SetRampDown_Definition,10019,Variable
BinType_CylinderTemperature_SetRampDown_EngineeringUnits,10020,Variable
BinType_CylinderTemperature_SetRampDown_InstrumentRange,10021,Variable
BinType_CylinderTemperature_SetRampDown_ValuePrecision,10022,Variable
BinType_CylinderTemperature_SetRampUp_Definition,10023,Variable
BinType_CylinderTemperature_SetRampUp_EngineeringUnits,10024,Variable
BinType_CylinderTemperature_SetRampUp_InstrumentRange,10025,Variable
BinType_CylinderTemperature_SetRampUp_ValuePrecision,10026,Variable
BinType_CylinderTemperature_SetValue_Definition,10027,Variable
BinType_CylinderTemperature_SetValue_EngineeringUnits,10028,Variable
BinType_CylinderTemperature_SetValue_InstrumentRange,10029,Variable
BinType_CylinderTemperature_SetValue_ValuePrecision,10030,Variable
BinType_CylinderTemperature_Status_Definition,10031,Variable
BinType_CylinderTemperature_Status_ValuePrecision,10032,Variable
BinType_CylinderTemperature_UpperTolerance_Definition,10033,Variable
BinType_CylinderTemperature_UpperTolerance_EngineeringUnits,10034,Variable
BinType_CylinderTemperature_UpperTolerance_InstrumentRange,10035,Variable
BinType_CylinderTemperature_UpperTolerance_ValuePrecision,10036,Variable
BinType_CylinderTemperature_UpperTolerance2_Definition,10037,Variable
BinType_CylinderTemperature_UpperTolerance2_EngineeringUnits,10038,Variable
BinType_CylinderTemperature_UpperTolerance2_InstrumentRange,10039,Variable
BinType_CylinderTemperature_UpperTolerance2_ValuePrecision,10040,Variable
GranulateDryingDeviceType_Dryer_Bins_Bin_Nr_AllFeedersStatus,10041,Variable
GranulateDryingDeviceType_Dryer_Bins_Bin_Nr_ConeTemperature_ActualValue,10042,Variable
GranulateDryingDeviceType_Dryer_Bins_Bin_Nr_ConeTemperature_ActualValue_EURange,10043,Variable
GranulateDryingDeviceType_Dryer_Bins_Bin_Nr_CylinderTemperature_ActualValue,10044,Variable
GranulateDryingDeviceType_Dryer_Bins_Bin_Nr_CylinderTemperature_ActualValue_EURange,10045,Variable
GranulateDryingDeviceType_Dryer_Bins_Bin_Nr_ConeTemperature_AlarmSuppression,10046,Variable
GranulateDryingDeviceType_Dryer_Bins_Bin_Nr_ConeTemperature_AlarmSuppression_EnumValues,10047,Variable
GranulateDryingDeviceType_Dryer_Bins_Bin_Nr_ConeTemperature_AlarmSuppression_ValueAsText,10048,Variable
GranulateDryingDeviceType_Dryer_Bins_Bin_Nr_ConeTemperature_AutomaticMonitoring,10049,Variable
GranulateDryingDeviceType_Dryer_Bins_Bin_Nr_ConeTemperature_LowerTolerance,10050,Variable
GranulateDryingDeviceType_Dryer_Bins_Bin_Nr_ConeTemperature_LowerTolerance_EURange,10051,Variable
GranulateDryingDeviceType_Dryer_Bins_Bin_Nr_ConeTemperature_LowerTolerance2,10052,Variable
GranulateDryingDeviceType_Dryer_Bins_Bin_Nr_ConeTemperature_LowerTolerance2_EURange,10053,Variable
GranulateDryingDeviceType_Dryer_Bins_Bin_Nr_ConeTemperature_MaxValue,10054,Variable
GranulateDryingDeviceType_Dryer_Bins_Bin_Nr_ConeTemperature_MaxValue_EURange,10055,Variable
GranulateDryingDeviceType_Dryer_Bins_Bin_Nr_ConeTemperature_MinValue,10056,Variable
GranulateDryingDeviceType_Dryer_Bins_Bin_Nr_ConeTemperature_MinValue_EURange,10057,Variable
GranulateDryingDeviceType_Dryer_Bins_Bin_Nr_ConeTemperature_MonitoringSensitivity,10058,Variable
GranulateDryingDeviceType_Dryer_Bins_Bin_Nr_ConeTemperature_MonitoringSensitivity_EnumValues,10059,Variable
GranulateDryingDeviceType_Dryer_Bins_Bin_Nr_ConeTemperature_MonitoringSensitivity_ValueAsText,10060,Variable
GranulateDryingDeviceType_Dryer_Bins_Bin_Nr_ConeTemperature_ResetMonitoring,10061,Method
GranulateDryingDeviceType_Dryer_Bins_Bin_Nr_ConeTemperature_SetRampDown,10062,Variable
GranulateDryingDeviceType_Dryer_Bins_Bin_Nr_ConeTemperature_SetRampDown_EURange,10063,Variable
GranulateDryingDeviceType_Dryer_Bins_Bin_Nr_ConeTemperature_SetRampUp,10064,Variable
GranulateDryingDeviceType_Dryer_Bins_Bin_Nr_ConeTemperature_SetRampUp_EURange,10065,Variable
GranulateDryingDeviceType_Dryer_Bins_Bin_Nr_ConeTemperature_SetValue,10066,Variable
GranulateDryingDeviceType_Dryer_Bins_Bin_Nr_ConeTemperature_SetValue_EURange,10067,Variable
GranulateDryingDeviceType_Dryer_Bins_Bin_Nr_ConeTemperature_Status,10068,Variable
GranulateDryingDeviceType_Dryer_Bins_Bin_Nr_ConeTemperature_Status_EnumValues,10069,Variable
GranulateDryingDeviceType_Dryer_Bins_Bin_Nr_ConeTemperature_Status_ValueAsText,10070,Variable
GranulateDryingDeviceType_Dryer_Bins_Bin_Nr_ConeTemperature_UpperTolerance,10071,Variable
GranulateDryingDeviceType_Dryer_Bins_Bin_Nr_ConeTemperature_UpperTolerance_EURange,10072,Variable
GranulateDryingDeviceType_Dryer_Bins_Bin_Nr_ConeTemperature_UpperTolerance2,10073,Variable
GranulateDryingDeviceType_Dryer_Bins_Bin_Nr_ConeTemperature_UpperTolerance2_EURange,10074,Variable
GranulateDryingDeviceType_Dryer_Bins_Bin_Nr_CylinderTemperature_AlarmSuppression,10075,Variable
GranulateDryingDeviceType_Dryer_Bins_Bin_Nr_CylinderTemperature_AlarmSuppression_EnumValues,10076,Variable
GranulateDryingDeviceType_Dryer_Bins_Bin_Nr_CylinderTemperature_AlarmSuppression_ValueAsText,10077,Variable
GranulateDryingDeviceType_Dryer_Bins_Bin_Nr_CylinderTemperature_AutomaticMonitoring,10078,Variable
GranulateDryingDeviceType_Dryer_Bins_Bin_Nr_CylinderTemperature_LowerTolerance,10079,Variable
GranulateDryingDeviceType_Dryer_Bins_Bin_Nr_CylinderTemperature_LowerTolerance_EURange,10080,Variable
GranulateDryingDeviceType_Dryer_Bins_Bin_Nr_CylinderTemperature_LowerTolerance2,10081,Variable
GranulateDryingDeviceType_Dryer_Bins_Bin_Nr_CylinderTemperature_LowerTolerance2_EURange,10082,Variable
GranulateDryingDeviceType_Dryer_Bins_Bin_Nr_CylinderTemperature_MaxValue,10083,Variable
GranulateDryingDeviceType_Dryer_Bins_Bin_Nr_CylinderTemperature_MaxValue_EURange,10084,Variable
GranulateDryingDeviceType_Dryer_Bins_Bin_Nr_CylinderTemperature_MinValue,10085,Variable
GranulateDryingDeviceType_Dryer_Bins_Bin_Nr_CylinderTemperature_MinValue_EURange,10086,Variable
GranulateDryingDeviceType_Dryer_Bins_Bin_Nr_CylinderTemperature_MonitoringSensitivity,10087,Variable
GranulateDryingDeviceType_Dryer_Bins_Bin_Nr_CylinderTemperature_MonitoringSensitivity_EnumValues,10088,Variable
GranulateDryingDeviceType_Dryer_Bins_Bin_Nr_CylinderTemperature_MonitoringSensitivity_ValueAsText,10089,Variable
GranulateDryingDeviceType_Dryer_Bins_Bin_Nr_CylinderTemperature_ResetMonitoring,10090,Method
GranulateDryingDeviceType_Dryer_Bins_Bin_Nr_CylinderTemperature_SetRampDown,10091,Variable
GranulateDryingDeviceType_Dryer_Bins_Bin_Nr_CylinderTemperature_SetRampDown_EURange,10092,Variable
GranulateDryingDeviceType_Dryer_Bins_Bin_Nr_CylinderTemperature_SetRampUp,10093,Variable
GranulateDryingDeviceType_Dryer_Bins_Bin_Nr_CylinderTemperature_SetRampUp_EURange,10094,Variable
GranulateDryingDeviceType_Dryer_Bins_Bin_Nr_CylinderTemperature_SetValue,10095,Variable
GranulateDryingDeviceType_Dryer_Bins_Bin_Nr_CylinderTemperature_SetValue_EURange,10096,Variable
GranulateDryingDeviceType_Dryer_Bins_Bin_Nr_CylinderTemperature_Status,10097,Variable
GranulateDryingDeviceType_Dryer_Bins_Bin_Nr_CylinderTemperature_Status_EnumValues,10098,Variable
GranulateDryingDeviceType_Dryer_Bins_Bin_Nr_CylinderTemperature_Status_ValueAsText,10099,Variable
GranulateDryingDeviceType_Dryer_Bins_Bin_Nr_CylinderTemperature_UpperTolerance,10100,Variable
GranulateDryingDeviceType_Dryer_Bins_Bin_Nr_CylinderTemperature_UpperTolerance_EURange,10101,Variable
GranulateDryingDeviceType_Dryer_Bins_Bin_Nr_CylinderTemperature_UpperTolerance2,10102,Variable
GranulateDryingDeviceType_Dryer_Bins_Bin_Nr_CylinderTemperature_UpperTolerance2_EURange,10103,Variable
GranulateDryingDeviceType_Dryer_Bins_Bin_Nr_ConeTemperature_ActualValue_Definition,10104,Variable
GranulateDryingDeviceType_Dryer_Bins_Bin_Nr_ConeTemperature_ActualValue_EngineeringUnits,10105,Variable
GranulateDryingDeviceType_Dryer_Bins_Bin_Nr_ConeTemperature_ActualValue_InstrumentRange,10106,Variable
GranulateDryingDeviceType_Dryer_Bins_Bin_Nr_ConeTemperature_ActualValue_ValuePrecision,10107,Variable
GranulateDryingDeviceType_Dryer_Bins_Bin_Nr_ConeTemperature_AlarmSuppression_Definition,10108,Variable
GranulateDryingDeviceType_Dryer_Bins_Bin_Nr_ConeTemperature_AlarmSuppression_ValuePrecision,10109,Variable
GranulateDryingDeviceType_Dryer_Bins_Bin_Nr_ConeTemperature_LowerTolerance_Definition,10110,Variable
GranulateDryingDeviceType_Dryer_Bins_Bin_Nr_ConeTemperature_LowerTolerance_EngineeringUnits,10111,Variable
GranulateDryingDeviceType_Dryer_Bins_Bin_Nr_ConeTemperature_LowerTolerance_InstrumentRange,10112,Variable
GranulateDryingDeviceType_Dryer_Bins_Bin_Nr_ConeTemperature_LowerTolerance_ValuePrecision,10113,Variable
GranulateDryingDeviceType_Dryer_Bins_Bin_Nr_ConeTemperature_LowerTolerance2_Definition,10114,Variable
GranulateDryingDeviceType_Dryer_Bins_Bin_Nr_ConeTemperature_LowerTolerance2_EngineeringUnits,10115,Variable
GranulateDryingDeviceType_Dryer_Bins_Bin_Nr_ConeTemperature_LowerTolerance2_InstrumentRange,10116,Variable
GranulateDryingDeviceType_Dryer_Bins_Bin_Nr_ConeTemperature_LowerTolerance2_ValuePrecision,10117,Variable
GranulateDryingDeviceType_Dryer_Bins_Bin_Nr_ConeTemperature_MaxValue_Definition,10118,Variable
GranulateDryingDeviceType_Dryer_Bins_Bin_Nr_ConeTemperature_MaxValue_EngineeringUnits,10119,Variable
GranulateDryingDeviceType_Dryer_Bins_Bin_Nr_ConeTemperature_MaxValue_InstrumentRange,10120,Variable
GranulateDryingDeviceType_Dryer_Bins_Bin_Nr_ConeTemperature_MaxValue_ValuePrecision,10121,Variable
GranulateDryingDeviceType_Dryer_Bins_Bin_Nr_ConeTemperature_MinValue_Definition,10122,Variable
GranulateDryingDeviceType_Dryer_Bins_Bin_Nr_ConeTemperature_MinValue_EngineeringUnits,10123,Variable
GranulateDryingDeviceType_Dryer_Bins_Bin_Nr_ConeTemperature_MinValue_InstrumentRange,10124,Variable
GranulateDryingDeviceType_Dryer_Bins_Bin_Nr_ConeTemperature_MinValue_ValuePrecision,10125,Variable
GranulateDryingDeviceType_Dryer_Bins_Bin_Nr_ConeTemperature_MonitoringSensitivity_Definition,10126,Variable
GranulateDryingDeviceType_Dryer_Bins_Bin_Nr_ConeTemperature_MonitoringSensitivity_ValuePrecision,10127,Variable
GranulateDryingDeviceType_Dryer_Bins_Bin_Nr_ConeTemperature_SetRampDown_Definition,10128,Variable
GranulateDryingDeviceType_Dryer_Bins_Bin_Nr_ConeTemperature_SetRampDown_EngineeringUnits,10129,Variable
GranulateDryingDeviceType_Dryer_Bins_Bin_Nr_ConeTemperature_SetRampDown_InstrumentRange,10130,Variable
GranulateDryingDeviceType_Dryer_Bins_Bin_Nr_ConeTemperature_SetRampDown_ValuePrecision,10131,Variable
GranulateDryingDeviceType_Dryer_Bins_Bin_Nr_ConeTemperature_SetRampUp_Definition,10132,Variable
GranulateDryingDeviceType_Dryer_Bins_Bin_Nr_ConeTemperature_SetRampUp_EngineeringUnits,10133,Variable
GranulateDryingDeviceType_Dryer_Bins_Bin_Nr_ConeTemperature_SetRampUp_InstrumentRange,10134,Variable
GranulateDryingDeviceType_Dryer_Bins_Bin_Nr_ConeTemperature_SetRampUp_ValuePrecision,10135,Variable
GranulateDryingDeviceType_Dryer_Bins_Bin_Nr_ConeTemperature_SetValue_Definition,10136,Variable
GranulateDryingDeviceType_Dryer_Bins_Bin_Nr_ConeTemperature_SetValue_EngineeringUnits,10137,Variable
GranulateDryingDeviceType_Dryer_Bins_Bin_Nr_ConeTemperature_SetValue_InstrumentRange,10138,Variable
GranulateDryingDeviceType_Dryer_Bins_Bin_Nr_ConeTemperature_SetValue_ValuePrecision,10139,Variable
GranulateDryingDeviceType_Dryer_Bins_Bin_Nr_ConeTemperature_Status_Definition,10140,Variable
GranulateDryingDeviceType_Dryer_Bins_Bin_Nr_ConeTemperature_Status_ValuePrecision,10141,Variable
GranulateDryingDeviceType_Dryer_Bins_Bin_Nr_ConeTemperature_UpperTolerance_Definition,10142,Variable
GranulateDryingDeviceType_Dryer_Bins_Bin_Nr_ConeTemperature_UpperTolerance_EngineeringUnits,10143,Variable
GranulateDryingDeviceType_Dryer_Bins_Bin_Nr_ConeTemperature_UpperTolerance_InstrumentRange,10144,Variable
GranulateDryingDeviceType_Dryer_Bins_Bin_Nr_ConeTemperature_UpperTolerance_ValuePrecision,10145,Variable
GranulateDryingDeviceType_Dryer_Bins_Bin_Nr_ConeTemperature_UpperTolerance2_Definition,10146,Variable
GranulateDryingDeviceType_Dryer_Bins_Bin_Nr_ConeTemperature_UpperTolerance2_EngineeringUnits,10147,Variable
GranulateDryingDeviceType_Dryer_Bins_Bin_Nr_ConeTemperature_UpperTolerance2_InstrumentRange,10148,Variable
GranulateDryingDeviceType_Dryer_Bins_Bin_Nr_ConeTemperature_UpperTolerance2_ValuePrecision,10149,Variable
GranulateDryingDeviceType_Dryer_Bins_Bin_Nr_CylinderTemperature_ActualValue_Definition,10150,Variable
GranulateDryingDeviceType_Dryer_Bins_Bin_Nr_CylinderTemperature_ActualValue_EngineeringUnits,10151,Variable
GranulateDryingDeviceType_Dryer_Bins_Bin_Nr_CylinderTemperature_ActualValue_InstrumentRange,10152,Variable
GranulateDryingDeviceType_Dryer_Bins_Bin_Nr_CylinderTemperature_ActualValue_ValuePrecision,10153,Variable
GranulateDryingDeviceType_Dryer_Bins_Bin_Nr_CylinderTemperature_AlarmSuppression_Definition,10154,Variable
GranulateDryingDeviceType_Dryer_Bins_Bin_Nr_CylinderTemperature_AlarmSuppression_ValuePrecision,10155,Variable
GranulateDryingDeviceType_Dryer_Bins_Bin_Nr_CylinderTemperature_LowerTolerance_Definition,10156,Variable
GranulateDryingDeviceType_Dryer_Bins_Bin_Nr_CylinderTemperature_LowerTolerance_EngineeringUnits,10157,Variable
GranulateDryingDeviceType_Dryer_Bins_Bin_Nr_CylinderTemperature_LowerTolerance_InstrumentRange,10158,Variable
GranulateDryingDeviceType_Dryer_Bins_Bin_Nr_CylinderTemperature_LowerTolerance_ValuePrecision,10159,Variable
GranulateDryingDeviceType_Dryer_Bins_Bin_Nr_CylinderTemperature_LowerTolerance2_Definition,10160,Variable
GranulateDryingDeviceType_Dryer_Bins_Bin_Nr_CylinderTemperature_LowerTolerance2_EngineeringUnits,10161,Variable
GranulateDryingDeviceType_Dryer_Bins_Bin_Nr_CylinderTemperature_LowerTolerance2_InstrumentRange,10162,Variable
GranulateDryingDeviceType_Dryer_Bins_Bin_Nr_CylinderTemperature_LowerTolerance2_ValuePrecision,10163,Variable
GranulateDryingDeviceType_Dryer_Bins_Bin_Nr_CylinderTemperature_MaxValue_Definition,10164,Variable
GranulateDryingDeviceType_Dryer_Bins_Bin_Nr_CylinderTemperature_MaxValue_EngineeringUnits,10165,Variable
GranulateDryingDeviceType_Dryer_Bins_Bin_Nr_CylinderTemperature_MaxValue_InstrumentRange,10166,Variable
GranulateDryingDeviceType_Dryer_Bins_Bin_Nr_CylinderTemperature_MaxValue_ValuePrecision,10167,Variable
GranulateDryingDeviceType_Dryer_Bins_Bin_Nr_CylinderTemperature_MinValue_Definition,10168,Variable
GranulateDryingDeviceType_Dryer_Bins_Bin_Nr_CylinderTemperature_MinValue_EngineeringUnits,10169,Variable
GranulateDryingDeviceType_Dryer_Bins_Bin_Nr_CylinderTemperature_MinValue_InstrumentRange,10170,Variable
GranulateDryingDeviceType_Dryer_Bins_Bin_Nr_CylinderTemperature_MinValue_ValuePrecision,10171,Variable
GranulateDryingDeviceType_Dryer_Bins_Bin_Nr_CylinderTemperature_MonitoringSensitivity_Definition,10172,Variable
GranulateDryingDeviceType_Dryer_Bins_Bin_Nr_CylinderTemperature_MonitoringSensitivity_ValuePrecision,10173,Variable
GranulateDryingDeviceType_Dryer_Bins_Bin_Nr_CylinderTemperature_SetRampDown_Definition,10174,Variable
GranulateDryingDeviceType_Dryer_Bins_Bin_Nr_CylinderTemperature_SetRampDown_EngineeringUnits,10175,Variable
GranulateDryingDeviceType_Dryer_Bins_Bin_Nr_CylinderTemperature_SetRampDown_InstrumentRange,10176,Variable
GranulateDryingDeviceType_Dryer_Bins_Bin_Nr_CylinderTemperature_SetRampDown_ValuePrecision,10177,Variable
GranulateDryingDeviceType_Dryer_Bins_Bin_Nr_CylinderTemperature_SetRampUp_Definition,10178,Variable
GranulateDryingDeviceType_Dryer_Bins_Bin_Nr_CylinderTemperature_SetRampUp_EngineeringUnits,10179,Variable
GranulateDryingDeviceType_Dryer_Bins_Bin_Nr_CylinderTemperature_SetRampUp_InstrumentRange,10180,Variable
GranulateDryingDeviceType_Dryer_Bins_Bin_Nr_CylinderTemperature_SetRampUp_ValuePrecision,10181,Variable
GranulateDryingDeviceType_Dryer_Bins_Bin_Nr_CylinderTemperature_SetValue_Definition,10182,Variable
GranulateDryingDeviceType_Dryer_Bins_Bin_Nr_CylinderTemperature_SetValue_EngineeringUnits,10183,Variable
GranulateDryingDeviceType_Dryer_Bins_Bin_Nr_CylinderTemperature_SetValue_InstrumentRange,10184,Variable
GranulateDryingDeviceType_Dryer_Bins_Bin_Nr_CylinderTemperature_SetValue_ValuePrecision,10185,Variable
GranulateDryingDeviceType_Dryer_Bins_Bin_Nr_CylinderTemperature_Status_Definition,10186,Variable
GranulateDryingDeviceType_Dryer_Bins_Bin_Nr_CylinderTemperature_Status_ValuePrecision,10187,Variable
GranulateDryingDeviceType_Dryer_Bins_Bin_Nr_CylinderTemperature_UpperTolerance_Definition,10188,Variable
GranulateDryingDeviceType_Dryer_Bins_Bin_Nr_CylinderTemperature_UpperTolerance_EngineeringUnits,10189,Variable
GranulateDryingDeviceType_Dryer_Bins_Bin_Nr_CylinderTemperature_UpperTolerance_InstrumentRange,10190,Variable
GranulateDryingDeviceType_Dryer_Bins_Bin_Nr_CylinderTemperature_UpperTolerance_ValuePrecision,10191,Variable
GranulateDryingDeviceType_Dryer_Bins_Bin_Nr_CylinderTemperature_UpperTolerance2_Definition,10192,Variable
GranulateDryingDeviceType_Dryer_Bins_Bin_Nr_CylinderTemperature_UpperTolerance2_EngineeringUnits,10193,Variable
GranulateDryingDeviceType_Dryer_Bins_Bin_Nr_CylinderTemperature_UpperTolerance2_InstrumentRange,10194,Variable
GranulateDryingDeviceType_Dryer_Bins_Bin_Nr_CylinderTemperature_UpperTolerance2_ValuePrecision,10195,Variable
